
/*!40101 SET @OLD_CHARACTER_SET_CLIENT=@@CHARACTER_SET_CLIENT */;
/*!40101 SET @OLD_CHARACTER_SET_RESULTS=@@CHARACTER_SET_RESULTS */;
/*!40101 SET @OLD_COLLATION_CONNECTION=@@COLLATION_CONNECTION */;
/*!40101 SET NAMES utf8mb4 */;
/*!40103 SET @OLD_TIME_ZONE=@@TIME_ZONE */;
/*!40103 SET TIME_ZONE='+00:00' */;
/*!40014 SET @OLD_UNIQUE_CHECKS=@@UNIQUE_CHECKS, UNIQUE_CHECKS=0 */;
/*!40014 SET @OLD_FOREIGN_KEY_CHECKS=@@FOREIGN_KEY_CHECKS, FOREIGN_KEY_CHECKS=0 */;
/*!40101 SET @OLD_SQL_MODE=@@SQL_MODE, SQL_MODE='NO_AUTO_VALUE_ON_ZERO' */;
/*!40111 SET @OLD_SQL_NOTES=@@SQL_NOTES, SQL_NOTES=0 */;
/*!50717 SELECT COUNT(*) INTO @rocksdb_has_p_s_session_variables FROM INFORMATION_SCHEMA.TABLES WHERE TABLE_SCHEMA = 'performance_schema' AND TABLE_NAME = 'session_variables' */;
/*!50717 SET @rocksdb_get_is_supported = IF (@rocksdb_has_p_s_session_variables, 'SELECT COUNT(*) INTO @rocksdb_is_supported FROM performance_schema.session_variables WHERE VARIABLE_NAME=\'rocksdb_bulk_load\'', 'SELECT 0') */;
/*!50717 PREPARE s FROM @rocksdb_get_is_supported */;
/*!50717 EXECUTE s */;
/*!50717 DEALLOCATE PREPARE s */;
/*!50717 SET @rocksdb_enable_bulk_load = IF (@rocksdb_is_supported, 'SET SESSION rocksdb_bulk_load = 1', 'SET @rocksdb_dummy_bulk_load = 0') */;
/*!50717 PREPARE s FROM @rocksdb_enable_bulk_load */;
/*!50717 EXECUTE s */;
/*!50717 DEALLOCATE PREPARE s */;
DROP TABLE IF EXISTS `analytics_graph_details`;
/*!40101 SET @saved_cs_client     = @@character_set_client */;
/*!40101 SET character_set_client = utf8 */;
CREATE TABLE `analytics_graph_details` (
  `id` int(10) unsigned NOT NULL AUTO_INCREMENT,
  `analytics_graph_id` int(11) DEFAULT '0',
  `graph_heading` varchar(191) COLLATE utf8mb4_unicode_ci DEFAULT NULL,
  `graph_category` varchar(500) COLLATE utf8mb4_unicode_ci NOT NULL,
  `graph_value` varchar(500) COLLATE utf8mb4_unicode_ci DEFAULT NULL,
  `graph_heading1` varchar(191) COLLATE utf8mb4_unicode_ci DEFAULT NULL,
  `graph_category1` varchar(191) COLLATE utf8mb4_unicode_ci DEFAULT NULL,
  `graph_value1` varchar(191) COLLATE utf8mb4_unicode_ci DEFAULT NULL,
  `graph_heading2` varchar(191) COLLATE utf8mb4_unicode_ci DEFAULT NULL,
  `graph_category2` varchar(191) COLLATE utf8mb4_unicode_ci DEFAULT NULL,
  `graph_value2` varchar(191) COLLATE utf8mb4_unicode_ci DEFAULT NULL,
  `graph_heading3` varchar(191) COLLATE utf8mb4_unicode_ci DEFAULT NULL,
  `created_at` timestamp NULL DEFAULT NULL,
  `updated_at` timestamp NULL DEFAULT NULL,
  `deleted_at` timestamp NULL DEFAULT NULL,
  PRIMARY KEY (`id`)
) ENGINE=MyISAM AUTO_INCREMENT=223 DEFAULT CHARSET=utf8mb4 COLLATE=utf8mb4_unicode_ci;
/*!40101 SET character_set_client = @saved_cs_client */;

LOCK TABLES `analytics_graph_details` WRITE;
/*!40000 ALTER TABLE `analytics_graph_details` DISABLE KEYS */;
INSERT INTO `analytics_graph_details` VALUES (215,4,'AUM','Commercial-Vehicle','97149',NULL,NULL,NULL,NULL,NULL,NULL,NULL,'2020-12-04 18:13:04',NULL,NULL),(178,5,'Shareholding Pattern','TPG','17.42',NULL,NULL,NULL,NULL,NULL,NULL,NULL,'2020-12-04 17:58:39',NULL,NULL),(177,5,'Shareholding Pattern','Promoters','41.25',NULL,NULL,NULL,NULL,NULL,NULL,NULL,'2020-12-04 17:58:39',NULL,NULL),(203,1,'17-18','Net Interest Income','81','18-19','Net Interest Income','224','19-20','Net Interest Income','313',NULL,'2020-12-04 18:11:04',NULL,NULL),(213,4,'AUM','MSME','5185',NULL,NULL,NULL,NULL,NULL,NULL,NULL,'2020-12-04 18:13:04',NULL,NULL),(221,3,'17-18','Asset Under Management','1033','18-19','Asset Under Management','2001','19-20','Asset Under Management','2986',NULL,'2021-02-24 11:14:44',NULL,NULL),(205,1,'17-18','Profit After Tax','22','18-19','Profit After Tax','63','19-20','Profit After Tax','79',NULL,'2020-12-04 18:11:04',NULL,NULL),(202,2,'17-18','Human Resource ( in Ten\'s)','194','18-19','Human Resource ( in Ten\'s)','276','19-20','Human Resource ( in Ten\'s)','358',NULL,'2020-12-04 18:10:28',NULL,NULL),(204,1,'17-18','Total Income','227','18-19','Total Income','381','19-20','Total Income','582',NULL,'2020-12-04 18:11:04',NULL,NULL),(214,4,'AUM','Two-Wheeler','27882',NULL,NULL,NULL,NULL,NULL,NULL,NULL,'2020-12-04 18:13:04',NULL,NULL),(200,2,'17-18','Branches','238','18-19','Branches','262','19-20','Branches','325',NULL,'2020-12-04 18:10:28',NULL,NULL),(222,3,'17-18','Disbursement','1032','18-19','Disbursement','1551','19-20','Disbursement','2194',NULL,'2021-02-24 11:14:44',NULL,NULL),(179,5,'Shareholding Pattern','Baring Private Equity India AIF','6.11',NULL,NULL,NULL,NULL,NULL,NULL,NULL,'2020-12-04 17:58:39',NULL,NULL),(180,5,'Shareholding Pattern','Norwest Venture Partners X-Mauriutius','24.91',NULL,NULL,NULL,NULL,NULL,NULL,NULL,'2020-12-04 17:58:39',NULL,NULL),(181,5,'Shareholding Pattern','Evolvence Coinvest 1','7.54',NULL,NULL,NULL,NULL,NULL,NULL,NULL,'2020-12-04 17:58:39',NULL,NULL),(182,5,'Shareholding Pattern','Karma holding Mauritius Limited','1.85',NULL,NULL,NULL,NULL,NULL,NULL,NULL,'2020-12-04 17:58:39',NULL,NULL),(183,5,'Shareholding Pattern','Evolvence India Fund III Ltd','0.92',NULL,NULL,NULL,NULL,NULL,NULL,NULL,'2020-12-04 17:58:39',NULL,NULL),(212,4,'AUM','Machines','28185',NULL,NULL,NULL,NULL,NULL,NULL,NULL,'2020-12-04 18:13:04',NULL,NULL),(201,2,'17-18','Customer Base (in 000\'s)','80','18-19','Customer Base (in 000\'s)','118','19-20','Customer Base (in 000\'s)','158',NULL,'2020-12-04 18:10:28',NULL,NULL),(220,3,'17-18','Net Worth','206','18-19','Net Worth','563','19-20','Net Worth','879',NULL,'2021-02-24 11:14:44',NULL,NULL);
/*!40000 ALTER TABLE `analytics_graph_details` ENABLE KEYS */;
UNLOCK TABLES;
DROP TABLE IF EXISTS `analytics_graphs`;
/*!40101 SET @saved_cs_client     = @@character_set_client */;
/*!40101 SET character_set_client = utf8 */;
CREATE TABLE `analytics_graphs` (
  `id` int(10) unsigned NOT NULL AUTO_INCREMENT,
  `parent_id` int(11) DEFAULT '0',
  `lft` int(10) unsigned DEFAULT NULL,
  `rgt` int(10) unsigned DEFAULT NULL,
  `depth` int(10) unsigned DEFAULT NULL,
  `analytics_title` varchar(191) COLLATE utf8mb4_unicode_ci NOT NULL,
  `analytics_Ylable` varchar(191) COLLATE utf8mb4_unicode_ci DEFAULT NULL,
  `remarks` text COLLATE utf8mb4_unicode_ci,
  `created_at` timestamp NULL DEFAULT NULL,
  `updated_at` timestamp NULL DEFAULT NULL,
  `deleted_at` timestamp NULL DEFAULT NULL,
  PRIMARY KEY (`id`)
) ENGINE=MyISAM AUTO_INCREMENT=6 DEFAULT CHARSET=utf8mb4 COLLATE=utf8mb4_unicode_ci;
/*!40101 SET character_set_client = @saved_cs_client */;

LOCK TABLES `analytics_graphs` WRITE;
/*!40000 ALTER TABLE `analytics_graphs` DISABLE KEYS */;
INSERT INTO `analytics_graphs` VALUES (1,NULL,NULL,NULL,NULL,'Performance Highlights','Rs. in Cr.',NULL,NULL,'2020-12-04 18:11:04',NULL),(2,NULL,NULL,NULL,NULL,'Expansion Highlights',NULL,NULL,NULL,'2020-12-04 18:10:28',NULL),(3,NULL,NULL,NULL,NULL,'Financial Highlights','Rs. in Cr.',NULL,NULL,'2020-12-04 18:12:03',NULL),(4,NULL,NULL,NULL,NULL,'AUM - 31st March 2020',NULL,NULL,NULL,'2020-12-04 18:13:04',NULL),(5,0,NULL,NULL,NULL,'Shareholding Pattern',NULL,NULL,'2020-11-09 20:32:38','2020-12-04 17:58:39',NULL);
/*!40000 ALTER TABLE `analytics_graphs` ENABLE KEYS */;
UNLOCK TABLES;
DROP TABLE IF EXISTS `article_category`;
/*!40101 SET @saved_cs_client     = @@character_set_client */;
/*!40101 SET character_set_client = utf8 */;
CREATE TABLE `article_category` (
  `id` int(10) unsigned NOT NULL AUTO_INCREMENT,
  `article_id` int(10) unsigned NOT NULL,
  `category_id` int(10) unsigned NOT NULL,
  `created_at` timestamp NULL DEFAULT NULL,
  `updated_at` timestamp NULL DEFAULT NULL,
  `deleted_at` timestamp NULL DEFAULT NULL,
  PRIMARY KEY (`id`)
) ENGINE=MyISAM AUTO_INCREMENT=11 DEFAULT CHARSET=utf8mb4 COLLATE=utf8mb4_unicode_ci;
/*!40101 SET character_set_client = @saved_cs_client */;

LOCK TABLES `article_category` WRITE;
/*!40000 ALTER TABLE `article_category` DISABLE KEYS */;
INSERT INTO `article_category` VALUES (3,1,5,NULL,NULL,NULL),(4,15,4,NULL,NULL,NULL),(5,16,4,NULL,NULL,NULL),(6,17,5,NULL,NULL,NULL),(7,18,3,NULL,NULL,NULL),(8,19,2,NULL,NULL,NULL),(9,20,1,NULL,NULL,NULL),(10,21,6,NULL,NULL,NULL);
/*!40000 ALTER TABLE `article_category` ENABLE KEYS */;
UNLOCK TABLES;
DROP TABLE IF EXISTS `article_tag`;
/*!40101 SET @saved_cs_client     = @@character_set_client */;
/*!40101 SET character_set_client = utf8 */;
CREATE TABLE `article_tag` (
  `id` int(10) unsigned NOT NULL AUTO_INCREMENT,
  `article_id` int(10) unsigned NOT NULL,
  `tag_id` int(10) unsigned NOT NULL,
  `created_at` timestamp NULL DEFAULT NULL,
  `updated_at` timestamp NULL DEFAULT NULL,
  `deleted_at` timestamp NULL DEFAULT NULL,
  PRIMARY KEY (`id`)
) ENGINE=MyISAM AUTO_INCREMENT=19 DEFAULT CHARSET=utf8mb4 COLLATE=utf8mb4_unicode_ci;
/*!40101 SET character_set_client = @saved_cs_client */;

LOCK TABLES `article_tag` WRITE;
/*!40000 ALTER TABLE `article_tag` DISABLE KEYS */;
INSERT INTO `article_tag` VALUES (4,2,1,NULL,NULL,NULL),(5,2,2,NULL,NULL,NULL),(6,3,3,NULL,NULL,NULL),(7,4,1,NULL,NULL,NULL),(8,5,2,NULL,NULL,NULL),(9,6,2,NULL,NULL,NULL),(10,7,1,NULL,NULL,NULL),(11,8,2,NULL,NULL,NULL),(12,9,2,NULL,NULL,NULL),(13,10,3,NULL,NULL,NULL),(14,11,1,NULL,NULL,NULL),(15,12,2,NULL,NULL,NULL),(16,13,4,NULL,NULL,NULL),(17,14,1,NULL,NULL,NULL);
/*!40000 ALTER TABLE `article_tag` ENABLE KEYS */;
UNLOCK TABLES;
DROP TABLE IF EXISTS `articles`;
/*!40101 SET @saved_cs_client     = @@character_set_client */;
/*!40101 SET character_set_client = utf8 */;
CREATE TABLE `articles` (
  `id` int(10) unsigned NOT NULL AUTO_INCREMENT,
  `title` varchar(191) COLLATE utf8mb4_unicode_ci NOT NULL,
  `slug` varchar(191) COLLATE utf8mb4_unicode_ci NOT NULL DEFAULT '',
  `short_description` text COLLATE utf8mb4_unicode_ci,
  `content` text COLLATE utf8mb4_unicode_ci NOT NULL,
  `image` varchar(191) COLLATE utf8mb4_unicode_ci DEFAULT NULL,
  `article_pdf` varchar(191) COLLATE utf8mb4_unicode_ci DEFAULT NULL,
  `status` enum('PUBLISHED','DRAFT') COLLATE utf8mb4_unicode_ci NOT NULL DEFAULT 'PUBLISHED',
  `date` date NOT NULL,
  `featured` tinyint(1) NOT NULL DEFAULT '0',
  `created_at` timestamp NULL DEFAULT NULL,
  `updated_at` timestamp NULL DEFAULT NULL,
  `deleted_at` timestamp NULL DEFAULT NULL,
  PRIMARY KEY (`id`)
) ENGINE=MyISAM AUTO_INCREMENT=23 DEFAULT CHARSET=utf8mb4 COLLATE=utf8mb4_unicode_ci;
/*!40101 SET character_set_client = @saved_cs_client */;

LOCK TABLES `articles` WRITE;
/*!40000 ALTER TABLE `articles` DISABLE KEYS */;
INSERT INTO `articles` VALUES (1,'SKAI Launch (AI chatbot)','article1','<p>The average person uses 3-5 apps per day and the big app purge is not long away. Apps have made content delivery harder by putting multiple friction points finding the right app signing up & signing in, learning a New UI, remembering the App.</p>','<p><span style=\"font-family:Montserrat;\"><span style=\"font-size:12pt\">The average person uses 3-5 apps per day and the big app purge is not long away. Apps have made content delivery harder by putting multiple friction points finding the right app signing up &amp; signing in, learning a new UI, remembering the App. As a result, only a handful of apps have risen to the top and occupy valuable mind estate and these are the apps we use every day The other 99.99% of apps are sitting on the sideline, their tech goes unused. We have launched 4 different Bots covering the whole 360 degree view in our Eco-System. The 4 Bots serve to Customer, DSA/Dealers Business Partners and our Employees.</span></span></p>\r\n\r\n<p style=\"margin-bottom:16px\"><span style=\"font-family:Montserrat;\"><span style=\"font-size:12pt\">We at Ess Kay are already working on the same to take a great Jeap with our Business completion in terms of Service delivery Customer Onboarding, Retention and working towards better environment via Paperless delivery. Via this we shall be able to deliver great user experience with minimum intervention and negligible scalability costs.</span></span></p>','uploads/articles/skf-bot.gif',NULL,'PUBLISHED','2019-10-16',1,'2020-10-14 16:47:48','2020-12-04 18:18:48',NULL),(15,'Human Resource Activities','human-resource-activities','<p>Talent Identification & Acquisition </p>','<p><span style=\"font-family:Montserrat;\">HR function on the constant effort to identify &amp; Incept Top Talent from the market successfully on-boarded 703 employees across geographies in previous quarter. Amongst them 16 employees on boarded were are on key leadership role inclusive Mr. Nripendra Singh &ndash; Business Head Two Wheeler, Mr. Prakhar Khushwaha &ndash; Chief Product Manager, Mr. Ajay Sharma &ndash; Regional Manger Collections. Further 308 offers are in market amongst which 44 are of senior and managerial positions.</span></p>','uploads/articles/blog_image6.jpg',NULL,'PUBLISHED','2020-09-01',0,'2020-12-04 16:45:12','2020-12-04 16:47:03',NULL),(16,'Human Resource Activities','human-resource-activities-1','<p>Learning & Development </p>','<p><span style=\"font-family:Montserrat;\">Our L&amp; D team via multiple tech tools Inducted, Trained &amp; Mentored new incumbent &amp; employees at the various stages<br />\r\nof life cycle.</span><br />\r\n&nbsp;</p>\r\n\r\n<p><span style=\"font-family:Montserrat;\">1.&nbsp; In last quarter, 582 employees were inducted within rst week of joining under the Induction program<br />\r\nPrarambh.</span></p>\r\n\r\n<p><br />\r\n<span style=\"font-family:Montserrat;\">2. Under Shashaktikaram, 1339 employees were given educational capsule on Branch Audit, Branch CROP<br />\r\neffciency enhancement &amp; Motor Insurance.</span></p>\r\n\r\n<p><br />\r\n<span style=\"font-family:Montserrat;\">3. Under Arjun, 1958 employees were trained on ZIP NACH &amp; Two Wheeler &ldquo;Umang Policy&rdquo;.</span></p>\r\n\r\n<p><br />\r\n<span style=\"font-family:Montserrat;\">4. Under Jagriti, employees were trained on Chat Boat, Collection Incentive, Bharat Bill Payment Services,<br />\r\nBusiness Partner Elevation Program &amp; Kaizala.</span></p>\r\n\r\n<p><br />\r\n<span style=\"font-family:Montserrat;\">It shall be our continuous endeavor to keep the working culture motivated with knowledge building along with appreciation of efforts and time invested by each and every one of the employee for the roles they represent. The HR Team themselves took the slowdown as a buffer time available to get the company engrossed with employee involvement and development. We are happy to announce that there was no discontinuation of employees with EssKay with the underlying reason of the Pandemic. The applications for attrition received were for personal growth of employees themselves as we feel great to have provided career growth options to employees with the training and experience gained with their stint in Ess Kay.</span></p>','uploads/articles/blog_image3.jpg',NULL,'PUBLISHED','2020-09-01',0,'2020-12-04 16:56:49','2021-02-24 12:19:46',NULL),(17,'App for Video call in SME','app-for-video-call-in-sme','<p> In an initiative to make the best of the slowdown, the digital team of Ess Kay Fincorp has taken various steps in its\r\nagenda to improvise our systems and processes.</p>','<p><span style=\"font-family:Montserrat;\">App for video call in SME is enabled now for all personnel in this vertical. This reduces our TAT via eliminating physical visits to Customer location via different teams. Every team personnel can video call to the required personnel directly via app and the same is recorded, saved and tagged to the deal for future references. All the Credit personal discussions activities to Legal and technical reviews are enabled via virtual calls enabling team to work on case simultaneously and hand in hand with zero time delay.</span></p>','uploads/articles/t1.jpg',NULL,'PUBLISHED','2020-09-01',0,'2020-12-04 17:06:29','2020-12-04 17:55:24',NULL),(18,'Fund Raising Development','fund-raising-development','<p>In the month of September 2020</p>','<p><span style=\"font-family:Montserrat;\">We have raised funds to the tune of Rs. 655.38 Crores of which Rs. 370.88 Crs were raised in the quarter ended September 2020. With the total funds raised and collection effciencies hovering 95%+ which is providing us concidence that with the transactions where active conversations are live totaling to Rs. 1,300 Crores (of which Rs. 795 Crores of transactions are at very advanced stage under various levels of execution) it should provide us with ample visibility to navigate through current FY 2020-21.</span></p>\r\n\r\n<p><span style=\"font-family:Montserrat;\">The transactions closed during the Quarter ended September 2020 were diversifed cluster of Non-Convertible Debentures (NCDs), Term Loans and Pass Through Certicates (PTCs) invested/lent by Private Banks, Development Financial Institutions and Public Sector Bank. The key characteristics of these investments were as under:</span></p>','uploads/articles/C1.PNG',NULL,'PUBLISHED','2020-09-01',0,'2020-12-04 17:12:02','2020-12-04 17:12:02',NULL),(19,'Disbursements','disbursements','<p> Disbursements- Geography/State wise </p>','<p><span style=\"font-family:Montserrat;\">Covid and Lockdown impacted the country in different magnitudes depending upon the demographic distribution,<br />\r\nindustrial clusters in each state, presence of migrant class workers, concentration of population, Metro/Non Metro,<br />\r\nRural/Urban/Semi-urban and various other parameters. While what stands to the advantage of Ess Kay is that we<br />\r\noperate 97% in the rural and semi-urban geographies and 3% in Urban, and the rst and foremost determining factor<br />\r\nto understand the impact of Covid was that the pandemic interrupted the normal routine in the urban areas which<br />\r\nhad mass concentration of population and where social distancing norms were difcult to follow to avoid the spread.<br />\r\nAs we can see in the graph above, post pandemic we started with our disbursals in Rajasthan, Punjab, Gujarat and<br />\r\nMadhya Pradesh since these geographies showed lesser impact of Covid and Lockdown and large spread of<br />\r\nagricultural activities boosted the money ow in these regions. We gradually increased our reach in other states as<br />\r\nwell that we operate in after the unlock was widened in Maharashtra and Haryana in Q2 FY 2021 which we also drew<br />\r\ncomfort from resumption of economic activities and deployment of vehicle in income generating activities.</span></p>','uploads/articles/D1.PNG',NULL,'PUBLISHED','2020-09-01',0,'2020-12-04 17:18:59','2020-12-04 17:18:59',NULL),(20,'Collection Efficiencies','collection-efficiencies','<p>What helped improvise the Collection Efficiencies?</p>','<p><span style=\"font-family:Montserrat;\">i. The frst and primary factor as explained above is Customer Education</span></p>\r\n\r\n<p><br />\r\n<span style=\"font-family:Montserrat;\">ii. The routing of the Entire Sales and Collection Team towards collection reminders from all the customers and<br />\r\nregular follow ups from customers who did not pay EMI on the exact due dates</span></p>\r\n\r\n<p><br />\r\n<span style=\"font-family:Montserrat;\">iii. Collection from customers through other means of repayment as would be convenient to customers and keeping<br />\r\nall options open for it</span></p>\r\n\r\n<p><br />\r\n<span style=\"font-family:Montserrat;\">iv. Rural and Semi Urban Concentration of book to the extent of 97% which was not impacted due to Covid played a<br />\r\nmajor role in bringing back the collection efciencies at Pre-Covid levels</span></p>\r\n\r\n<p><br />\r\n<span style=\"font-family:Montserrat;\">v. Dependency on agriculture, cattle farming and other secondary sources of income from primary sector of<br />\r\neconomy strengthened the ability to pay. Good Monsoons and resultant bumper Rabi and Kharif Harvest helped<br />\r\nthe wheel running for income generation of the customers</span></p>\r\n\r\n<p><br />\r\n<span style=\"font-family:Montserrat;\">vi. Collateral investigation made mandatory at DDE Stage and from now onwards branch crop user have to ll<br />\r\ninformation in collateral investigation mandatorily</span></p>','uploads/articles/blog_image8.jpg',NULL,'PUBLISHED','2020-09-01',0,'2020-12-04 17:21:38','2020-12-04 17:21:38',NULL),(21,'Quarterly Journal','quarterly-journal','<p>Quarterly Journal for September month </p>','<p><span style=\"font-family:Montserrat;\">Ess Kay Fincorp is pleased to release the next edition of the Journal which runs pass through the various developments that took place in September 2020 and are resultant of the conservative steps taken in Q1 FY 2021 while we were preparing for the comeback from the Slow Down.</span></p>\r\n\r\n<p><br />\r\n<span style=\"font-family:Montserrat;\">We are thankful to all our stakeholders to have demonstrated their trust in our business and our customers to have abided by their debt obligations and maintained a disciplined repayment behavior. While the pandemic is yet in the system, we believe the economy has accommodated to the new normal and we all are in our own ways finding out means and measures to continue to operate without further interruptions. We are excited to work over the next half of the year since the unlock phases have almost freed the scope of operations for all sectors of the economy and we have a lot in agenda which includes staying connected and justifying the continuous support and concidence extended by each one of you.\\</span></p>\r\n\r\n<p><br />\r\n<span style=\"font-family:Montserrat;\">We are engaged in testing and modifying our business continuity plans and making the system strong and robust to such challenges which though temporary can cause slowdowns. We are grateful to these tough times since it allowed to pause, look back, analyze and bring in action necessary changes in the system to make it abreast with forward looking changes. We believe each element that makes a business idea a functional machine needs to be polished and lubricated for keeping up the pace with which it has to run the show. We are happy to know that the processes and systems which we were operating upon for years were resilient to such a pandemic situation and the solutions offered by these processes helped us come out of the slowdown and gear up to run at Pre Covid Levels.</span></p>\r\n\r\n<p><br />\r\n<span style=\"font-family:Montserrat;\">The results that have come out is a joint effort of the entire family of Ess Kay and we have been proud over our system to have people who kept value adding when the situation demanded out of box thinking. We have been on the ground and very close to our customers because of which we understand what does our target market and audience demand and so, we can effectively reciprocate to the call of action. We thank each and every one guiding and executing the action plan and we hope to make the next half year a very productive one.</span><br />\r\n&nbsp;</p>','uploads/articles/blog_image9.jpg','uploads/article_pdf/Ess Kay Journal _Sept\' 20.pdf','PUBLISHED','2020-09-01',0,'2020-12-04 17:27:24','2020-12-04 17:27:24',NULL);
/*!40000 ALTER TABLE `articles` ENABLE KEYS */;
UNLOCK TABLES;
DROP TABLE IF EXISTS `asset_classes`;
/*!40101 SET @saved_cs_client     = @@character_set_client */;
/*!40101 SET character_set_client = utf8 */;
CREATE TABLE `asset_classes` (
  `id` bigint(20) unsigned NOT NULL AUTO_INCREMENT,
  `name` varchar(191) COLLATE utf8mb4_unicode_ci NOT NULL,
  `created_at` timestamp NULL DEFAULT NULL,
  `updated_at` timestamp NULL DEFAULT NULL,
  PRIMARY KEY (`id`),
  UNIQUE KEY `asset_classes_name_unique` (`name`)
) ENGINE=MyISAM AUTO_INCREMENT=4 DEFAULT CHARSET=utf8mb4 COLLATE=utf8mb4_unicode_ci;
/*!40101 SET character_set_client = @saved_cs_client */;

LOCK TABLES `asset_classes` WRITE;
/*!40000 ALTER TABLE `asset_classes` DISABLE KEYS */;
INSERT INTO `asset_classes` VALUES (1,'Micro Finance','2020-09-29 15:12:48','2020-12-14 12:21:12'),(2,'Small Finance Loans','2020-09-29 15:12:48','2020-12-14 12:20:40'),(3,'School Finance','2020-09-29 15:12:48','2020-12-14 12:19:59');
/*!40000 ALTER TABLE `asset_classes` ENABLE KEYS */;
UNLOCK TABLES;
DROP TABLE IF EXISTS `asset_quality`;
/*!40101 SET @saved_cs_client     = @@character_set_client */;
/*!40101 SET character_set_client = utf8 */;
CREATE TABLE `asset_quality` (
  `id` bigint(20) unsigned NOT NULL AUTO_INCREMENT,
  `geographical_diversification` varchar(191) COLLATE utf8mb4_unicode_ci NOT NULL,
  `amount_percentage1` decimal(8,2) DEFAULT NULL,
  `amount_percentage2` decimal(8,2) DEFAULT NULL,
  `amount_percentage3` decimal(8,2) DEFAULT NULL,
  `amount_percentage4` decimal(8,2) DEFAULT NULL,
  `amount_percentage5` decimal(8,2) DEFAULT NULL,
  `amount_percentage6` decimal(8,2) DEFAULT NULL,
  `amount_percentage7` decimal(8,2) DEFAULT NULL,
  `amount_percentage8` decimal(8,2) DEFAULT NULL,
  `asset_quality_status` tinyint(1) NOT NULL DEFAULT '0',
  `created_at` timestamp NULL DEFAULT NULL,
  `updated_at` timestamp NULL DEFAULT NULL,
  `deleted_at` timestamp NULL DEFAULT NULL,
  PRIMARY KEY (`id`)
) ENGINE=MyISAM AUTO_INCREMENT=4 DEFAULT CHARSET=utf8mb4 COLLATE=utf8mb4_unicode_ci;
/*!40101 SET character_set_client = @saved_cs_client */;

LOCK TABLES `asset_quality` WRITE;
/*!40000 ALTER TABLE `asset_quality` DISABLE KEYS */;
INSERT INTO `asset_quality` VALUES (1,'Assets1',2.59,2.12,1.68,2.62,2.39,2.28,2.30,1.97,1,'2021-03-08 09:38:43','2021-03-08 09:38:43',NULL),(2,'Assets2',3.21,2.21,2.70,3.24,2.92,2.65,2.78,2.22,1,'2021-03-08 09:38:43','2021-03-08 09:38:43',NULL),(3,'Assets3',4.64,3.81,4.67,4.95,3.29,3.08,3.26,3.14,1,'2021-03-08 09:38:43','2021-03-30 16:11:20',NULL);
/*!40000 ALTER TABLE `asset_quality` ENABLE KEYS */;
UNLOCK TABLES;
DROP TABLE IF EXISTS `banking_arrangment`;
/*!40101 SET @saved_cs_client     = @@character_set_client */;
/*!40101 SET character_set_client = utf8 */;
CREATE TABLE `banking_arrangment` (
  `id` bigint(20) unsigned NOT NULL AUTO_INCREMENT,
  `parent_id` int(11) DEFAULT NULL,
  `name` varchar(191) COLLATE utf8mb4_unicode_ci NOT NULL,
  `lft` int(11) DEFAULT NULL,
  `rgt` int(11) DEFAULT NULL,
  `depth` int(11) DEFAULT NULL,
  `created_at` timestamp NULL DEFAULT NULL,
  `updated_at` timestamp NULL DEFAULT NULL,
  PRIMARY KEY (`id`)
) ENGINE=MyISAM AUTO_INCREMENT=13 DEFAULT CHARSET=utf8mb4 COLLATE=utf8mb4_unicode_ci;
/*!40101 SET character_set_client = @saved_cs_client */;

LOCK TABLES `banking_arrangment` WRITE;
/*!40000 ALTER TABLE `banking_arrangment` DISABLE KEYS */;
INSERT INTO `banking_arrangment` VALUES (1,NULL,'TL - Secured',2,3,1,NULL,'2020-12-14 12:28:52'),(2,NULL,'TL - Unsecured',4,5,1,NULL,'2020-10-28 15:01:54'),(3,NULL,'TL - Tier 2',6,7,1,NULL,'2020-10-28 15:01:54'),(4,NULL,'NCD - Secured',8,9,1,NULL,'2020-10-28 15:01:54'),(5,NULL,'NCD - Unsecured',10,11,1,NULL,'2020-10-28 15:01:54'),(6,NULL,'NCD - Tier 2',12,13,1,NULL,'2020-10-28 15:01:55'),(7,NULL,'CC - NCDL',14,15,1,NULL,'2020-10-28 15:01:55'),(8,NULL,'CC - CC',16,17,1,NULL,'2020-10-28 15:01:55'),(9,NULL,'CC - RCF',18,19,1,NULL,'2020-10-28 15:01:55'),(10,NULL,'DA (Investor Portion)',20,21,1,NULL,'2020-10-28 15:01:55'),(11,NULL,'PTC (Investor Portion)',22,23,1,NULL,'2020-10-28 15:01:55');
/*!40000 ALTER TABLE `banking_arrangment` ENABLE KEYS */;
UNLOCK TABLES;
DROP TABLE IF EXISTS `categories`;
/*!40101 SET @saved_cs_client     = @@character_set_client */;
/*!40101 SET character_set_client = utf8 */;
CREATE TABLE `categories` (
  `id` int(10) unsigned NOT NULL AUTO_INCREMENT,
  `parent_id` int(11) DEFAULT '0',
  `lft` int(10) unsigned DEFAULT NULL,
  `rgt` int(10) unsigned DEFAULT NULL,
  `depth` int(10) unsigned DEFAULT NULL,
  `name` varchar(191) COLLATE utf8mb4_unicode_ci NOT NULL,
  `slug` varchar(191) COLLATE utf8mb4_unicode_ci NOT NULL,
  `created_at` timestamp NULL DEFAULT NULL,
  `updated_at` timestamp NULL DEFAULT NULL,
  `deleted_at` timestamp NULL DEFAULT NULL,
  PRIMARY KEY (`id`),
  UNIQUE KEY `categories_slug_unique` (`slug`)
) ENGINE=MyISAM AUTO_INCREMENT=7 DEFAULT CHARSET=utf8mb4 COLLATE=utf8mb4_unicode_ci;
/*!40101 SET character_set_client = @saved_cs_client */;

LOCK TABLES `categories` WRITE;
/*!40000 ALTER TABLE `categories` DISABLE KEYS */;
INSERT INTO `categories` VALUES (1,NULL,2,3,1,'Collections','Collections',NULL,'2020-10-28 17:22:46',NULL),(2,NULL,4,5,1,'Disbursements','Disbursements',NULL,'2020-10-28 17:22:29',NULL),(3,NULL,6,7,1,'Fund raising and Liquidity','Fund raising and Liquidity',NULL,'2020-12-04 17:52:46',NULL),(4,NULL,8,9,1,'Human Resource','Human Resource',NULL,'2020-10-28 17:21:47',NULL),(5,NULL,10,11,1,'Tech development','Tech development',NULL,'2020-10-28 17:21:21',NULL),(6,NULL,12,13,1,'Quaterly Journal','Quaterly Journal',NULL,'2020-10-28 17:21:01',NULL);
/*!40000 ALTER TABLE `categories` ENABLE KEYS */;
UNLOCK TABLES;
DROP TABLE IF EXISTS `collection_efficiency`;
/*!40101 SET @saved_cs_client     = @@character_set_client */;
/*!40101 SET character_set_client = utf8 */;
CREATE TABLE `collection_efficiency` (
  `id` bigint(20) unsigned NOT NULL AUTO_INCREMENT,
  `heading_graph1` varchar(191) COLLATE utf8mb4_unicode_ci NOT NULL,
  `amount_graph1` decimal(8,2) DEFAULT NULL,
  `heading_graph2` varchar(191) COLLATE utf8mb4_unicode_ci DEFAULT NULL,
  `amount_graph2` decimal(8,2) DEFAULT NULL,
  `collection_efficiency_status` tinyint(1) NOT NULL DEFAULT '0',
  `created_at` timestamp NULL DEFAULT NULL,
  `updated_at` timestamp NULL DEFAULT NULL,
  `deleted_at` timestamp NULL DEFAULT NULL,
  PRIMARY KEY (`id`)
) ENGINE=MyISAM AUTO_INCREMENT=14 DEFAULT CHARSET=utf8mb4 COLLATE=utf8mb4_unicode_ci;
/*!40101 SET character_set_client = @saved_cs_client */;

LOCK TABLES `collection_efficiency` WRITE;
/*!40000 ALTER TABLE `collection_efficiency` DISABLE KEYS */;
INSERT INTO `collection_efficiency` VALUES (2,'FY 17',95.50,'FY 17',94.50,1,'2021-03-09 06:30:24','2021-04-05 17:44:34',NULL),(3,'FY 18',98.08,'FY 18',97.08,1,'2021-03-09 06:30:24','2021-04-05 17:44:36',NULL),(4,'FY 19',97.16,'FY 19',96.16,1,'2021-03-09 06:30:24','2021-04-05 17:44:43',NULL),(5,'FY20',95.76,'FY20',50.13,1,'2021-03-09 06:30:24','2021-04-06 09:52:05',NULL),(6,'Apr-2020',30.84,'Apr-2020',30.84,1,'2021-03-09 06:30:24','2021-03-09 06:30:24',NULL),(7,'May-2020',70.98,'May-2020',68.89,1,'2021-03-09 06:30:24','2021-03-09 06:30:24',NULL),(8,'Jun-2020',94.17,'Jun-2020',88.69,1,'2021-03-09 06:30:24','2021-03-09 06:30:24',NULL),(9,'Jul-2020',98.76,'Jul-2020',94.56,1,'2021-03-09 06:30:24','2021-03-09 06:30:24',NULL),(10,'Aug-2020',98.55,'Aug-2020',94.14,1,'2021-03-09 06:30:24','2021-03-09 06:30:24',NULL),(11,'Sep-2020',106.55,'Sep-2020',99.76,1,'2021-03-09 06:30:24','2021-03-09 06:30:24',NULL),(12,'Oct-2020',112.66,'Oct-2020',96.00,1,'2021-03-09 06:30:24','2021-03-09 06:30:24',NULL),(13,'Nov-2020',102.02,'Nov-2020',93.18,1,'2021-03-09 06:30:24','2021-03-09 06:30:24',NULL);
/*!40000 ALTER TABLE `collection_efficiency` ENABLE KEYS */;
UNLOCK TABLES;
DROP TABLE IF EXISTS `contact_us`;
/*!40101 SET @saved_cs_client     = @@character_set_client */;
/*!40101 SET character_set_client = utf8 */;
CREATE TABLE `contact_us` (
  `id` int(10) unsigned NOT NULL AUTO_INCREMENT,
  `first_name` varchar(191) COLLATE utf8mb4_unicode_ci NOT NULL,
  `last_name` varchar(191) COLLATE utf8mb4_unicode_ci NOT NULL,
  `email` varchar(191) COLLATE utf8mb4_unicode_ci NOT NULL,
  `telephone` varchar(191) COLLATE utf8mb4_unicode_ci NOT NULL,
  `message` text COLLATE utf8mb4_unicode_ci NOT NULL,
  `created_at` timestamp NULL DEFAULT NULL,
  `updated_at` timestamp NULL DEFAULT NULL,
  `deleted_at` timestamp NULL DEFAULT NULL,
  PRIMARY KEY (`id`)
) ENGINE=MyISAM AUTO_INCREMENT=17 DEFAULT CHARSET=utf8mb4 COLLATE=utf8mb4_unicode_ci;
/*!40101 SET character_set_client = @saved_cs_client */;

LOCK TABLES `contact_us` WRITE;
/*!40000 ALTER TABLE `contact_us` DISABLE KEYS */;
INSERT INTO `contact_us` VALUES (1,'Munjal','Mayank','munjaldevelopment@gmail.com','9462045321','My test message..',NULL,NULL,NULL),(2,'Munjal','Mayank','munjaldevelopment@gmail.com','9462045321','My test message..',NULL,NULL,NULL),(3,'Munjal','Mayank','munjaldevelopment@gmail.com','9462045321','My test message..',NULL,NULL,NULL),(4,'Munjal','Mayank','munjaldevelopment@gmail.com','9462045321','My test message..',NULL,NULL,NULL),(5,'Girish','Dangayach','jitesh@skfin.in','9876543210','My test message.',NULL,NULL,NULL),(6,'Munjal','Mayank','munjaldevelopment@gmail.com','09462045321','Thanks',NULL,NULL,NULL),(7,'Munjal','Mayank','munjaldevelopment@gmail.com','9462045321','My message',NULL,NULL,NULL),(8,'Munjal','Mayank','munjaldevelopment@gmail.com','9462045321','My message',NULL,NULL,NULL),(9,'test','test','test@gmail.com','9857774777','testing',NULL,NULL,NULL),(10,'1111111','3333333333','1122@gmail.com','ewewwewewewwewe','ee333e3e',NULL,NULL,NULL),(13,'aa','aa','aa@aa.com','aa','aaaa',NULL,NULL,NULL),(14,'aaa','11111111111','aaaaa@aaaa.com','8799999999','aaaaaa',NULL,NULL,NULL),(15,'true','Friend','truefriend83@gmail.com','9876543210','aaa',NULL,NULL,NULL),(16,'Himanshu','Swarnkar','himanshu.swarnkar@skfin.in','8005565074','This is test message. Please ignore this.',NULL,NULL,NULL);
/*!40000 ALTER TABLE `contact_us` ENABLE KEYS */;
UNLOCK TABLES;
DROP TABLE IF EXISTS `covid_relief_borrowers`;
/*!40101 SET @saved_cs_client     = @@character_set_client */;
/*!40101 SET character_set_client = utf8 */;
CREATE TABLE `covid_relief_borrowers` (
  `id` bigint(20) unsigned NOT NULL AUTO_INCREMENT,
  `particulars` varchar(191) COLLATE utf8mb4_unicode_ci NOT NULL,
  `april_20` varchar(191) COLLATE utf8mb4_unicode_ci DEFAULT NULL,
  `may_20` varchar(191) COLLATE utf8mb4_unicode_ci DEFAULT NULL,
  `june_20` varchar(191) COLLATE utf8mb4_unicode_ci DEFAULT NULL,
  `july_20` varchar(191) COLLATE utf8mb4_unicode_ci DEFAULT NULL,
  `august_20` varchar(191) COLLATE utf8mb4_unicode_ci DEFAULT NULL,
  `sept_20` varchar(191) COLLATE utf8mb4_unicode_ci DEFAULT NULL,
  `covid_relief_borrower_status` tinyint(4) DEFAULT NULL,
  `created_at` timestamp NULL DEFAULT NULL,
  `updated_at` timestamp NULL DEFAULT NULL,
  `deleted_at` timestamp NULL DEFAULT NULL,
  PRIMARY KEY (`id`)
) ENGINE=MyISAM AUTO_INCREMENT=8 DEFAULT CHARSET=utf8mb4 COLLATE=utf8mb4_unicode_ci;
/*!40101 SET character_set_client = @saved_cs_client */;

LOCK TABLES `covid_relief_borrowers` WRITE;
/*!40000 ALTER TABLE `covid_relief_borrowers` DISABLE KEYS */;
INSERT INTO `covid_relief_borrowers` VALUES (1,'  Total Portfolio (Rs. Cr)','2958','2,951','2,854','2,780','2,766','2,831',1,NULL,NULL,NULL),(2,'  Portfolio under moratorium (Rs. Cr)','1755','1,781','1,004','659','242','0',1,NULL,NULL,NULL),(3,'  % portfolio under moratorium','59%','60%','35%','24%','9%','0%',1,NULL,NULL,NULL),(4,'  Total Number of Customers','161524','160960','158359','156192','156216','159656',1,NULL,NULL,NULL),(5,'  Number of customers who opted for Moratorium','82690','82519','44661','30116','11292','0',1,NULL,NULL,NULL),(6,'  % customers opted for moratorium','51%','51%','28%','19%','7%','0%',1,NULL,NULL,NULL),(7,'  Disbursement (Rs. Crore)','-','1','8','34','80','141',1,NULL,NULL,NULL);
/*!40000 ALTER TABLE `covid_relief_borrowers` ENABLE KEYS */;
UNLOCK TABLES;
DROP TABLE IF EXISTS `covid_relief_lenders`;
/*!40101 SET @saved_cs_client     = @@character_set_client */;
/*!40101 SET character_set_client = utf8 */;
CREATE TABLE `covid_relief_lenders` (
  `id` bigint(20) unsigned NOT NULL AUTO_INCREMENT,
  `bank_name` varchar(191) COLLATE utf8mb4_unicode_ci NOT NULL,
  `april_emi` varchar(191) COLLATE utf8mb4_unicode_ci DEFAULT NULL,
  `may_emi` varchar(191) COLLATE utf8mb4_unicode_ci DEFAULT NULL,
  `covid_relief_lender_status` tinyint(4) DEFAULT NULL,
  `created_at` timestamp NULL DEFAULT NULL,
  `updated_at` timestamp NULL DEFAULT NULL,
  `deleted_at` timestamp NULL DEFAULT NULL,
  PRIMARY KEY (`id`)
) ENGINE=MyISAM AUTO_INCREMENT=10 DEFAULT CHARSET=utf8mb4 COLLATE=utf8mb4_unicode_ci;
/*!40101 SET character_set_client = @saved_cs_client */;

LOCK TABLES `covid_relief_lenders` WRITE;
/*!40000 ALTER TABLE `covid_relief_lenders` DISABLE KEYS */;
INSERT INTO `covid_relief_lenders` VALUES (1,'Indusind Bank Limited','1.2','1.2',1,NULL,NULL,NULL),(2,'  IDFC First Bank Limited','3.5','3.7',1,NULL,NULL,NULL),(3,'  Capital Small Finance Bank Ltd','0','0.3',1,NULL,NULL,NULL),(4,'  ICICI Bank','0.4','0.4',1,NULL,NULL,NULL),(5,'  Nabkisan Finance Limited','1','0.1',1,NULL,NULL,NULL),(6,'  Nabsamruddhi Finance Limited','0.2','1.4',1,NULL,NULL,NULL),(7,'  Magma Fincorp Limited','0.3','0.3',1,NULL,NULL,NULL),(8,'Vivriti Capital Private Limited','0.3','0.3',1,NULL,'2021-03-11 16:59:01',NULL);
/*!40000 ALTER TABLE `covid_relief_lenders` ENABLE KEYS */;
UNLOCK TABLES;
DROP TABLE IF EXISTS `current_deal_categories`;
/*!40101 SET @saved_cs_client     = @@character_set_client */;
/*!40101 SET character_set_client = utf8 */;
CREATE TABLE `current_deal_categories` (
  `id` bigint(20) unsigned NOT NULL AUTO_INCREMENT,
  `parent_id` int(11) DEFAULT NULL,
  `lft` int(11) DEFAULT NULL,
  `rgt` int(11) DEFAULT NULL,
  `depth` int(11) DEFAULT NULL,
  `category_code` varchar(191) COLLATE utf8mb4_unicode_ci NOT NULL,
  `category_name` varchar(191) COLLATE utf8mb4_unicode_ci NOT NULL,
  `description` text COLLATE utf8mb4_unicode_ci,
  `status` tinyint(4) DEFAULT NULL,
  `created_at` timestamp NULL DEFAULT NULL,
  `updated_at` timestamp NULL DEFAULT NULL,
  `deleted_at` timestamp NULL DEFAULT NULL,
  PRIMARY KEY (`id`),
  UNIQUE KEY `current_deal_categories_category_code_unique` (`category_code`)
) ENGINE=MyISAM AUTO_INCREMENT=5 DEFAULT CHARSET=utf8mb4 COLLATE=utf8mb4_unicode_ci;
/*!40101 SET character_set_client = @saved_cs_client */;

LOCK TABLES `current_deal_categories` WRITE;
/*!40000 ALTER TABLE `current_deal_categories` DISABLE KEYS */;
INSERT INTO `current_deal_categories` VALUES (1,NULL,NULL,NULL,NULL,'PTC','PTC','<p>PTC</p>',1,'2021-03-10 04:51:54','2021-03-10 04:53:43',NULL),(2,NULL,NULL,NULL,NULL,'NCD','NCD',NULL,1,'2021-03-10 04:54:40','2021-03-10 04:54:40',NULL),(3,NULL,NULL,NULL,NULL,'DA','DA',NULL,1,'2021-03-10 04:54:53','2021-03-10 04:54:53',NULL),(4,NULL,NULL,NULL,NULL,'NCD  - Covered MLD','NCD  - Covered MLD',NULL,1,'2021-04-08 10:50:21','2021-04-08 10:50:21',NULL);
/*!40000 ALTER TABLE `current_deal_categories` ENABLE KEYS */;
UNLOCK TABLES;
DROP TABLE IF EXISTS `current_deal_category_lender`;
/*!40101 SET @saved_cs_client     = @@character_set_client */;
/*!40101 SET character_set_client = utf8 */;
CREATE TABLE `current_deal_category_lender` (
  `current_deal_category_id` int(11) NOT NULL DEFAULT '0',
  `lender_id` int(11) NOT NULL DEFAULT '0',
  PRIMARY KEY (`current_deal_category_id`,`lender_id`),
  UNIQUE KEY `document_category_id` (`current_deal_category_id`,`lender_id`)
) ENGINE=InnoDB DEFAULT CHARSET=utf8 COLLATE=utf8_unicode_ci;
/*!40101 SET character_set_client = @saved_cs_client */;

LOCK TABLES `current_deal_category_lender` WRITE;
/*!40000 ALTER TABLE `current_deal_category_lender` DISABLE KEYS */;
INSERT INTO `current_deal_category_lender` VALUES (1,1),(1,2),(1,3),(1,4),(1,5),(1,6),(1,7),(1,8),(1,9),(1,10),(1,11),(1,12),(1,13),(1,14),(1,15),(1,16),(1,17),(1,18),(1,19),(1,20),(1,21),(1,22),(1,23),(1,24),(1,25),(1,26),(1,27),(1,28),(1,29),(1,30),(1,31),(1,32),(1,33),(1,34),(1,35),(1,36),(1,37),(1,38),(1,39),(1,40),(1,41),(1,42),(1,43),(1,44),(1,45),(1,46),(1,47),(1,48),(1,49),(1,50),(1,51),(1,52),(2,1),(2,2),(2,3),(2,4),(2,5),(2,6),(2,7),(2,8),(2,9),(2,10),(2,11),(2,12),(2,13),(2,14),(2,15),(2,16),(2,17),(2,18),(2,19),(2,20),(2,21),(2,22),(2,23),(2,24),(2,25),(2,26),(2,27),(2,28),(2,29),(2,30),(2,31),(2,32),(2,33),(2,34),(2,35),(2,36),(2,37),(2,38),(2,39),(2,40),(2,41),(2,42),(2,43),(2,44),(2,45),(2,46),(2,47),(2,48),(2,49),(2,50),(2,51),(2,52),(3,1),(3,2),(3,3),(3,4),(3,5),(3,6),(3,7),(3,8),(3,9),(3,10),(3,11),(3,12),(3,13),(3,14),(3,15),(3,16),(3,17),(3,18),(3,19),(3,20),(3,21),(3,22),(3,23),(3,24),(3,25),(3,26),(3,27),(3,28),(3,29),(3,30),(3,31),(3,32),(3,33),(3,34),(3,35),(3,36),(3,37),(3,38),(3,39),(3,40),(3,41),(3,42),(3,43),(3,44),(3,45),(3,46),(3,47),(3,48),(3,49),(3,50),(3,51),(3,52);
/*!40000 ALTER TABLE `current_deal_category_lender` ENABLE KEYS */;
UNLOCK TABLES;
DROP TABLE IF EXISTS `current_deal_category_trustee`;
/*!40101 SET @saved_cs_client     = @@character_set_client */;
/*!40101 SET character_set_client = utf8 */;
CREATE TABLE `current_deal_category_trustee` (
  `current_deal_category_id` int(11) NOT NULL DEFAULT '0',
  `trustee_id` int(11) NOT NULL DEFAULT '0',
  PRIMARY KEY (`current_deal_category_id`,`trustee_id`),
  UNIQUE KEY `document_category_id` (`current_deal_category_id`,`trustee_id`)
) ENGINE=InnoDB DEFAULT CHARSET=utf8 COLLATE=utf8_unicode_ci;
/*!40101 SET character_set_client = @saved_cs_client */;

LOCK TABLES `current_deal_category_trustee` WRITE;
/*!40000 ALTER TABLE `current_deal_category_trustee` DISABLE KEYS */;
INSERT INTO `current_deal_category_trustee` VALUES (1,1),(2,1),(3,1);
/*!40000 ALTER TABLE `current_deal_category_trustee` ENABLE KEYS */;
UNLOCK TABLES;
DROP TABLE IF EXISTS `current_deals`;
/*!40101 SET @saved_cs_client     = @@character_set_client */;
/*!40101 SET character_set_client = utf8 */;
CREATE TABLE `current_deals` (
  `id` bigint(20) unsigned NOT NULL AUTO_INCREMENT,
  `current_deal_category_id` bigint(20) unsigned NOT NULL,
  `current_deal_code` varchar(191) COLLATE utf8mb4_unicode_ci NOT NULL,
  `name` varchar(191) COLLATE utf8mb4_unicode_ci DEFAULT NULL,
  `rating` varchar(191) COLLATE utf8mb4_unicode_ci DEFAULT NULL,
  `amount` varchar(191) COLLATE utf8mb4_unicode_ci DEFAULT NULL,
  `pricing` varchar(191) COLLATE utf8mb4_unicode_ci DEFAULT NULL,
  `tenure` varchar(191) COLLATE utf8mb4_unicode_ci DEFAULT NULL,
  `status` tinyint(4) DEFAULT NULL,
  `created_at` timestamp NULL DEFAULT NULL,
  `updated_at` timestamp NULL DEFAULT NULL,
  `deleted_at` timestamp NULL DEFAULT NULL,
  PRIMARY KEY (`id`),
  UNIQUE KEY `current_deals_current_deal_code_unique` (`current_deal_code`),
  KEY `current_deals_current_deal_category_id_foreign` (`current_deal_category_id`)
) ENGINE=MyISAM AUTO_INCREMENT=9 DEFAULT CHARSET=utf8mb4 COLLATE=utf8mb4_unicode_ci;
/*!40101 SET character_set_client = @saved_cs_client */;

LOCK TABLES `current_deals` WRITE;
/*!40000 ALTER TABLE `current_deals` DISABLE KEYS */;
INSERT INTO `current_deals` VALUES (1,1,'ICICI1','ICICI Bank','AA+','75','9.75','2 Years 3 Months',1,'2021-03-10 07:36:50','2021-03-10 07:36:50',NULL),(2,1,'HDFC1','HDFC','AA+','75','9.75','2 Years 3 Months',1,'2021-03-10 07:36:50','2021-03-10 07:36:50',NULL),(3,1,'ICICI2','ICICI Bank','AA+','75','9.75','2 Years 3 Months',1,'2021-03-10 07:36:50','2021-03-10 07:36:50',NULL),(4,1,'HDFC2','HDFC','AA+','75','9.75','2 Years 3 Months',1,'2021-03-10 07:36:50','2021-03-10 07:36:50',NULL),(5,1,'ICICI3','ICICI Bank','AA+','75','9.75','2 Years 3 Months',1,'2021-03-10 07:36:50','2021-03-10 07:36:50',NULL),(6,1,'HDFC3','HDFC','AA+','75','9.75','2 Years 3 Months',1,'2021-03-10 07:36:50','2021-03-10 07:36:50',NULL),(7,1,'ICICI4','ICICI Bank','AA+','75','9.75','2 Years 3 Months',1,'2021-03-10 07:36:50','2021-03-10 07:36:50',NULL),(8,2,'HDFC4','HDFC','A+','100','9.75','2 Years 3 Months',1,'2021-03-10 07:36:50','2021-03-30 16:42:25',NULL);
/*!40000 ALTER TABLE `current_deals` ENABLE KEYS */;
UNLOCK TABLES;
DROP TABLE IF EXISTS `document_category`;
/*!40101 SET @saved_cs_client     = @@character_set_client */;
/*!40101 SET character_set_client = utf8 */;
CREATE TABLE `document_category` (
  `id` bigint(20) unsigned NOT NULL AUTO_INCREMENT,
  `parent_id` int(11) DEFAULT NULL,
  `name` varchar(191) COLLATE utf8mb4_unicode_ci NOT NULL,
  `document_category_guide` varchar(255) COLLATE utf8mb4_unicode_ci DEFAULT NULL,
  `lft` int(11) DEFAULT NULL,
  `rgt` int(11) DEFAULT NULL,
  `depth` int(11) DEFAULT NULL,
  `is_timeline` tinyint(1) NOT NULL DEFAULT '0',
  `category_icon` varchar(100) COLLATE utf8mb4_unicode_ci DEFAULT NULL,
  `category_image` varchar(255) COLLATE utf8mb4_unicode_ci DEFAULT NULL,
  `category_content_type` varchar(100) COLLATE utf8mb4_unicode_ci DEFAULT NULL,
  `created_at` timestamp NULL DEFAULT NULL,
  `updated_at` timestamp NULL DEFAULT NULL,
  PRIMARY KEY (`id`)
) ENGINE=MyISAM AUTO_INCREMENT=88 DEFAULT CHARSET=utf8mb4 COLLATE=utf8mb4_unicode_ci;
/*!40101 SET character_set_client = @saved_cs_client */;

LOCK TABLES `document_category` WRITE;
/*!40000 ALTER TABLE `document_category` DISABLE KEYS */;
INSERT INTO `document_category` VALUES (1,NULL,'KYC',NULL,2,23,1,1,'fab fa-accessible-icon','uploads/doc_category/kyc-icon.svg','Sheet',NULL,'2021-03-23 11:45:19'),(2,NULL,'Financial',NULL,46,61,1,1,NULL,'uploads/doc_category/financial-icon.svg',NULL,NULL,'2021-03-23 11:45:19'),(40,39,'Permanent Account Number',NULL,10,11,3,0,NULL,NULL,NULL,'2020-12-16 11:52:39','2021-03-23 11:45:19'),(28,44,'Portfolio Cuts',NULL,132,133,3,1,NULL,NULL,NULL,'2020-11-09 14:48:41','2021-03-23 11:45:19'),(7,2,'Financial Statements',NULL,47,48,2,1,NULL,NULL,'Sheet',NULL,'2021-04-10 11:28:31'),(9,2,'Asset And Liability Management',NULL,53,54,2,1,NULL,NULL,NULL,NULL,'2021-03-23 11:45:19'),(10,2,'Capital Adequacy Ratio (CRAR)',NULL,55,56,2,1,NULL,NULL,NULL,NULL,'2021-03-23 11:45:19'),(11,2,'Operational Information',NULL,57,58,2,1,NULL,NULL,NULL,NULL,'2021-03-23 11:45:19'),(31,44,'Projections',NULL,134,135,3,1,NULL,NULL,NULL,'2020-11-09 15:10:08','2021-03-23 11:45:19'),(13,39,'MOA/AOA',NULL,4,5,3,1,NULL,NULL,NULL,'2020-11-09 11:19:32','2021-03-23 11:45:19'),(14,39,'RBI Certificate',NULL,6,7,3,0,NULL,NULL,NULL,'2020-11-09 11:19:52','2021-03-23 11:45:19'),(15,39,'Certificate of Incorporation',NULL,8,9,3,0,NULL,NULL,NULL,'2020-11-09 11:20:05','2021-03-23 11:45:19'),(16,19,'Director List with DIN',NULL,26,27,3,1,NULL,NULL,NULL,'2020-11-09 11:20:17','2021-03-23 11:45:19'),(17,NULL,'Company Details',NULL,24,43,1,0,NULL,'uploads/doc_category/company-details-icon.svg',NULL,'2020-11-09 11:31:36','2021-03-23 11:45:19'),(39,1,'Company','KYC of Company',3,18,2,0,NULL,NULL,'Sheet','2020-12-16 11:51:14','2021-03-23 11:45:19'),(19,17,'Organization Structure',NULL,25,32,2,0,NULL,NULL,NULL,'2020-11-09 11:32:26','2021-03-23 11:45:19'),(20,70,'Shareholding Pattern with Profile of Investors',NULL,122,123,3,0,NULL,NULL,NULL,'2020-11-09 11:32:41','2021-03-23 11:45:19'),(21,19,'List of Directors with Profile of Directors',NULL,28,29,3,0,NULL,NULL,NULL,'2020-11-09 11:32:56','2021-03-23 11:45:19'),(22,19,'List of KMP with Profile of KMP',NULL,30,31,3,0,NULL,NULL,NULL,'2020-11-09 11:33:08','2021-03-23 11:45:19'),(23,17,'Share Capital Raise History',NULL,33,34,2,0,NULL,NULL,NULL,'2020-11-09 11:33:19','2021-03-23 11:45:19'),(24,17,'Product Profile',NULL,35,36,2,0,NULL,NULL,NULL,'2020-11-09 11:33:29','2021-03-23 11:45:19'),(25,17,'Latest Rating Rationale',NULL,37,42,2,0,NULL,NULL,NULL,'2020-11-09 11:33:39','2021-03-23 11:45:19'),(26,2,'Latest Corporate Presentation',NULL,49,50,2,0,NULL,NULL,NULL,'2020-11-09 11:40:07','2021-03-23 11:45:19'),(27,2,'Banking Arrangement',NULL,51,52,2,0,NULL,NULL,NULL,'2020-11-09 11:40:25','2021-03-23 11:45:19'),(33,25,'CRISIL',NULL,38,39,3,1,NULL,NULL,NULL,'2020-11-09 17:27:11','2021-03-23 11:45:19'),(34,25,'CARE',NULL,40,41,3,1,NULL,NULL,NULL,'2020-11-09 17:28:13','2021-03-23 11:45:19'),(42,39,'GST Registration',NULL,16,17,3,0,NULL,NULL,NULL,'2020-12-16 11:53:46','2021-03-23 11:45:19'),(84,2,'Financial Covenents',NULL,59,60,2,0,NULL,NULL,NULL,'2020-12-17 14:23:45','2021-03-23 11:45:19'),(43,NULL,'Others',NULL,130,141,1,0,NULL,'uploads/doc_category/other-icon.svg',NULL,'2020-12-16 11:55:36','2021-03-23 11:45:19'),(44,43,'Portfolio',NULL,131,136,2,0,NULL,NULL,NULL,'2020-12-16 11:56:02','2021-03-23 11:45:19'),(45,52,'Report',NULL,73,84,2,0,NULL,NULL,NULL,'2020-12-16 11:56:59','2021-03-23 11:45:19'),(46,45,'Annual Report',NULL,74,75,3,1,NULL,NULL,NULL,'2020-12-16 11:57:16','2021-03-23 11:45:19'),(47,52,'Financial Results',NULL,85,92,2,1,NULL,NULL,NULL,'2020-12-16 11:57:32','2021-03-23 11:45:19'),(48,45,'Search Report',NULL,76,77,3,1,NULL,NULL,NULL,'2020-12-16 11:57:48','2021-03-23 11:45:19'),(49,45,'Due Diligence Report',NULL,78,79,3,1,NULL,NULL,NULL,'2020-12-16 11:58:02','2021-03-23 11:45:19'),(50,45,'Statutory Auditor certificate',NULL,80,81,3,1,NULL,NULL,NULL,'2020-12-16 11:58:12','2021-03-23 11:45:19'),(51,45,'FDI certificate',NULL,82,83,3,1,NULL,NULL,NULL,'2020-12-16 11:58:22','2021-03-23 11:45:19'),(52,NULL,'Compliances',NULL,62,127,1,0,NULL,'uploads/doc_category/compliances-icon.svg',NULL,'2020-12-16 12:00:58','2021-03-23 11:45:19'),(53,52,'Resolutions',NULL,63,72,2,1,NULL,NULL,NULL,'2020-12-16 12:01:12','2021-03-23 11:45:19'),(54,53,'Section 180(a)(1)',NULL,64,65,3,1,NULL,NULL,NULL,'2020-12-16 12:01:25','2021-03-23 11:45:19'),(55,53,'Section 180(c)(1)',NULL,66,67,3,1,NULL,NULL,NULL,'2020-12-16 12:01:35','2021-03-23 11:45:19'),(56,53,'Delegating Power to Executive Committee',NULL,68,69,3,1,NULL,NULL,NULL,'2020-12-16 12:01:45','2021-03-23 11:45:19'),(57,53,'Specific Issue Approval',NULL,70,71,3,1,NULL,NULL,NULL,'2020-12-16 12:01:57','2021-03-23 11:45:19'),(58,52,'Roc/Perfection of Charge',NULL,93,100,2,0,NULL,NULL,NULL,'2020-12-16 12:03:40','2021-03-23 11:45:19'),(59,58,'CHG-1',NULL,94,95,3,0,NULL,NULL,NULL,'2020-12-16 12:06:23','2021-03-23 11:45:19'),(60,58,'CHG-4',NULL,96,97,3,0,NULL,NULL,NULL,'2020-12-16 12:06:42','2021-03-23 11:45:19'),(61,58,'CHG-9',NULL,98,99,3,0,NULL,NULL,NULL,'2020-12-16 12:06:57','2021-03-23 11:45:19'),(62,52,'Policies',NULL,101,116,2,0,NULL,NULL,NULL,'2020-12-16 12:08:16','2021-03-23 11:45:19'),(63,62,'ESOP Policy',NULL,102,103,3,0,NULL,NULL,NULL,'2020-12-16 12:08:31','2021-03-23 11:45:19'),(64,62,'CSR Policy',NULL,104,105,3,0,NULL,NULL,NULL,'2020-12-16 12:08:40','2021-03-23 11:45:19'),(65,62,'RPT Policy',NULL,106,107,3,0,NULL,NULL,NULL,'2020-12-16 12:08:47','2021-03-23 11:45:19'),(66,62,'Risk Mgt Policy',NULL,108,109,3,0,NULL,NULL,NULL,'2020-12-16 12:08:55','2021-03-23 11:45:19'),(67,62,'CG Policy',NULL,110,111,3,0,NULL,NULL,NULL,'2020-12-16 12:09:02','2021-03-23 11:45:19'),(68,62,'Credit Policy',NULL,112,113,3,0,NULL,NULL,NULL,'2020-12-16 12:09:10','2021-03-23 11:45:19'),(69,62,'Collection Policy',NULL,114,115,3,0,NULL,NULL,NULL,'2020-12-16 12:09:17','2021-03-23 11:45:19'),(70,52,'Investor Compliances',NULL,117,126,2,0,NULL,NULL,NULL,'2020-12-16 12:10:53','2021-03-23 11:45:19'),(71,70,'MIS shared to Investor',NULL,118,119,3,1,NULL,NULL,NULL,'2020-12-16 12:11:03','2021-03-23 11:45:19'),(72,70,'Business Plan',NULL,120,121,3,1,NULL,NULL,NULL,'2020-12-16 12:11:14','2021-03-23 11:45:19'),(74,70,'Quarterly Financials',NULL,124,125,3,0,NULL,NULL,NULL,'2020-12-16 12:11:45','2021-03-23 11:45:19'),(76,39,'LEI Number',NULL,12,13,3,0,NULL,NULL,NULL,'2020-12-17 10:24:24','2021-03-23 11:45:19'),(77,39,'TAN',NULL,14,15,3,0,NULL,NULL,NULL,'2020-12-17 10:24:34','2021-03-23 11:45:19'),(78,1,'Directors',NULL,19,20,2,0,NULL,NULL,'Sheet','2020-12-17 10:26:18','2021-03-23 11:45:19'),(79,1,'Authorized signatory',NULL,21,22,2,0,NULL,NULL,'Sheet','2020-12-17 10:26:51','2021-03-23 11:45:19'),(80,47,'Quarterly',NULL,86,87,3,1,NULL,NULL,NULL,'2020-12-17 10:29:27','2021-03-23 11:45:19'),(81,47,'Half Yearly',NULL,88,89,3,1,NULL,NULL,NULL,'2020-12-17 10:29:43','2021-03-23 11:45:19'),(82,47,'Annually',NULL,90,91,3,1,NULL,NULL,NULL,'2020-12-17 10:30:08','2021-03-23 11:45:19'),(83,NULL,'Committees',NULL,44,45,1,0,NULL,'uploads/doc_category/financial-icon.svg','Document','2020-12-17 14:22:05','2021-03-23 11:47:42'),(85,43,'Sanction Advice',NULL,137,138,2,0,NULL,NULL,NULL,'2020-12-17 14:24:59','2021-03-23 11:45:19'),(86,43,'Executed Documents',NULL,139,140,2,0,NULL,NULL,NULL,'2020-12-17 14:25:16','2021-03-23 11:45:19'),(87,NULL,'Covenant','Covenant',128,129,1,0,'fas fa-clipboard-check','uploads/doc_category/compliances-icon.svg','Document','2021-03-23 11:43:44','2021-03-23 12:00:04');
/*!40000 ALTER TABLE `document_category` ENABLE KEYS */;
UNLOCK TABLES;
DROP TABLE IF EXISTS `document_category_lender`;
/*!40101 SET @saved_cs_client     = @@character_set_client */;
/*!40101 SET character_set_client = utf8 */;
CREATE TABLE `document_category_lender` (
  `document_category_id` int(11) NOT NULL DEFAULT '0',
  `lender_id` int(11) NOT NULL DEFAULT '0',
  PRIMARY KEY (`document_category_id`,`lender_id`),
  UNIQUE KEY `document_category_id` (`document_category_id`,`lender_id`)
) ENGINE=InnoDB DEFAULT CHARSET=utf8 COLLATE=utf8_unicode_ci;
/*!40101 SET character_set_client = @saved_cs_client */;

LOCK TABLES `document_category_lender` WRITE;
/*!40000 ALTER TABLE `document_category_lender` DISABLE KEYS */;
INSERT INTO `document_category_lender` VALUES (1,1),(1,2),(1,3),(1,4),(1,5),(1,6),(1,7),(1,8),(1,9),(1,10),(1,11),(1,12),(1,13),(1,14),(1,15),(1,16),(1,17),(1,18),(1,19),(1,20),(1,21),(1,22),(1,23),(1,24),(1,25),(1,26),(1,27),(1,28),(1,29),(1,30),(1,31),(1,32),(1,33),(1,34),(1,35),(1,36),(1,37),(1,38),(1,39),(1,40),(1,41),(1,42),(1,43),(1,44),(1,45),(1,46),(1,47),(1,48),(1,49),(1,50),(1,51),(1,52),(2,1),(2,2),(2,3),(2,4),(2,5),(2,6),(2,7),(2,8),(2,9),(2,10),(2,11),(2,12),(2,13),(2,14),(2,15),(2,16),(2,17),(2,18),(2,19),(2,20),(2,21),(2,22),(2,23),(2,24),(2,25),(2,26),(2,27),(2,28),(2,29),(2,30),(2,31),(2,32),(2,33),(2,34),(2,35),(2,36),(2,37),(2,38),(2,39),(2,40),(2,41),(2,42),(2,43),(2,44),(2,45),(2,46),(2,47),(2,48),(2,49),(2,50),(2,51),(2,52),(7,1),(7,2),(7,3),(7,4),(7,5),(7,6),(7,7),(7,8),(7,9),(7,10),(7,11),(7,12),(7,13),(7,14),(7,15),(7,16),(7,17),(7,18),(7,19),(7,20),(7,21),(7,22),(7,23),(7,24),(7,25),(7,26),(7,27),(7,28),(7,29),(7,30),(7,31),(7,32),(7,33),(7,34),(7,35),(7,36),(7,37),(7,38),(7,39),(7,40),(7,41),(7,42),(7,43),(7,44),(7,45),(7,46),(7,47),(7,48),(7,49),(7,50),(7,51),(7,52),(9,1),(9,2),(9,3),(9,4),(9,5),(9,6),(9,7),(9,8),(9,9),(9,10),(9,11),(9,12),(9,13),(9,14),(9,15),(9,16),(9,17),(9,18),(9,19),(9,20),(9,21),(9,22),(9,23),(9,24),(9,25),(9,26),(9,27),(9,28),(9,29),(9,30),(9,31),(9,32),(9,33),(9,34),(9,35),(9,36),(9,37),(9,38),(9,39),(9,40),(9,41),(9,42),(9,43),(9,44),(9,45),(9,46),(9,47),(9,48),(9,49),(9,50),(9,51),(9,52),(10,1),(10,2),(10,3),(10,4),(10,5),(10,6),(10,7),(10,8),(10,9),(10,10),(10,11),(10,12),(10,13),(10,14),(10,15),(10,16),(10,17),(10,18),(10,19),(10,20),(10,21),(10,22),(10,23),(10,24),(10,25),(10,26),(10,27),(10,28),(10,29),(10,30),(10,31),(10,32),(10,33),(10,34),(10,35),(10,36),(10,37),(10,38),(10,39),(10,40),(10,41),(10,42),(10,43),(10,44),(10,45),(10,46),(10,47),(10,48),(10,49),(10,50),(10,51),(10,52),(11,1),(11,2),(11,3),(11,4),(11,5),(11,6),(11,7),(11,8),(11,9),(11,10),(11,11),(11,12),(11,13),(11,14),(11,15),(11,16),(11,17),(11,18),(11,19),(11,20),(11,21),(11,22),(11,23),(11,24),(11,25),(11,26),(11,27),(11,28),(11,29),(11,30),(11,31),(11,32),(11,33),(11,34),(11,35),(11,36),(11,37),(11,38),(11,39),(11,40),(11,41),(11,42),(11,43),(11,44),(11,45),(11,46),(11,47),(11,48),(11,49),(11,50),(11,51),(11,52),(13,1),(13,2),(13,3),(13,4),(13,5),(13,6),(13,7),(13,8),(13,9),(13,10),(13,11),(13,12),(13,13),(13,14),(13,15),(13,16),(13,17),(13,18),(13,19),(13,20),(13,21),(13,22),(13,23),(13,24),(13,25),(13,26),(13,27),(13,28),(13,29),(13,30),(13,31),(13,32),(13,33),(13,34),(13,35),(13,36),(13,37),(13,38),(13,39),(13,40),(13,41),(13,42),(13,43),(13,44),(13,45),(13,46),(13,47),(13,48),(13,49),(13,50),(13,51),(13,52),(14,1),(14,2),(14,3),(14,4),(14,5),(14,6),(14,7),(14,8),(14,9),(14,10),(14,11),(14,12),(14,13),(14,14),(14,15),(14,16),(14,17),(14,18),(14,19),(14,20),(14,21),(14,22),(14,23),(14,24),(14,25),(14,26),(14,27),(14,28),(14,29),(14,30),(14,31),(14,32),(14,33),(14,34),(14,35),(14,36),(14,37),(14,38),(14,39),(14,40),(14,41),(14,42),(14,43),(14,44),(14,45),(14,46),(14,47),(14,48),(14,49),(14,50),(14,51),(14,52),(15,1),(15,2),(15,3),(15,4),(15,5),(15,6),(15,7),(15,8),(15,9),(15,10),(15,11),(15,12),(15,13),(15,14),(15,15),(15,16),(15,17),(15,18),(15,19),(15,20),(15,21),(15,22),(15,23),(15,24),(15,25),(15,26),(15,27),(15,28),(15,29),(15,30),(15,31),(15,32),(15,33),(15,34),(15,35),(15,36),(15,37),(15,38),(15,39),(15,40),(15,41),(15,42),(15,43),(15,44),(15,45),(15,46),(15,47),(15,48),(15,49),(15,50),(15,51),(15,52),(16,1),(16,2),(16,3),(16,4),(16,5),(16,6),(16,7),(16,8),(16,9),(16,10),(16,11),(16,12),(16,13),(16,14),(16,15),(16,16),(16,17),(16,18),(16,19),(16,20),(16,21),(16,22),(16,23),(16,24),(16,25),(16,26),(16,27),(16,28),(16,29),(16,30),(16,31),(16,32),(16,33),(16,34),(16,35),(16,36),(16,37),(16,38),(16,39),(16,40),(16,41),(16,42),(16,43),(16,44),(16,45),(16,46),(16,47),(16,48),(16,49),(16,50),(16,51),(16,52),(17,1),(17,2),(17,3),(17,4),(17,5),(17,6),(17,7),(17,8),(17,9),(17,10),(17,11),(17,12),(17,13),(17,14),(17,15),(17,16),(17,17),(17,18),(17,19),(17,20),(17,21),(17,22),(17,23),(17,24),(17,25),(17,26),(17,27),(17,28),(17,29),(17,30),(17,31),(17,32),(17,33),(17,34),(17,35),(17,36),(17,37),(17,38),(17,39),(17,40),(17,41),(17,42),(17,43),(17,44),(17,45),(17,46),(17,47),(17,48),(17,49),(17,50),(17,51),(17,52),(19,1),(19,2),(19,3),(19,4),(19,5),(19,6),(19,7),(19,8),(19,9),(19,10),(19,11),(19,12),(19,13),(19,14),(19,15),(19,16),(19,17),(19,18),(19,19),(19,20),(19,21),(19,22),(19,23),(19,24),(19,25),(19,26),(19,27),(19,28),(19,29),(19,30),(19,31),(19,32),(19,33),(19,34),(19,35),(19,36),(19,37),(19,38),(19,39),(19,40),(19,41),(19,42),(19,43),(19,44),(19,45),(19,46),(19,47),(19,48),(19,49),(19,50),(19,51),(19,52),(20,1),(20,2),(20,3),(20,4),(20,5),(20,6),(20,7),(20,8),(20,9),(20,10),(20,11),(20,12),(20,13),(20,14),(20,15),(20,16),(20,17),(20,18),(20,19),(20,20),(20,21),(20,22),(20,23),(20,24),(20,25),(20,26),(20,27),(20,28),(20,29),(20,30),(20,31),(20,32),(20,33),(20,34),(20,35),(20,36),(20,37),(20,38),(20,39),(20,40),(20,41),(20,42),(20,43),(20,44),(20,45),(20,46),(20,47),(20,48),(20,49),(20,50),(20,51),(20,52),(21,1),(21,2),(21,3),(21,4),(21,5),(21,6),(21,7),(21,8),(21,9),(21,10),(21,11),(21,12),(21,13),(21,14),(21,15),(21,16),(21,17),(21,18),(21,19),(21,20),(21,21),(21,22),(21,23),(21,24),(21,25),(21,26),(21,27),(21,28),(21,29),(21,30),(21,31),(21,32),(21,33),(21,34),(21,35),(21,36),(21,37),(21,38),(21,39),(21,40),(21,41),(21,42),(21,43),(21,44),(21,45),(21,46),(21,47),(21,48),(21,49),(21,50),(21,51),(21,52),(22,1),(22,2),(22,3),(22,4),(22,5),(22,6),(22,7),(22,8),(22,9),(22,10),(22,11),(22,12),(22,13),(22,14),(22,15),(22,16),(22,17),(22,18),(22,19),(22,20),(22,21),(22,22),(22,23),(22,24),(22,25),(22,26),(22,27),(22,28),(22,29),(22,30),(22,31),(22,32),(22,33),(22,34),(22,35),(22,36),(22,37),(22,38),(22,39),(22,40),(22,41),(22,42),(22,43),(22,44),(22,45),(22,46),(22,47),(22,48),(22,49),(22,50),(22,51),(22,52),(23,1),(23,2),(23,3),(23,4),(23,5),(23,6),(23,7),(23,8),(23,9),(23,10),(23,11),(23,12),(23,13),(23,14),(23,15),(23,16),(23,17),(23,18),(23,19),(23,20),(23,21),(23,22),(23,23),(23,24),(23,25),(23,26),(23,27),(23,28),(23,29),(23,30),(23,31),(23,32),(23,33),(23,34),(23,35),(23,36),(23,37),(23,38),(23,39),(23,40),(23,41),(23,42),(23,43),(23,44),(23,45),(23,46),(23,47),(23,48),(23,49),(23,50),(23,51),(23,52),(24,1),(24,2),(24,3),(24,4),(24,5),(24,6),(24,7),(24,8),(24,9),(24,10),(24,11),(24,12),(24,13),(24,14),(24,15),(24,16),(24,17),(24,18),(24,19),(24,20),(24,21),(24,22),(24,23),(24,24),(24,25),(24,26),(24,27),(24,28),(24,29),(24,30),(24,31),(24,32),(24,33),(24,34),(24,35),(24,36),(24,37),(24,38),(24,39),(24,40),(24,41),(24,42),(24,43),(24,44),(24,45),(24,46),(24,47),(24,48),(24,49),(24,50),(24,51),(24,52),(25,1),(25,2),(25,3),(25,4),(25,5),(25,6),(25,7),(25,8),(25,9),(25,10),(25,11),(25,12),(25,13),(25,14),(25,15),(25,16),(25,17),(25,18),(25,19),(25,20),(25,21),(25,22),(25,23),(25,24),(25,25),(25,26),(25,27),(25,28),(25,29),(25,30),(25,31),(25,32),(25,33),(25,34),(25,35),(25,36),(25,37),(25,38),(25,39),(25,40),(25,41),(25,42),(25,43),(25,44),(25,45),(25,46),(25,47),(25,48),(25,49),(25,50),(25,51),(25,52),(26,1),(26,2),(26,3),(26,4),(26,5),(26,6),(26,7),(26,8),(26,9),(26,10),(26,11),(26,12),(26,13),(26,14),(26,15),(26,16),(26,17),(26,18),(26,19),(26,20),(26,21),(26,22),(26,23),(26,24),(26,25),(26,26),(26,27),(26,28),(26,29),(26,30),(26,31),(26,32),(26,33),(26,34),(26,35),(26,36),(26,37),(26,38),(26,39),(26,40),(26,41),(26,42),(26,43),(26,44),(26,45),(26,46),(26,47),(26,48),(26,49),(26,50),(26,51),(26,52),(27,1),(27,2),(27,3),(27,4),(27,5),(27,6),(27,7),(27,8),(27,9),(27,10),(27,11),(27,12),(27,13),(27,14),(27,15),(27,16),(27,17),(27,18),(27,19),(27,20),(27,21),(27,22),(27,23),(27,24),(27,25),(27,26),(27,27),(27,28),(27,29),(27,30),(27,31),(27,32),(27,33),(27,34),(27,35),(27,36),(27,37),(27,38),(27,39),(27,40),(27,41),(27,42),(27,43),(27,44),(27,45),(27,46),(27,47),(27,48),(27,49),(27,50),(27,51),(27,52),(28,1),(28,2),(28,3),(28,4),(28,5),(28,6),(28,7),(28,8),(28,9),(28,10),(28,11),(28,12),(28,13),(28,14),(28,15),(28,16),(28,17),(28,18),(28,19),(28,20),(28,21),(28,22),(28,23),(28,24),(28,25),(28,26),(28,27),(28,28),(28,29),(28,30),(28,31),(28,32),(28,33),(28,34),(28,35),(28,36),(28,37),(28,38),(28,39),(28,40),(28,41),(28,42),(28,43),(28,44),(28,45),(28,46),(28,47),(28,48),(28,49),(28,50),(28,51),(28,52),(31,1),(31,2),(31,3),(31,4),(31,5),(31,6),(31,7),(31,8),(31,9),(31,10),(31,11),(31,12),(31,13),(31,14),(31,15),(31,16),(31,17),(31,18),(31,19),(31,20),(31,21),(31,22),(31,23),(31,24),(31,25),(31,26),(31,27),(31,28),(31,29),(31,30),(31,31),(31,32),(31,33),(31,34),(31,35),(31,36),(31,37),(31,38),(31,39),(31,40),(31,41),(31,42),(31,43),(31,44),(31,45),(31,46),(31,47),(31,48),(31,49),(31,50),(31,51),(31,52),(33,1),(33,2),(33,3),(33,4),(33,5),(33,6),(33,7),(33,8),(33,9),(33,10),(33,11),(33,12),(33,13),(33,14),(33,15),(33,16),(33,17),(33,18),(33,19),(33,20),(33,21),(33,22),(33,23),(33,24),(33,25),(33,26),(33,27),(33,28),(33,29),(33,30),(33,31),(33,32),(33,33),(33,34),(33,35),(33,36),(33,37),(33,38),(33,39),(33,40),(33,41),(33,42),(33,43),(33,44),(33,45),(33,46),(33,47),(33,48),(33,49),(33,50),(33,51),(33,52),(34,1),(34,2),(34,3),(34,4),(34,5),(34,6),(34,7),(34,8),(34,9),(34,10),(34,11),(34,12),(34,13),(34,14),(34,15),(34,16),(34,17),(34,18),(34,19),(34,20),(34,21),(34,22),(34,23),(34,24),(34,25),(34,26),(34,27),(34,28),(34,29),(34,30),(34,31),(34,32),(34,33),(34,34),(34,35),(34,36),(34,37),(34,38),(34,39),(34,40),(34,41),(34,42),(34,43),(34,44),(34,45),(34,46),(34,47),(34,48),(34,49),(34,50),(34,51),(34,52),(39,1),(39,2),(39,3),(39,4),(39,5),(39,6),(39,7),(39,8),(39,9),(39,10),(39,11),(39,12),(39,13),(39,14),(39,15),(39,16),(39,17),(39,18),(39,19),(39,20),(39,21),(39,22),(39,23),(39,24),(39,25),(39,26),(39,27),(39,28),(39,29),(39,30),(39,31),(39,32),(39,33),(39,34),(39,35),(39,36),(39,37),(39,38),(39,39),(39,40),(39,41),(39,42),(39,43),(39,44),(39,45),(39,46),(39,47),(39,48),(39,49),(39,50),(39,51),(39,52),(40,1),(40,2),(40,3),(40,4),(40,5),(40,6),(40,7),(40,8),(40,9),(40,10),(40,11),(40,12),(40,13),(40,14),(40,15),(40,16),(40,17),(40,18),(40,19),(40,20),(40,21),(40,22),(40,23),(40,24),(40,25),(40,26),(40,27),(40,28),(40,29),(40,30),(40,31),(40,32),(40,33),(40,34),(40,35),(40,36),(40,37),(40,38),(40,39),(40,40),(40,41),(40,42),(40,43),(40,44),(40,45),(40,46),(40,47),(40,48),(40,49),(40,50),(40,51),(40,52),(42,1),(42,2),(42,3),(42,4),(42,5),(42,6),(42,7),(42,8),(42,9),(42,10),(42,11),(42,12),(42,13),(42,14),(42,15),(42,16),(42,17),(42,18),(42,19),(42,20),(42,21),(42,22),(42,23),(42,24),(42,25),(42,26),(42,27),(42,28),(42,29),(42,30),(42,31),(42,32),(42,33),(42,34),(42,35),(42,36),(42,37),(42,38),(42,39),(42,40),(42,41),(42,42),(42,43),(42,44),(42,45),(42,46),(42,47),(42,48),(42,49),(42,50),(42,51),(42,52),(43,1),(43,2),(43,3),(43,4),(43,5),(43,6),(43,7),(43,8),(43,9),(43,10),(43,11),(43,12),(43,13),(43,14),(43,15),(43,16),(43,17),(43,18),(43,19),(43,20),(43,21),(43,22),(43,23),(43,24),(43,25),(43,26),(43,27),(43,28),(43,29),(43,30),(43,31),(43,32),(43,33),(43,34),(43,35),(43,36),(43,37),(43,38),(43,39),(43,40),(43,41),(43,42),(43,43),(43,44),(43,45),(43,46),(43,47),(43,48),(43,49),(43,50),(43,51),(43,52),(44,1),(44,2),(44,3),(44,4),(44,5),(44,6),(44,7),(44,8),(44,9),(44,10),(44,11),(44,12),(44,13),(44,14),(44,15),(44,16),(44,17),(44,18),(44,19),(44,20),(44,21),(44,22),(44,23),(44,24),(44,25),(44,26),(44,27),(44,28),(44,29),(44,30),(44,31),(44,32),(44,33),(44,34),(44,35),(44,36),(44,37),(44,38),(44,39),(44,40),(44,41),(44,42),(44,43),(44,44),(44,45),(44,46),(44,47),(44,48),(44,49),(44,50),(44,51),(44,52),(45,1),(45,2),(45,3),(45,4),(45,5),(45,6),(45,7),(45,8),(45,9),(45,10),(45,11),(45,12),(45,13),(45,14),(45,15),(45,16),(45,17),(45,18),(45,19),(45,20),(45,21),(45,22),(45,23),(45,24),(45,25),(45,26),(45,27),(45,28),(45,29),(45,30),(45,31),(45,32),(45,33),(45,34),(45,35),(45,36),(45,37),(45,38),(45,39),(45,40),(45,41),(45,42),(45,43),(45,44),(45,45),(45,46),(45,47),(45,48),(45,49),(45,50),(45,51),(45,52),(46,1),(46,2),(46,3),(46,4),(46,5),(46,6),(46,7),(46,8),(46,9),(46,10),(46,11),(46,12),(46,13),(46,14),(46,15),(46,16),(46,17),(46,18),(46,19),(46,20),(46,21),(46,22),(46,23),(46,24),(46,25),(46,26),(46,27),(46,28),(46,29),(46,30),(46,31),(46,32),(46,33),(46,34),(46,35),(46,36),(46,37),(46,38),(46,39),(46,40),(46,41),(46,42),(46,43),(46,44),(46,45),(46,46),(46,47),(46,48),(46,49),(46,50),(46,51),(46,52),(47,1),(47,2),(47,3),(47,4),(47,5),(47,6),(47,7),(47,8),(47,9),(47,10),(47,11),(47,12),(47,13),(47,14),(47,15),(47,16),(47,17),(47,18),(47,19),(47,20),(47,21),(47,22),(47,23),(47,24),(47,25),(47,26),(47,27),(47,28),(47,29),(47,30),(47,31),(47,32),(47,33),(47,34),(47,35),(47,36),(47,37),(47,38),(47,39),(47,40),(47,41),(47,42),(47,43),(47,44),(47,45),(47,46),(47,47),(47,48),(47,49),(47,50),(47,51),(47,52),(48,1),(48,2),(48,3),(48,4),(48,5),(48,6),(48,7),(48,8),(48,9),(48,10),(48,11),(48,12),(48,13),(48,14),(48,15),(48,16),(48,17),(48,18),(48,19),(48,20),(48,21),(48,22),(48,23),(48,24),(48,25),(48,26),(48,27),(48,28),(48,29),(48,30),(48,31),(48,32),(48,33),(48,34),(48,35),(48,36),(48,37),(48,38),(48,39),(48,40),(48,41),(48,42),(48,43),(48,44),(48,45),(48,46),(48,47),(48,48),(48,49),(48,50),(48,51),(48,52),(49,1),(49,2),(49,3),(49,4),(49,5),(49,6),(49,7),(49,8),(49,9),(49,10),(49,11),(49,12),(49,13),(49,14),(49,15),(49,16),(49,17),(49,18),(49,19),(49,20),(49,21),(49,22),(49,23),(49,24),(49,25),(49,26),(49,27),(49,28),(49,29),(49,30),(49,31),(49,32),(49,33),(49,34),(49,35),(49,36),(49,37),(49,38),(49,39),(49,40),(49,41),(49,42),(49,43),(49,44),(49,45),(49,46),(49,47),(49,48),(49,49),(49,50),(49,51),(49,52),(50,1),(50,2),(50,3),(50,4),(50,5),(50,6),(50,7),(50,8),(50,9),(50,10),(50,11),(50,12),(50,13),(50,14),(50,15),(50,16),(50,17),(50,18),(50,19),(50,20),(50,21),(50,22),(50,23),(50,24),(50,25),(50,26),(50,27),(50,28),(50,29),(50,30),(50,31),(50,32),(50,33),(50,34),(50,35),(50,36),(50,37),(50,38),(50,39),(50,40),(50,41),(50,42),(50,43),(50,44),(50,45),(50,46),(50,47),(50,48),(50,49),(50,50),(50,51),(50,52),(51,1),(51,2),(51,3),(51,4),(51,5),(51,6),(51,7),(51,8),(51,9),(51,10),(51,11),(51,12),(51,13),(51,14),(51,15),(51,16),(51,17),(51,18),(51,19),(51,20),(51,21),(51,22),(51,23),(51,24),(51,25),(51,26),(51,27),(51,28),(51,29),(51,30),(51,31),(51,32),(51,33),(51,34),(51,35),(51,36),(51,37),(51,38),(51,39),(51,40),(51,41),(51,42),(51,43),(51,44),(51,45),(51,46),(51,47),(51,48),(51,49),(51,50),(51,51),(51,52),(52,1),(52,2),(52,3),(52,4),(52,5),(52,6),(52,7),(52,8),(52,9),(52,10),(52,11),(52,12),(52,13),(52,14),(52,15),(52,16),(52,17),(52,18),(52,19),(52,20),(52,21),(52,22),(52,23),(52,24),(52,25),(52,26),(52,27),(52,28),(52,29),(52,30),(52,31),(52,32),(52,33),(52,34),(52,35),(52,36),(52,37),(52,38),(52,39),(52,40),(52,41),(52,42),(52,43),(52,44),(52,45),(52,46),(52,47),(52,48),(52,49),(52,50),(52,51),(52,52),(53,1),(53,2),(53,3),(53,4),(53,5),(53,6),(53,7),(53,8),(53,9),(53,10),(53,11),(53,12),(53,13),(53,14),(53,15),(53,16),(53,17),(53,18),(53,19),(53,20),(53,21),(53,22),(53,23),(53,24),(53,25),(53,26),(53,27),(53,28),(53,29),(53,30),(53,31),(53,32),(53,33),(53,34),(53,35),(53,36),(53,37),(53,38),(53,39),(53,40),(53,41),(53,42),(53,43),(53,44),(53,45),(53,46),(53,47),(53,48),(53,49),(53,50),(53,51),(53,52),(54,1),(54,2),(54,3),(54,4),(54,5),(54,6),(54,7),(54,8),(54,9),(54,10),(54,11),(54,12),(54,13),(54,14),(54,15),(54,16),(54,17),(54,18),(54,19),(54,20),(54,21),(54,22),(54,23),(54,24),(54,25),(54,26),(54,27),(54,28),(54,29),(54,30),(54,31),(54,32),(54,33),(54,34),(54,35),(54,36),(54,37),(54,38),(54,39),(54,40),(54,41),(54,42),(54,43),(54,44),(54,45),(54,46),(54,47),(54,48),(54,49),(54,50),(54,51),(54,52),(55,1),(55,2),(55,3),(55,4),(55,5),(55,6),(55,7),(55,8),(55,9),(55,10),(55,11),(55,12),(55,13),(55,14),(55,15),(55,16),(55,17),(55,18),(55,19),(55,20),(55,21),(55,22),(55,23),(55,24),(55,25),(55,26),(55,27),(55,28),(55,29),(55,30),(55,31),(55,32),(55,33),(55,34),(55,35),(55,36),(55,37),(55,38),(55,39),(55,40),(55,41),(55,42),(55,43),(55,44),(55,45),(55,46),(55,47),(55,48),(55,49),(55,50),(55,51),(55,52),(56,1),(56,2),(56,3),(56,4),(56,5),(56,6),(56,7),(56,8),(56,9),(56,10),(56,11),(56,12),(56,13),(56,14),(56,15),(56,16),(56,17),(56,18),(56,19),(56,20),(56,21),(56,22),(56,23),(56,24),(56,25),(56,26),(56,27),(56,28),(56,29),(56,30),(56,31),(56,32),(56,33),(56,34),(56,35),(56,36),(56,37),(56,38),(56,39),(56,40),(56,41),(56,42),(56,43),(56,44),(56,45),(56,46),(56,47),(56,48),(56,49),(56,50),(56,51),(56,52),(57,1),(57,2),(57,3),(57,4),(57,5),(57,6),(57,7),(57,8),(57,9),(57,10),(57,11),(57,12),(57,13),(57,14),(57,15),(57,16),(57,17),(57,18),(57,19),(57,20),(57,21),(57,22),(57,23),(57,24),(57,25),(57,26),(57,27),(57,28),(57,29),(57,30),(57,31),(57,32),(57,33),(57,34),(57,35),(57,36),(57,37),(57,38),(57,39),(57,40),(57,41),(57,42),(57,43),(57,44),(57,45),(57,46),(57,47),(57,48),(57,49),(57,50),(57,51),(57,52),(58,1),(58,2),(58,3),(58,4),(58,5),(58,6),(58,7),(58,8),(58,9),(58,10),(58,11),(58,12),(58,13),(58,14),(58,15),(58,16),(58,17),(58,18),(58,19),(58,20),(58,21),(58,22),(58,23),(58,24),(58,25),(58,26),(58,27),(58,28),(58,29),(58,30),(58,31),(58,32),(58,33),(58,34),(58,35),(58,36),(58,37),(58,38),(58,39),(58,40),(58,41),(58,42),(58,43),(58,44),(58,45),(58,46),(58,47),(58,48),(58,49),(58,50),(58,51),(58,52),(59,1),(59,2),(59,3),(59,4),(59,5),(59,6),(59,7),(59,8),(59,9),(59,10),(59,11),(59,12),(59,13),(59,14),(59,15),(59,16),(59,17),(59,18),(59,19),(59,20),(59,21),(59,22),(59,23),(59,24),(59,25),(59,26),(59,27),(59,28),(59,29),(59,30),(59,31),(59,32),(59,33),(59,34),(59,35),(59,36),(59,37),(59,38),(59,39),(59,40),(59,41),(59,42),(59,43),(59,44),(59,45),(59,46),(59,47),(59,48),(59,49),(59,50),(59,51),(59,52),(60,1),(60,2),(60,3),(60,4),(60,5),(60,6),(60,7),(60,8),(60,9),(60,10),(60,11),(60,12),(60,13),(60,14),(60,15),(60,16),(60,17),(60,18),(60,19),(60,20),(60,21),(60,22),(60,23),(60,24),(60,25),(60,26),(60,27),(60,28),(60,29),(60,30),(60,31),(60,32),(60,33),(60,34),(60,35),(60,36),(60,37),(60,38),(60,39),(60,40),(60,41),(60,42),(60,43),(60,44),(60,45),(60,46),(60,47),(60,48),(60,49),(60,50),(60,51),(60,52),(61,1),(61,2),(61,3),(61,4),(61,5),(61,6),(61,7),(61,8),(61,9),(61,10),(61,11),(61,12),(61,13),(61,14),(61,15),(61,16),(61,17),(61,18),(61,19),(61,20),(61,21),(61,22),(61,23),(61,24),(61,25),(61,26),(61,27),(61,28),(61,29),(61,30),(61,31),(61,32),(61,33),(61,34),(61,35),(61,36),(61,37),(61,38),(61,39),(61,40),(61,41),(61,42),(61,43),(61,44),(61,45),(61,46),(61,47),(61,48),(61,49),(61,50),(61,51),(61,52),(62,1),(62,2),(62,3),(62,4),(62,5),(62,6),(62,7),(62,8),(62,9),(62,10),(62,11),(62,12),(62,13),(62,14),(62,15),(62,16),(62,17),(62,18),(62,19),(62,20),(62,21),(62,22),(62,23),(62,24),(62,25),(62,26),(62,27),(62,28),(62,29),(62,30),(62,31),(62,32),(62,33),(62,34),(62,35),(62,36),(62,37),(62,38),(62,39),(62,40),(62,41),(62,42),(62,43),(62,44),(62,45),(62,46),(62,47),(62,48),(62,49),(62,50),(62,51),(62,52),(63,1),(63,2),(63,3),(63,4),(63,5),(63,6),(63,7),(63,8),(63,9),(63,10),(63,11),(63,12),(63,13),(63,14),(63,15),(63,16),(63,17),(63,18),(63,19),(63,20),(63,21),(63,22),(63,23),(63,24),(63,25),(63,26),(63,27),(63,28),(63,29),(63,30),(63,31),(63,32),(63,33),(63,34),(63,35),(63,36),(63,37),(63,38),(63,39),(63,40),(63,41),(63,42),(63,43),(63,44),(63,45),(63,46),(63,47),(63,48),(63,49),(63,50),(63,51),(63,52),(64,1),(64,2),(64,3),(64,4),(64,5),(64,6),(64,7),(64,8),(64,9),(64,10),(64,11),(64,12),(64,13),(64,14),(64,15),(64,16),(64,17),(64,18),(64,19),(64,20),(64,21),(64,22),(64,23),(64,24),(64,25),(64,26),(64,27),(64,28),(64,29),(64,30),(64,31),(64,32),(64,33),(64,34),(64,35),(64,36),(64,37),(64,38),(64,39),(64,40),(64,41),(64,42),(64,43),(64,44),(64,45),(64,46),(64,47),(64,48),(64,49),(64,50),(64,51),(64,52),(65,1),(65,2),(65,3),(65,4),(65,5),(65,6),(65,7),(65,8),(65,9),(65,10),(65,11),(65,12),(65,13),(65,14),(65,15),(65,16),(65,17),(65,18),(65,19),(65,20),(65,21),(65,22),(65,23),(65,24),(65,25),(65,26),(65,27),(65,28),(65,29),(65,30),(65,31),(65,32),(65,33),(65,34),(65,35),(65,36),(65,37),(65,38),(65,39),(65,40),(65,41),(65,42),(65,43),(65,44),(65,45),(65,46),(65,47),(65,48),(65,49),(65,50),(65,51),(65,52),(66,1),(66,2),(66,3),(66,4),(66,5),(66,6),(66,7),(66,8),(66,9),(66,10),(66,11),(66,12),(66,13),(66,14),(66,15),(66,16),(66,17),(66,18),(66,19),(66,20),(66,21),(66,22),(66,23),(66,24),(66,25),(66,26),(66,27),(66,28),(66,29),(66,30),(66,31),(66,32),(66,33),(66,34),(66,35),(66,36),(66,37),(66,38),(66,39),(66,40),(66,41),(66,42),(66,43),(66,44),(66,45),(66,46),(66,47),(66,48),(66,49),(66,50),(66,51),(66,52),(67,1),(67,2),(67,3),(67,4),(67,5),(67,6),(67,7),(67,8),(67,9),(67,10),(67,11),(67,12),(67,13),(67,14),(67,15),(67,16),(67,17),(67,18),(67,19),(67,20),(67,21),(67,22),(67,23),(67,24),(67,25),(67,26),(67,27),(67,28),(67,29),(67,30),(67,31),(67,32),(67,33),(67,34),(67,35),(67,36),(67,37),(67,38),(67,39),(67,40),(67,41),(67,42),(67,43),(67,44),(67,45),(67,46),(67,47),(67,48),(67,49),(67,50),(67,51),(67,52),(68,1),(68,2),(68,3),(68,4),(68,5),(68,6),(68,7),(68,8),(68,9),(68,10),(68,11),(68,12),(68,13),(68,14),(68,15),(68,16),(68,17),(68,18),(68,19),(68,20),(68,21),(68,22),(68,23),(68,24),(68,25),(68,26),(68,27),(68,28),(68,29),(68,30),(68,31),(68,32),(68,33),(68,34),(68,35),(68,36),(68,37),(68,38),(68,39),(68,40),(68,41),(68,42),(68,43),(68,44),(68,45),(68,46),(68,47),(68,48),(68,49),(68,50),(68,51),(68,52),(69,1),(69,2),(69,3),(69,4),(69,5),(69,6),(69,7),(69,8),(69,9),(69,10),(69,11),(69,12),(69,13),(69,14),(69,15),(69,16),(69,17),(69,18),(69,19),(69,20),(69,21),(69,22),(69,23),(69,24),(69,25),(69,26),(69,27),(69,28),(69,29),(69,30),(69,31),(69,32),(69,33),(69,34),(69,35),(69,36),(69,37),(69,38),(69,39),(69,40),(69,41),(69,42),(69,43),(69,44),(69,45),(69,46),(69,47),(69,48),(69,49),(69,50),(69,51),(69,52),(70,1),(70,2),(70,3),(70,4),(70,5),(70,6),(70,7),(70,8),(70,9),(70,10),(70,11),(70,12),(70,13),(70,14),(70,15),(70,16),(70,17),(70,18),(70,19),(70,20),(70,21),(70,22),(70,23),(70,24),(70,25),(70,26),(70,27),(70,28),(70,29),(70,30),(70,31),(70,32),(70,33),(70,34),(70,35),(70,36),(70,37),(70,38),(70,39),(70,40),(70,41),(70,42),(70,43),(70,44),(70,45),(70,46),(70,47),(70,48),(70,49),(70,50),(70,51),(70,52),(71,1),(71,2),(71,3),(71,4),(71,5),(71,6),(71,7),(71,8),(71,9),(71,10),(71,11),(71,12),(71,13),(71,14),(71,15),(71,16),(71,17),(71,18),(71,19),(71,20),(71,21),(71,22),(71,23),(71,24),(71,25),(71,26),(71,27),(71,28),(71,29),(71,30),(71,31),(71,32),(71,33),(71,34),(71,35),(71,36),(71,37),(71,38),(71,39),(71,40),(71,41),(71,42),(71,43),(71,44),(71,45),(71,46),(71,47),(71,48),(71,49),(71,50),(71,51),(71,52),(72,1),(72,2),(72,3),(72,4),(72,5),(72,6),(72,7),(72,8),(72,9),(72,10),(72,11),(72,12),(72,13),(72,14),(72,15),(72,16),(72,17),(72,18),(72,19),(72,20),(72,21),(72,22),(72,23),(72,24),(72,25),(72,26),(72,27),(72,28),(72,29),(72,30),(72,31),(72,32),(72,33),(72,34),(72,35),(72,36),(72,37),(72,38),(72,39),(72,40),(72,41),(72,42),(72,43),(72,44),(72,45),(72,46),(72,47),(72,48),(72,49),(72,50),(72,51),(72,52),(74,1),(74,2),(74,3),(74,4),(74,5),(74,6),(74,7),(74,8),(74,9),(74,10),(74,11),(74,12),(74,13),(74,14),(74,15),(74,16),(74,17),(74,18),(74,19),(74,20),(74,21),(74,22),(74,23),(74,24),(74,25),(74,26),(74,27),(74,28),(74,29),(74,30),(74,31),(74,32),(74,33),(74,34),(74,35),(74,36),(74,37),(74,38),(74,39),(74,40),(74,41),(74,42),(74,43),(74,44),(74,45),(74,46),(74,47),(74,48),(74,49),(74,50),(74,51),(74,52),(76,1),(76,2),(76,3),(76,4),(76,5),(76,6),(76,7),(76,8),(76,9),(76,10),(76,11),(76,12),(76,13),(76,14),(76,15),(76,16),(76,17),(76,18),(76,19),(76,20),(76,21),(76,22),(76,23),(76,24),(76,25),(76,26),(76,27),(76,28),(76,29),(76,30),(76,31),(76,32),(76,33),(76,34),(76,35),(76,36),(76,37),(76,38),(76,39),(76,40),(76,41),(76,42),(76,43),(76,44),(76,45),(76,46),(76,47),(76,48),(76,49),(76,50),(76,51),(76,52),(77,1),(77,2),(77,3),(77,4),(77,5),(77,6),(77,7),(77,8),(77,9),(77,10),(77,11),(77,12),(77,13),(77,14),(77,15),(77,16),(77,17),(77,18),(77,19),(77,20),(77,21),(77,22),(77,23),(77,24),(77,25),(77,26),(77,27),(77,28),(77,29),(77,30),(77,31),(77,32),(77,33),(77,34),(77,35),(77,36),(77,37),(77,38),(77,39),(77,40),(77,41),(77,42),(77,43),(77,44),(77,45),(77,46),(77,47),(77,48),(77,49),(77,50),(77,51),(77,52),(78,1),(78,2),(78,3),(78,4),(78,5),(78,6),(78,7),(78,8),(78,9),(78,10),(78,11),(78,12),(78,13),(78,14),(78,15),(78,16),(78,17),(78,18),(78,19),(78,20),(78,21),(78,22),(78,23),(78,24),(78,25),(78,26),(78,27),(78,28),(78,29),(78,30),(78,31),(78,32),(78,33),(78,34),(78,35),(78,36),(78,37),(78,38),(78,39),(78,40),(78,41),(78,42),(78,43),(78,44),(78,45),(78,46),(78,47),(78,48),(78,49),(78,50),(78,51),(78,52),(79,1),(79,2),(79,3),(79,4),(79,5),(79,6),(79,7),(79,8),(79,9),(79,10),(79,11),(79,12),(79,13),(79,14),(79,15),(79,16),(79,17),(79,18),(79,19),(79,20),(79,21),(79,22),(79,23),(79,24),(79,25),(79,26),(79,27),(79,28),(79,29),(79,30),(79,31),(79,32),(79,33),(79,34),(79,35),(79,36),(79,37),(79,38),(79,39),(79,40),(79,41),(79,42),(79,43),(79,44),(79,45),(79,46),(79,47),(79,48),(79,49),(79,50),(79,51),(79,52),(80,1),(80,2),(80,3),(80,4),(80,5),(80,6),(80,7),(80,8),(80,9),(80,10),(80,11),(80,12),(80,13),(80,14),(80,15),(80,16),(80,17),(80,18),(80,19),(80,20),(80,21),(80,22),(80,23),(80,24),(80,25),(80,26),(80,27),(80,28),(80,29),(80,30),(80,31),(80,32),(80,33),(80,34),(80,35),(80,36),(80,37),(80,38),(80,39),(80,40),(80,41),(80,42),(80,43),(80,44),(80,45),(80,46),(80,47),(80,48),(80,49),(80,50),(80,51),(80,52),(81,1),(81,2),(81,3),(81,4),(81,5),(81,6),(81,7),(81,8),(81,9),(81,10),(81,11),(81,12),(81,13),(81,14),(81,15),(81,16),(81,17),(81,18),(81,19),(81,20),(81,21),(81,22),(81,23),(81,24),(81,25),(81,26),(81,27),(81,28),(81,29),(81,30),(81,31),(81,32),(81,33),(81,34),(81,35),(81,36),(81,37),(81,38),(81,39),(81,40),(81,41),(81,42),(81,43),(81,44),(81,45),(81,46),(81,47),(81,48),(81,49),(81,50),(81,51),(81,52),(82,1),(82,2),(82,3),(82,4),(82,5),(82,6),(82,7),(82,8),(82,9),(82,10),(82,11),(82,12),(82,13),(82,14),(82,15),(82,16),(82,17),(82,18),(82,19),(82,20),(82,21),(82,22),(82,23),(82,24),(82,25),(82,26),(82,27),(82,28),(82,29),(82,30),(82,31),(82,32),(82,33),(82,34),(82,35),(82,36),(82,37),(82,38),(82,39),(82,40),(82,41),(82,42),(82,43),(82,44),(82,45),(82,46),(82,47),(82,48),(82,49),(82,50),(82,51),(82,52),(83,1),(83,2),(83,3),(83,4),(83,5),(83,6),(83,7),(83,8),(83,9),(83,10),(83,11),(83,12),(83,13),(83,14),(83,15),(83,16),(83,17),(83,18),(83,19),(83,20),(83,21),(83,22),(83,23),(83,24),(83,25),(83,26),(83,27),(83,28),(83,29),(83,30),(83,31),(83,32),(83,33),(83,34),(83,35),(83,36),(83,37),(83,38),(83,39),(83,40),(83,41),(83,42),(83,43),(83,44),(83,45),(83,46),(83,47),(83,48),(83,49),(83,50),(83,51),(83,52),(84,1),(84,2),(84,3),(84,4),(84,5),(84,6),(84,7),(84,8),(84,9),(84,10),(84,11),(84,12),(84,13),(84,14),(84,15),(84,16),(84,17),(84,18),(84,19),(84,20),(84,21),(84,22),(84,23),(84,24),(84,25),(84,26),(84,27),(84,28),(84,29),(84,30),(84,31),(84,32),(84,33),(84,34),(84,35),(84,36),(84,37),(84,38),(84,39),(84,40),(84,41),(84,42),(84,43),(84,44),(84,45),(84,46),(84,47),(84,48),(84,49),(84,50),(84,51),(84,52),(85,1),(85,2),(85,3),(85,4),(85,5),(85,6),(85,7),(85,8),(85,9),(85,10),(85,11),(85,12),(85,13),(85,14),(85,15),(85,16),(85,17),(85,18),(85,19),(85,20),(85,21),(85,22),(85,23),(85,24),(85,25),(85,26),(85,27),(85,28),(85,29),(85,30),(85,31),(85,32),(85,33),(85,34),(85,35),(85,36),(85,37),(85,38),(85,39),(85,40),(85,41),(85,42),(85,43),(85,44),(85,45),(85,46),(85,47),(85,48),(85,49),(85,50),(85,51),(85,52),(86,1),(86,2),(86,3),(86,4),(86,5),(86,6),(86,7),(86,8),(86,9),(86,10),(86,11),(86,12),(86,13),(86,14),(86,15),(86,16),(86,17),(86,18),(86,19),(86,20),(86,21),(86,22),(86,23),(86,24),(86,25),(86,26),(86,27),(86,28),(86,29),(86,30),(86,31),(86,32),(86,33),(86,34),(86,35),(86,36),(86,37),(86,38),(86,39),(86,40),(86,41),(86,42),(86,43),(86,44),(86,45),(86,46),(86,47),(86,48),(86,49),(86,50),(86,51),(86,52),(87,1);
/*!40000 ALTER TABLE `document_category_lender` ENABLE KEYS */;
UNLOCK TABLES;
DROP TABLE IF EXISTS `document_category_trustee`;
/*!40101 SET @saved_cs_client     = @@character_set_client */;
/*!40101 SET character_set_client = utf8 */;
CREATE TABLE `document_category_trustee` (
  `document_category_id` int(11) NOT NULL DEFAULT '0',
  `trustee_id` int(11) NOT NULL DEFAULT '0',
  PRIMARY KEY (`document_category_id`,`trustee_id`),
  UNIQUE KEY `document_category_id` (`document_category_id`,`trustee_id`)
) ENGINE=InnoDB DEFAULT CHARSET=utf8 COLLATE=utf8_unicode_ci;
/*!40101 SET character_set_client = @saved_cs_client */;

LOCK TABLES `document_category_trustee` WRITE;
/*!40000 ALTER TABLE `document_category_trustee` DISABLE KEYS */;
INSERT INTO `document_category_trustee` VALUES (1,1),(2,1),(7,1),(9,1),(10,1),(11,1),(13,1),(14,1),(15,1),(16,1),(17,1),(19,1),(20,1),(21,1),(22,1),(23,1),(24,1),(25,1),(26,1),(27,1),(28,1),(31,1),(33,1),(34,1),(39,1),(40,1),(42,1),(43,1),(44,1),(45,1),(46,1),(47,1),(48,1),(49,1),(50,1),(51,1),(52,1),(53,1),(54,1),(55,1),(56,1),(57,1),(58,1),(59,1),(60,1),(61,1),(62,1),(63,1),(64,1),(65,1),(66,1),(67,1),(68,1),(69,1),(70,1),(71,1),(72,1),(74,1),(76,1),(77,1),(78,1),(79,1),(80,1),(81,1),(82,1),(83,1),(84,1),(85,1),(86,1);
/*!40000 ALTER TABLE `document_category_trustee` ENABLE KEYS */;
UNLOCK TABLES;
DROP TABLE IF EXISTS `document_lender`;
/*!40101 SET @saved_cs_client     = @@character_set_client */;
/*!40101 SET character_set_client = utf8 */;
CREATE TABLE `document_lender` (
  `document_id` int(11) NOT NULL DEFAULT '0',
  `lender_id` int(11) NOT NULL DEFAULT '0',
  PRIMARY KEY (`document_id`,`lender_id`),
  UNIQUE KEY `document_id` (`document_id`,`lender_id`)
) ENGINE=InnoDB DEFAULT CHARSET=utf8 COLLATE=utf8_unicode_ci;
/*!40101 SET character_set_client = @saved_cs_client */;

LOCK TABLES `document_lender` WRITE;
/*!40000 ALTER TABLE `document_lender` DISABLE KEYS */;
INSERT INTO `document_lender` VALUES (6,1),(6,2),(6,3),(6,4),(6,5),(6,6),(6,7),(6,8),(6,9),(6,10),(6,11),(6,12),(6,13),(6,14),(6,15),(6,16),(6,17),(6,18),(6,19),(6,20),(6,21),(6,22),(6,23),(6,24),(6,25),(6,26),(6,27),(6,28),(6,29),(6,30),(6,31),(6,32),(6,33),(6,34),(6,35),(6,36),(6,37),(6,38),(6,39),(6,40),(6,41),(6,42),(6,43),(6,44),(6,45),(6,46),(6,47),(6,48),(6,49),(6,50),(6,51),(6,52),(7,1),(7,2),(7,3),(7,4),(7,5),(7,6),(7,7),(7,8),(7,9),(7,10),(7,11),(7,12),(7,13),(7,14),(7,15),(7,16),(7,17),(7,18),(7,19),(7,20),(7,21),(7,22),(7,23),(7,24),(7,25),(7,26),(7,27),(7,28),(7,29),(7,30),(7,31),(7,32),(7,33),(7,34),(7,35),(7,36),(7,37),(7,38),(7,39),(7,40),(7,41),(7,42),(7,43),(7,44),(7,45),(7,46),(7,47),(7,48),(7,49),(7,50),(7,51),(7,52),(8,1),(8,2),(8,3),(8,4),(8,5),(8,6),(8,7),(8,8),(8,9),(8,10),(8,11),(8,12),(8,13),(8,14),(8,15),(8,16),(8,17),(8,18),(8,19),(8,20),(8,21),(8,22),(8,23),(8,24),(8,25),(8,26),(8,27),(8,28),(8,29),(8,30),(8,31),(8,32),(8,33),(8,34),(8,35),(8,36),(8,37),(8,38),(8,39),(8,40),(8,41),(8,42),(8,43),(8,44),(8,45),(8,46),(8,47),(8,48),(8,49),(8,50),(8,51),(8,52),(9,1),(9,2),(9,3),(9,4),(9,5),(9,6),(9,7),(9,8),(9,9),(9,10),(9,11),(9,12),(9,13),(9,14),(9,15),(9,16),(9,17),(9,18),(9,19),(9,20),(9,21),(9,22),(9,23),(9,24),(9,25),(9,26),(9,27),(9,28),(9,29),(9,30),(9,31),(9,32),(9,33),(9,34),(9,35),(9,36),(9,37),(9,38),(9,39),(9,40),(9,41),(9,42),(9,43),(9,44),(9,45),(9,46),(9,47),(9,48),(9,49),(9,50),(9,51),(9,52),(10,1),(10,2),(10,3),(10,4),(10,5),(10,6),(10,7),(10,8),(10,9),(10,10),(10,11),(10,12),(10,13),(10,14),(10,15),(10,16),(10,17),(10,18),(10,19),(10,20),(10,21),(10,22),(10,23),(10,24),(10,25),(10,26),(10,27),(10,28),(10,29),(10,30),(10,31),(10,32),(10,33),(10,34),(10,35),(10,36),(10,37),(10,38),(10,39),(10,40),(10,41),(10,42),(10,43),(10,44),(10,45),(10,46),(10,47),(10,48),(10,49),(10,50),(10,51),(10,52),(11,1),(11,2),(11,3),(11,4),(11,5),(11,6),(11,7),(11,8),(11,9),(11,10),(11,11),(11,12),(11,13),(11,14),(11,15),(11,16),(11,17),(11,18),(11,19),(11,20),(11,21),(11,22),(11,23),(11,24),(11,25),(11,26),(11,27),(11,28),(11,29),(11,30),(11,31),(11,32),(11,33),(11,34),(11,35),(11,36),(11,37),(11,38),(11,39),(11,40),(11,41),(11,42),(11,43),(11,44),(11,45),(11,46),(11,47),(11,48),(11,49),(11,50),(11,51),(11,52),(12,1),(12,2),(12,3),(12,4),(12,5),(12,6),(12,7),(12,8),(12,9),(12,10),(12,11),(12,12),(12,13),(12,14),(12,15),(12,16),(12,17),(12,18),(12,19),(12,20),(12,21),(12,22),(12,23),(12,24),(12,25),(12,26),(12,27),(12,28),(12,29),(12,30),(12,31),(12,32),(12,33),(12,34),(12,35),(12,36),(12,37),(12,38),(12,39),(12,40),(12,41),(12,42),(12,43),(12,44),(12,45),(12,46),(12,47),(12,48),(12,49),(12,50),(12,51),(12,52),(13,1),(13,2),(13,3),(13,4),(13,5),(13,6),(13,7),(13,8),(13,9),(13,10),(13,11),(13,12),(13,13),(13,14),(13,15),(13,16),(13,17),(13,18),(13,19),(13,20),(13,21),(13,22),(13,23),(13,24),(13,25),(13,26),(13,27),(13,28),(13,29),(13,30),(13,31),(13,32),(13,33),(13,34),(13,35),(13,36),(13,37),(13,38),(13,39),(13,40),(13,41),(13,42),(13,43),(13,44),(13,45),(13,46),(13,47),(13,48),(13,49),(13,50),(13,51),(13,52),(14,1),(14,2),(14,3),(14,4),(14,5),(14,6),(14,7),(14,8),(14,9),(14,10),(14,11),(14,12),(14,13),(14,14),(14,15),(14,16),(14,17),(14,18),(14,19),(14,20),(14,21),(14,22),(14,23),(14,24),(14,25),(14,26),(14,27),(14,28),(14,29),(14,30),(14,31),(14,32),(14,33),(14,34),(14,35),(14,36),(14,37),(14,38),(14,39),(14,40),(14,41),(14,42),(14,43),(14,44),(14,45),(14,46),(14,47),(14,48),(14,49),(14,50),(14,51),(14,52),(15,1),(15,2),(15,3),(15,4),(15,5),(15,6),(15,7),(15,8),(15,9),(15,10),(15,11),(15,12),(15,13),(15,14),(15,15),(15,16),(15,17),(15,18),(15,19),(15,20),(15,21),(15,22),(15,23),(15,24),(15,25),(15,26),(15,27),(15,28),(15,29),(15,30),(15,31),(15,32),(15,33),(15,34),(15,35),(15,36),(15,37),(15,38),(15,39),(15,40),(15,41),(15,42),(15,43),(15,44),(15,45),(15,46),(15,47),(15,48),(15,49),(15,50),(15,51),(15,52),(16,1),(16,2),(16,3),(16,4),(16,5),(16,6),(16,7),(16,8),(16,9),(16,10),(16,11),(16,12),(16,13),(16,14),(16,15),(16,16),(16,17),(16,18),(16,19),(16,20),(16,21),(16,22),(16,23),(16,24),(16,25),(16,26),(16,27),(16,28),(16,29),(16,30),(16,31),(16,32),(16,33),(16,34),(16,35),(16,36),(16,37),(16,38),(16,39),(16,40),(16,41),(16,42),(16,43),(16,44),(16,45),(16,46),(16,47),(16,48),(16,49),(16,50),(16,51),(16,52),(17,1),(17,2),(17,3),(17,4),(17,5),(17,6),(17,7),(17,8),(17,9),(17,10),(17,11),(17,12),(17,13),(17,14),(17,15),(17,16),(17,17),(17,18),(17,19),(17,20),(17,21),(17,22),(17,23),(17,24),(17,25),(17,26),(17,27),(17,28),(17,29),(17,30),(17,31),(17,32),(17,33),(17,34),(17,35),(17,36),(17,37),(17,38),(17,39),(17,40),(17,41),(17,42),(17,43),(17,44),(17,45),(17,46),(17,47),(17,48),(17,49),(17,50),(17,51),(17,52),(18,1),(18,2),(18,3),(18,4),(18,5),(18,6),(18,7),(18,8),(18,9),(18,10),(18,11),(18,12),(18,13),(18,14),(18,15),(18,16),(18,17),(18,18),(18,19),(18,20),(18,21),(18,22),(18,23),(18,24),(18,25),(18,26),(18,27),(18,28),(18,29),(18,30),(18,31),(18,32),(18,33),(18,34),(18,35),(18,36),(18,37),(18,38),(18,39),(18,40),(18,41),(18,42),(18,43),(18,44),(18,45),(18,46),(18,47),(18,48),(18,49),(18,50),(18,51),(18,52),(19,1),(19,2),(19,3),(19,4),(19,5),(19,6),(19,7),(19,8),(19,9),(19,10),(19,11),(19,12),(19,13),(19,14),(19,15),(19,16),(19,17),(19,18),(19,19),(19,20),(19,21),(19,22),(19,23),(19,24),(19,25),(19,26),(19,27),(19,28),(19,29),(19,30),(19,31),(19,32),(19,33),(19,34),(19,35),(19,36),(19,37),(19,38),(19,39),(19,40),(19,41),(19,42),(19,43),(19,44),(19,45),(19,46),(19,47),(19,48),(19,49),(19,50),(19,51),(19,52),(20,1),(20,2),(20,3),(20,4),(20,5),(20,6),(20,7),(20,8),(20,9),(20,10),(20,11),(20,12),(20,13),(20,14),(20,15),(20,16),(20,17),(20,18),(20,19),(20,20),(20,21),(20,22),(20,23),(20,24),(20,25),(20,26),(20,27),(20,28),(20,29),(20,30),(20,31),(20,32),(20,33),(20,34),(20,35),(20,36),(20,37),(20,38),(20,39),(20,40),(20,41),(20,42),(20,43),(20,44),(20,45),(20,46),(20,47),(20,48),(20,49),(20,50),(20,51),(20,52),(21,1),(21,2),(21,3),(21,4),(21,5),(21,6),(21,7),(21,8),(21,9),(21,10),(21,11),(21,12),(21,13),(21,14),(21,15),(21,16),(21,17),(21,18),(21,19),(21,20),(21,21),(21,22),(21,23),(21,24),(21,25),(21,26),(21,27),(21,28),(21,29),(21,30),(21,31),(21,32),(21,33),(21,34),(21,35),(21,36),(21,37),(21,38),(21,39),(21,40),(21,41),(21,42),(21,43),(21,44),(21,45),(21,46),(21,47),(21,48),(21,49),(21,50),(21,51),(21,52),(22,1),(22,2),(22,3),(22,4),(22,5),(22,6),(22,7),(22,8),(22,9),(22,10),(22,11),(22,12),(22,13),(22,14),(22,15),(22,16),(22,17),(22,18),(22,19),(22,20),(22,21),(22,22),(22,23),(22,24),(22,25),(22,26),(22,27),(22,28),(22,29),(22,30),(22,31),(22,32),(22,33),(22,34),(22,35),(22,36),(22,37),(22,38),(22,39),(22,40),(22,41),(22,42),(22,43),(22,44),(22,45),(22,46),(22,47),(22,48),(22,49),(22,50),(22,51),(22,52),(23,1),(23,2),(23,3),(23,4),(23,5),(23,6),(23,7),(23,8),(23,9),(23,10),(23,11),(23,12),(23,13),(23,14),(23,15),(23,16),(23,17),(23,18),(23,19),(23,20),(23,21),(23,22),(23,23),(23,24),(23,25),(23,26),(23,27),(23,28),(23,29),(23,30),(23,31),(23,32),(23,33),(23,34),(23,35),(23,36),(23,37),(23,38),(23,39),(23,40),(23,41),(23,42),(23,43),(23,44),(23,45),(23,46),(23,47),(23,48),(23,49),(23,50),(23,51),(23,52),(24,1),(24,2),(24,3),(24,4),(24,5),(24,6),(24,7),(24,8),(24,9),(24,10),(24,11),(24,12),(24,13),(24,14),(24,15),(24,16),(24,17),(24,18),(24,19),(24,20),(24,21),(24,22),(24,23),(24,24),(24,25),(24,26),(24,27),(24,28),(24,29),(24,30),(24,31),(24,32),(24,33),(24,34),(24,35),(24,36),(24,37),(24,38),(24,39),(24,40),(24,41),(24,42),(24,43),(24,44),(24,45),(24,46),(24,47),(24,48),(24,49),(24,50),(24,51),(24,52),(25,1),(25,2),(25,3),(25,4),(25,5),(25,6),(25,7),(25,8),(25,9),(25,10),(25,11),(25,12),(25,13),(25,14),(25,15),(25,16),(25,17),(25,18),(25,19),(25,20),(25,21),(25,22),(25,23),(25,24),(25,25),(25,26),(25,27),(25,28),(25,29),(25,30),(25,31),(25,32),(25,33),(25,34),(25,35),(25,36),(25,37),(25,38),(25,39),(25,40),(25,41),(25,42),(25,43),(25,44),(25,45),(25,46),(25,47),(25,48),(25,49),(25,50),(25,51),(25,52),(26,1),(26,2),(26,3),(26,4),(26,5),(26,6),(26,7),(26,8),(26,9),(26,10),(26,11),(26,12),(26,13),(26,14),(26,15),(26,16),(26,17),(26,18),(26,19),(26,20),(26,21),(26,22),(26,23),(26,24),(26,25),(26,26),(26,27),(26,28),(26,29),(26,30),(26,31),(26,32),(26,33),(26,34),(26,35),(26,36),(26,37),(26,38),(26,39),(26,40),(26,41),(26,42),(26,43),(26,44),(26,45),(26,46),(26,47),(26,48),(26,49),(26,50),(26,51),(26,52),(27,1),(27,2),(27,3),(27,4),(27,5),(27,6),(27,7),(27,8),(27,9),(27,10),(27,11),(27,12),(27,13),(27,14),(27,15),(27,16),(27,17),(27,18),(27,19),(27,20),(27,21),(27,22),(27,23),(27,24),(27,25),(27,26),(27,27),(27,28),(27,29),(27,30),(27,31),(27,32),(27,33),(27,34),(27,35),(27,36),(27,37),(27,38),(27,39),(27,40),(27,41),(27,42),(27,43),(27,44),(27,45),(27,46),(27,47),(27,48),(27,49),(27,50),(27,51),(27,52),(28,1),(28,2),(28,3),(28,4),(28,5),(28,6),(28,7),(28,8),(28,9),(28,10),(28,11),(28,12),(28,13),(28,14),(28,15),(28,16),(28,17),(28,18),(28,19),(28,20),(28,21),(28,22),(28,23),(28,24),(28,25),(28,26),(28,27),(28,28),(28,29),(28,30),(28,31),(28,32),(28,33),(28,34),(28,35),(28,36),(28,37),(28,38),(28,39),(28,40),(28,41),(28,42),(28,43),(28,44),(28,45),(28,46),(28,47),(28,48),(28,49),(28,50),(28,51),(28,52),(29,1),(29,2),(29,3),(29,4),(29,5),(29,6),(29,7),(29,8),(29,9),(29,10),(29,11),(29,12),(29,13),(29,14),(29,15),(29,16),(29,17),(29,18),(29,19),(29,20),(29,21),(29,22),(29,23),(29,24),(29,25),(29,26),(29,27),(29,28),(29,29),(29,30),(29,31),(29,32),(29,33),(29,34),(29,35),(29,36),(29,37),(29,38),(29,39),(29,40),(29,41),(29,42),(29,43),(29,44),(29,45),(29,46),(29,47),(29,48),(29,49),(29,50),(29,51),(29,52),(30,1),(30,2),(30,3),(30,4),(30,5),(30,6),(30,7),(30,8),(30,9),(30,10),(30,11),(30,12),(30,13),(30,14),(30,15),(30,16),(30,17),(30,18),(30,19),(30,20),(30,21),(30,22),(30,23),(30,24),(30,25),(30,26),(30,27),(30,28),(30,29),(30,30),(30,31),(30,32),(30,33),(30,34),(30,35),(30,36),(30,37),(30,38),(30,39),(30,40),(30,41),(30,42),(30,43),(30,44),(30,45),(30,46),(30,47),(30,48),(30,49),(30,50),(30,51),(30,52),(33,1),(33,2),(33,3),(33,4),(33,5),(33,6),(33,7),(33,8),(33,9),(33,10),(33,11),(33,12),(33,13),(33,14),(33,15),(33,16),(33,17),(33,18),(33,19),(33,20),(33,21),(33,22),(33,23),(33,24),(33,25),(33,26),(33,27),(33,28),(33,29),(33,30),(33,31),(33,32),(33,33),(33,34),(33,35),(33,36),(33,37),(33,38),(33,39),(33,40),(33,41),(33,42),(33,43),(33,44),(33,45),(33,46),(33,47),(33,48),(33,49),(33,50),(33,51),(33,52),(35,1),(39,1),(39,3),(39,4),(39,5),(39,6),(39,7),(39,8),(39,9),(39,10),(39,11),(39,12),(39,13),(39,14),(39,15),(39,16),(39,17),(39,18),(39,52);
/*!40000 ALTER TABLE `document_lender` ENABLE KEYS */;
UNLOCK TABLES;
DROP TABLE IF EXISTS `document_revisions`;
/*!40101 SET @saved_cs_client     = @@character_set_client */;
/*!40101 SET character_set_client = utf8 */;
CREATE TABLE `document_revisions` (
  `id` bigint(20) unsigned NOT NULL AUTO_INCREMENT,
  `document_id` bigint(20) unsigned NOT NULL,
  `document_heading` varchar(191) COLLATE utf8mb4_unicode_ci DEFAULT NULL,
  `document_name` varchar(191) COLLATE utf8mb4_unicode_ci NOT NULL,
  `document_guide` varchar(191) COLLATE utf8mb4_unicode_ci DEFAULT NULL,
  `document_filename` varchar(191) COLLATE utf8mb4_unicode_ci NOT NULL,
  `document_date` varchar(4) COLLATE utf8mb4_unicode_ci DEFAULT NULL,
  `expiry_date` date DEFAULT NULL,
  `document_status` tinyint(1) NOT NULL DEFAULT '0',
  `created_at` timestamp NULL DEFAULT CURRENT_TIMESTAMP,
  `updated_at` timestamp NULL DEFAULT CURRENT_TIMESTAMP,
  PRIMARY KEY (`id`),
  KEY `documents_document_category_id_foreign` (`document_id`)
) ENGINE=MyISAM AUTO_INCREMENT=130 DEFAULT CHARSET=utf8mb4 COLLATE=utf8mb4_unicode_ci;
/*!40101 SET character_set_client = @saved_cs_client */;

LOCK TABLES `document_revisions` WRITE;
/*!40000 ALTER TABLE `document_revisions` DISABLE KEYS */;
INSERT INTO `document_revisions` VALUES (1,16,'Shareholding Pattern with Profile of Investors - Hi this is the test <br> Hi this is the test','Shareholding Pattern with Profile of Investors','Shareholding Pattern with Profile of Investors','uploads/documents/Share Holding Pattern.pdf','2018','2020-10-31',1,'2020-12-03 11:04:25','2020-12-15 14:40:40'),(2,16,'Shareholding Pattern with Profile of Investors - uguygyugyugyuyguyg','Shareholding Pattern with Profile of Investors','Shareholding Pattern with Profile of Investors','uploads/documents/Share Holding Pattern.pdf','2018','2020-10-31',1,'2020-12-03 11:18:57','2020-12-15 14:40:40'),(3,16,'Shareholding Pattern with Profile of Investors - uguygyugyugyuyguyg','Shareholding Pattern with Profile of Investors','Shareholding Pattern with Profile of Investors','uploads/documents/Share Holding Pattern.pdf','2018','2020-10-31',1,'2020-12-03 12:09:37','2020-12-15 14:40:40'),(4,16,'Shareholding Pattern with Profile of Investors','Shareholding Pattern with Profile of Investors','Shareholding Pattern with Profile of Investors','uploads/documents/Share Holding Pattern.pdf','2018','2020-10-31',1,'2020-12-03 12:16:21','2020-12-15 14:40:40'),(5,17,'List of Directors with Profile of Directors','List of Directors with Profile of Directors','List of Directors with Profile of Directors','uploads/documents/Brief Profile of Directors.pdf','2020','2020-10-31',1,'2020-12-03 12:17:22','2020-12-03 17:47:32'),(6,24,'Director list with DIN','Director list with DIN',NULL,'uploads/documents/March 2015.pdf','2015','2015-03-01',1,'2020-12-04 06:52:23','2020-12-15 14:40:48'),(7,25,'Director list with DIN','Director list with DIN',NULL,'uploads/documents/March 2016.pdf','2016','2016-03-01',1,'2020-12-04 06:53:12','2020-12-04 12:29:21'),(8,26,'Director list with DIN','Director list with DIN',NULL,'uploads/documents/March 2017.pdf','2017','2017-03-01',1,'2020-12-04 06:54:59','2020-12-04 12:29:24'),(9,27,'Director list with DIN','Director list with DIN',NULL,'uploads/documents/March 2018.pdf','2018','2018-03-01',1,'2020-12-04 06:56:55','2020-12-07 15:13:21'),(10,28,NULL,'Director list with DIN',NULL,'uploads/documents/March 2019.pdf','2019','2019-03-01',1,'2020-12-04 06:58:03','2020-12-15 14:40:57'),(11,16,'Shareholding Pattern with Profile of Investors1','Shareholding Pattern with Profile of Investors1','Shareholding Pattern with Profile of Investors','uploads/documents/Share Holding Pattern.pdf','2018','2020-10-31',1,'2020-12-04 10:52:54','2020-12-15 14:40:40'),(12,16,'Shareholding Pattern with Profile of Investors','Shareholding Pattern with Profile of Investors','Shareholding Pattern with Profile of Investors','uploads/documents/Share Holding Pattern.pdf','2018','2020-10-31',1,'2020-12-04 10:54:00','2020-12-15 14:40:40'),(13,28,'Director list with DIN','Director list with DIN','Director list with DIN','uploads/documents/March 2019.pdf','2019','2019-03-01',1,'2020-12-07 09:37:38','2020-12-15 14:40:57'),(14,27,'Director list with DIN','Director list with DIN','Director list with DIN','uploads/documents/March 2018.pdf','2018','2018-03-01',1,'2020-12-07 09:43:09','2020-12-07 15:13:21'),(15,29,'Portfolio Cuts','Portfolio Cuts',NULL,'uploads/documents/Portfolio Cuts Sep 2020.xlsx','2020','2020-09-01',1,'2020-12-09 07:49:15','2020-12-16 12:57:22'),(16,29,'Portfolio Cuts','Portfolio Cuts',NULL,'uploads/documents/Portfolio Cuts Sep 2020.xlsx','2020','2020-09-01',1,'2020-12-09 07:52:58','2020-12-16 12:57:22'),(17,30,'Projections','Projections',NULL,'uploads/documents/CMA.XLSX','2020','2020-09-01',1,'2020-12-09 07:57:20','2020-12-16 12:59:55'),(18,30,'Projections','Projections',NULL,'uploads/documents/CMA.XLSX','2020','2020-09-01',1,'2020-12-09 08:02:17','2020-12-16 12:59:55'),(19,30,'Projections','Projections',NULL,'uploads/documents/CMA.XLSX','2020','2020-09-01',1,'2020-12-09 08:02:58','2020-12-16 12:59:55'),(20,30,'Projections for September','Projections',NULL,'uploads/documents/CMA.XLSX','2020','2020-09-01',1,'2020-12-09 10:01:06','2020-12-16 12:59:55'),(21,30,'Projections for September','Projections',NULL,'uploads/documents/CMA.XLSX','2020','2020-09-01',1,'2020-12-09 12:25:31','2020-12-16 12:59:55'),(22,29,'Portfolio Cuts','Portfolio Cuts',NULL,'uploads/documents/Portfolio Cuts Sep 2020.xlsx','2020','2020-09-01',1,'2020-12-09 12:26:01','2020-12-16 12:57:22'),(23,28,'Director list with DIN','Director list with DIN','Director list with DIN','uploads/documents/March 2019.pdf','2019','2019-03-01',1,'2020-12-09 12:26:25','2020-12-15 14:40:57'),(24,23,'Asset and Liability Management','Asset and Liability Management','Asset and Liability Management','uploads/documents/ALM March 20.xlsx','2020','2020-03-30',1,'2020-12-09 12:27:21','2020-12-15 14:40:44'),(25,22,'Asset and Liability Management','Asset and Liability Management','Asset and Liability Management','uploads/documents/ALM Sep 2020.xlsx','2020','2020-09-30',1,'2020-12-09 12:27:57','2020-12-09 18:01:03'),(26,21,'CARE Rating','CARE Rating',NULL,'uploads/documents/CARE.pdf','2020','2020-03-24',1,'2020-12-09 12:28:26','2020-12-09 18:01:07'),(27,20,'CRISIL Rating','CRISIL Rating',NULL,'uploads/documents/CRISIL.PDF','2020','2020-08-18',1,'2020-12-09 12:28:50','2020-12-09 18:01:11'),(28,19,NULL,'Product Profile','Product Profile','uploads/documents/Product Profile.pdf','2020','2020-10-31',1,'2020-12-09 12:29:10','2021-04-09 13:14:54'),(29,18,'Brief about KMPs','Brief about KMPs',NULL,'uploads/documents/KMP Profile.pdf','2020','2020-10-31',1,'2020-12-09 12:29:36','2020-12-09 18:01:16'),(30,16,'Shareholding Pattern with Profile of Investors','Shareholding Pattern with Profile of Investors','Shareholding Pattern with Profile of Investors','uploads/documents/Share Holding Pattern.pdf','2018','2020-10-31',1,'2020-12-09 12:31:44','2020-12-15 14:40:40'),(31,13,'Latest Corporate Presentation','Latest Corporate Presentation','Latest Corporate Presentation','uploads/documents/Ess Kay Corporate Presentation .pdf','2020','2020-09-30',1,'2020-12-09 16:44:05','2020-12-09 22:14:27'),(32,16,'Shareholding Pattern with Profile of Investors','Shareholding Pattern with Profile of Investors','Shareholding Pattern with Profile of Investors','uploads/documents/Share Holding Pattern.pdf','2018','2020-10-31',1,'2020-12-09 16:48:55','2020-12-15 14:40:40'),(33,28,'Director list with DIN','Director list with DIN','Director list with DIN','uploads/documents/March 2019.pdf','2019','2019-03-01',1,'2020-12-12 04:59:05','2020-12-15 14:40:57'),(34,30,'Projections for September','Projections',NULL,'uploads/documents/CMA.XLSX','2020','2020-09-01',1,'2020-12-12 07:59:47','2020-12-16 12:59:55'),(35,30,'Projections for September','Projections',NULL,'uploads/documents/CMA.XLSX','2020','2020-09-01',1,'2020-12-12 08:03:51','2020-12-16 12:59:55'),(36,28,'Director list with DIN','Director list with DIN','Director list with DIN','uploads/documents/Brief Introduction about company.pdf','2019','2019-03-01',1,'2020-12-12 08:15:57','2020-12-15 14:40:57'),(37,28,'Director list with DIN','Director list with DIN','Director list with DIN','uploads/documents/March 2019.pdf','2019','2019-03-01',1,'2020-12-12 08:16:49','2020-12-15 14:40:57'),(38,30,'Projections for September','Projections','Director list with DIN','uploads/documents/CMA.XLSX','2020','2020-09-01',1,'2020-12-14 07:40:25','2020-12-16 12:59:55'),(39,30,'Projections for September','Projections','Director list with DIN','uploads/documents/CMA.XLSX','2020','2020-09-01',1,'2020-12-15 06:51:30','2020-12-16 12:59:55'),(40,30,'Projections for September','Projections','Director list with DIN','uploads/documents/CMA.XLSX','2019','2020-09-01',1,'2020-12-15 07:10:12','2020-12-16 12:59:55'),(41,30,'Projections for September','Projections','Director list with DIN','uploads/documents/CMA.XLSX','2019','2020-09-01',1,'2020-12-15 07:18:14','2020-12-16 12:59:55'),(42,30,'Projections for September','Projections','Director list with DIN','uploads/documents/CMA.XLSX','2019','2020-09-01',1,'2020-12-15 07:24:39','2020-12-16 12:59:55'),(43,30,'Projections for September','Projections','Director list with DIN','uploads/documents/CMA.XLSX','2019','2020-09-01',1,'2020-12-15 07:30:06','2020-12-16 12:59:55'),(44,30,'Projections for September','Projections','Director list with DIN','uploads/documents/CMA.XLSX','2020','2020-09-01',1,'2020-12-15 07:30:49','2020-12-16 12:59:55'),(45,29,'Portfolio Cuts','Portfolio Cuts',NULL,'uploads/documents/Portfolio Cuts Sep 2020.xlsx','2019','2020-09-01',1,'2020-12-15 07:33:35','2020-12-16 12:57:22'),(46,12,'Financial Statement','Financial Statement','Financial Statement','uploads/documents/Financial Statement.pdf','2018','2020-03-31',1,'2020-12-15 07:36:29','2020-12-15 14:41:06'),(47,12,'Financial Statement','Financial Statement','Financial Statement','uploads/documents/Financial Statement.pdf','2018','2020-03-31',1,'2020-12-15 07:37:27','2020-12-15 14:41:06'),(48,12,'Financial Statement','Financial Statement','Financial Statement','uploads/documents/Financial Statement.pdf','2020','2020-03-31',1,'2020-12-15 07:38:38','2020-12-15 14:41:06'),(49,23,'Asset and Liability Management','Asset and Liability Management','Asset and Liability Management','uploads/documents/ALM March 20.xlsx','2019','2020-03-30',1,'2020-12-15 07:51:17','2020-12-15 14:40:44'),(50,23,'Asset and Liability Management','Asset and Liability Management','Asset and Liability Management','uploads/documents/ALM March 20.xlsx','2020','2020-03-30',1,'2020-12-15 07:52:36','2020-12-15 14:40:44'),(51,14,'Banking Arrangement','Banking Arrangement','Banking Arrangement','uploads/documents/Banking Arrangement.xlsx','2019','2020-10-30',1,'2020-12-15 08:07:36','2020-12-15 14:41:03'),(52,14,'Banking Arrangement','Banking Arrangement','Banking Arrangement','uploads/documents/Banking Arrangement.xlsx','2020','2020-10-30',1,'2020-12-15 08:08:12','2020-12-15 14:41:03'),(53,6,'MOA/AOA','MOA/AOA',NULL,'uploads/documents/Latest MOA & AOA_0001  10 Sept 2020.pdf','2019','2020-11-10',1,'2020-12-15 08:09:20','2020-12-15 14:41:28'),(54,24,'Director list with DIN','Director list with DIN',NULL,'uploads/documents/March 2015.pdf','2020','2015-03-01',1,'2020-12-15 08:13:31','2020-12-15 14:40:48'),(55,24,'Director list with DIN','Director list with DIN',NULL,'uploads/documents/March 2015.pdf','2015','2015-03-01',1,'2020-12-15 08:13:50','2020-12-15 14:40:48'),(56,6,'MOA/AOA','MOA/AOA',NULL,'uploads/documents/Latest MOA & AOA_0001  10 Sept 2020.pdf','2020','2020-11-09',1,'2020-12-15 08:15:50','2020-12-15 14:41:28'),(57,6,'MOA/AOA','MOA/AOA',NULL,'uploads/documents/Latest MOA & AOA_0001  10 Sept 2020.pdf','2019','2020-11-09',1,'2020-12-15 08:31:56','2020-12-15 14:41:28'),(58,7,'RBI Certificate','RBI Certificate',NULL,'uploads/documents/rbi certificate_limited.pdf','2019','2020-11-09',1,'2020-12-15 08:35:30','2020-12-15 14:41:20'),(59,7,'RBI Certificate','RBI Certificate',NULL,'uploads/documents/rbi certificate_limited.pdf','2020','2020-11-09',1,'2020-12-15 08:35:41','2020-12-15 14:41:20'),(60,7,'RBI Certificate','RBI Certificate',NULL,'uploads/documents/rbi certificate_limited.pdf','2018','2020-11-09',1,'2020-12-15 08:56:19','2020-12-15 14:41:20'),(61,7,'RBI Certificate','RBI Certificate',NULL,'uploads/documents/rbi certificate_limited.pdf','2020','2020-11-09',1,'2020-12-15 08:57:08','2020-12-15 14:41:20'),(62,8,'Certificate of Incorporation','Certificate of Incorporation',NULL,'uploads/documents/Certificate of Incorporation_Limited.pdf','2019','2020-11-09',1,'2020-12-15 08:58:22','2020-12-15 14:41:12'),(63,8,'Certificate of Incorporation','Certificate of Incorporation',NULL,'uploads/documents/Certificate of Incorporation_Limited.pdf','2020','2020-11-09',1,'2020-12-15 09:02:25','2020-12-15 14:41:12'),(64,8,'Certificate of Incorporation','Certificate of Incorporation',NULL,'uploads/documents/Certificate of Incorporation_Limited.pdf','2019','2020-11-09',1,'2020-12-15 09:04:58','2020-12-15 14:41:12'),(65,19,NULL,'Product Profile','Product Profile','uploads/documents/Product Profile.pdf','2019','2020-10-31',1,'2020-12-15 09:12:53','2021-04-09 13:14:54'),(66,31,'Projection1','Projection1',NULL,'uploads/article_pdf/factory-20-10-12.pdf','2020','2020-12-16',1,'2020-12-16 07:11:08','2020-12-16 12:42:39'),(67,31,'Projection1','Projection1',NULL,'uploads/article_pdf/factory-20-10-12.pdf','2020','2020-12-16',1,'2020-12-16 07:12:24','2020-12-16 12:42:39'),(68,30,'Projections for September','Projections','Director list with DIN','uploads/documents/CMA.XLSX','2020','2020-09-02',1,'2020-12-16 07:14:33','2020-12-16 12:59:55'),(69,30,'Projections for September','Projections','Director list with DIN','uploads/documents/CMA.XLSX','2020','2020-09-01',1,'2020-12-16 07:15:21','2020-12-16 12:59:55'),(70,30,'Projections for September','Projections',NULL,'uploads/documents/CMA.XLSX','2020','2020-09-01',1,'2020-12-16 07:16:17','2020-12-16 12:59:55'),(71,29,'Portfolio Cuts','Portfolio Cuts',NULL,'uploads/documents/Portfolio Cuts Sep 2020.xlsx','2019','2020-09-01',1,'2020-12-16 07:16:38','2020-12-16 12:57:22'),(72,30,'Projections for September','Projections',NULL,'uploads/documents/CMA.XLSX','2020','2020-09-01',1,'2020-12-16 07:17:32','2020-12-16 12:59:55'),(73,30,'Projections for September','Projections',NULL,'uploads/documents/CMA.XLSX','2020','2020-12-16',1,'2020-12-16 07:19:12','2020-12-16 12:59:55'),(74,30,'Projections for September','Projections',NULL,'uploads/documents/CMA.XLSX','2020','2020-12-16',1,'2020-12-16 07:19:58','2020-12-16 12:59:55'),(75,30,'Projections for September','Projections',NULL,'uploads/documents/CMA.XLSX','2020','2020-12-16',1,'2020-12-16 07:21:22','2020-12-16 12:59:55'),(76,29,'Portfolio Cuts','Portfolio Cuts',NULL,'uploads/documents/Portfolio Cuts Sep 2020.xlsx','2019','2020-12-16',1,'2020-12-16 07:22:08','2020-12-16 12:57:22'),(77,30,'Projections for September','Projections','Director list with DIN','uploads/documents/CMA.XLSX','2020','2020-12-16',1,'2020-12-16 07:26:00','2020-12-16 12:59:55'),(78,29,'Portfolio Cuts','Portfolio Cuts',NULL,'uploads/documents/Portfolio Cuts Sep 2020.xlsx','2019','2020-12-16',1,'2020-12-16 07:27:16','2020-12-16 12:57:22'),(79,30,'Projections for September','Projections',NULL,'uploads/documents/CMA.XLSX','2020','2020-12-16',1,'2020-12-16 07:29:32','2020-12-16 12:59:55'),(80,32,'Projects','Projects',NULL,'uploads/article_pdf/Ess Kay Journal _Sept\' 20.pdf','2020','2020-12-16',1,'2020-12-16 07:32:14','2020-12-16 13:04:54'),(81,32,'Projects','Projects',NULL,'uploads/article_pdf/Ess Kay Journal _Sept\' 20.pdf','2020','2020-12-16',1,'2020-12-16 07:32:42','2020-12-16 13:04:54'),(82,32,'Projects','Projects',NULL,'uploads/article_pdf/Ess Kay Journal _Sept\' 20.pdf','2020','2020-12-16',1,'2020-12-16 07:33:55','2020-12-16 13:04:54'),(83,32,'Projects','Projects',NULL,'uploads/article_pdf/Ess Kay Journal _Sept\' 20.pdf','2020','2020-12-16',1,'2020-12-16 07:34:48','2020-12-16 13:04:54'),(84,33,'MOA/AOA','MOA/AOA','MOA/AOA','uploads/documents/Latest MOA & AOA_0001  10 Sept 2020.pdf','2020','2020-09-10',1,'2020-12-22 07:49:07','2021-02-26 18:41:06'),(85,33,'MOA/AOA','MOA/AOA','MOA/AOA','uploads/documents/Latest MOA & AOA_0001  10 Sept 2020.pdf','2020','2020-09-10',1,'2021-02-24 05:38:03','2021-02-26 18:41:06'),(86,33,'MOA/AOA','MOA/AOA','MOA/AOA','uploads/documents/Latest MOA & AOA_0001  10 Sept 2020.pdf','2020','2020-09-10',1,'2021-02-24 05:39:00','2021-02-26 18:41:06'),(87,33,'MOA/AOA','MOA/AOA','MOA/AOA','uploads/documents/Latest MOA & AOA_0001  10 Sept 2020.pdf','2020','2020-09-10',1,'2021-02-25 14:21:14','2021-02-26 18:41:06'),(88,35,NULL,'Covenants',NULL,'uploads/documents/Brief-Introduction-about-company.pdf',NULL,'2021-03-23',1,'2021-03-23 06:46:01','2021-04-08 11:43:31'),(89,35,NULL,'Covenants',NULL,'uploads/documents/Brief-Introduction-about-company.pdf',NULL,'2021-03-23',1,'2021-03-23 07:23:24','2021-04-08 11:43:31'),(90,36,'lorem ipsum','lorem ipsum','dajkfsag','uploads/articles/blog_image1.jpg','2021','2021-03-30',1,'2021-03-30 09:50:13','2021-04-08 11:43:21'),(91,36,'lorem ipsum','lorem ipsum','dajkfsag','uploads/articles/blog_image1.jpg','2021','2021-03-31',1,'2021-03-30 09:53:19','2021-04-08 11:43:21'),(92,36,'lorem ipsum','lorem ipsum','dajkfsag','uploads/articles/blog_image1.jpg','2021','2021-03-31',1,'2021-03-30 09:54:09','2021-04-08 11:43:21'),(93,36,'lorem ipsum','lorem ipsum','dajkfsag','uploads/article_pdf/Tiger Riders Logo.pdf','2021','2021-03-31',1,'2021-03-30 10:01:16','2021-04-08 11:43:21'),(94,36,'lorem ipsum','lorem ipsum','dajkfsag','uploads/article_pdf/Tiger Riders Logo.pdf',NULL,'2021-03-31',1,'2021-03-30 10:04:34','2021-04-08 11:43:21'),(95,37,NULL,'new doc upload',NULL,'uploads/article_pdf/print.pdf','2021','2021-03-30',1,'2021-03-30 10:14:15','2021-03-30 15:46:31'),(96,37,NULL,'new doc upload',NULL,'uploads/article_pdf/print.pdf','2021','2021-03-30',1,'2021-03-30 10:16:13','2021-03-30 15:46:31'),(97,36,'lorem ipsum','lorem ipsum','dajkfsag','uploads/article_pdf/Tiger Riders Logo.pdf',NULL,'2021-03-31',1,'2021-03-30 10:17:18','2021-04-08 11:43:21'),(98,38,'Annual Report 2021','Annual Report 2021',NULL,'uploads/article_pdf/Tiger Riders Logo.pdf','2021','2021-03-30',1,'2021-03-30 10:52:28','2021-03-30 16:31:24'),(99,38,'Annual Report 2021','Annual Report 2021',NULL,'uploads/article_pdf/Tiger Riders Logo.pdf','2021','2021-03-30',1,'2021-03-30 10:55:37','2021-03-30 16:31:24'),(100,38,'Annual Report','Annual Report',NULL,'uploads/article_pdf/Tiger Riders Logo.pdf','2021','2021-03-30',1,'2021-03-30 10:59:40','2021-03-30 16:31:24'),(101,38,'Annual Report','Annual Report','Annual Report','uploads/article_pdf/Tiger Riders Logo.pdf','2021','2021-03-30',1,'2021-03-30 11:01:07','2021-03-30 16:31:24'),(102,39,'Permanent Account Number','Permanent Account Number',NULL,'uploads/documents/PAN CARD_Ess Kay Fincorp Ltd.pdf','2021','1994-11-21',1,'2021-04-08 05:51:16','2021-04-08 11:43:10'),(103,39,'Permanent Account Number','Permanent Account Number','Permanent Account Number','uploads/documents/PAN CARD_Ess Kay Fincorp Ltd.pdf','2021','1994-11-21',1,'2021-04-08 05:54:11','2021-04-08 11:43:10'),(104,39,'Permanent Account Number','Permanent Account Number','Permanent Account Number','uploads/documents/PAN CARD_Ess Kay Fincorp Ltd.pdf','2021','1994-11-21',1,'2021-04-08 05:58:55','2021-04-08 11:43:10'),(105,39,'Permanent Account Number','Permanent Account Number','Permanent Account Number','uploads/documents/PAN CARD_Ess Kay Fincorp Ltd.pdf','2021','1994-11-21',1,'2021-04-08 06:04:55','2021-04-08 11:43:10'),(106,40,'GST Registration','GST Registration',NULL,'uploads/documents/GST Registration.pdf','2021','2017-07-01',1,'2021-04-08 06:12:06','2021-04-08 11:43:05'),(107,40,'GST Registration','GST Registration',NULL,'uploads/documents/GST Registration.pdf','2021','2017-07-01',1,'2021-04-08 06:12:39','2021-04-08 11:43:05'),(108,41,'LEI Number','LEI Number',NULL,'uploads/documents/LEI Number.pdf',NULL,NULL,1,'2021-04-08 06:16:05','2021-04-08 11:47:16'),(109,41,'LEI Number','LEI Number',NULL,'uploads/documents/LEI Number.pdf','2021','2021-04-01',1,'2021-04-08 06:16:50','2021-04-08 11:47:16'),(110,42,'TAN Number','TAN Number',NULL,'uploads/documents/Tan Allotment Letter.pdf','2021','2017-04-28',1,'2021-04-08 06:21:24','2021-04-08 11:51:52'),(111,42,'TAN Number','TAN Number',NULL,'uploads/documents/Tan Allotment Letter.pdf','2021','2017-04-28',1,'2021-04-08 06:21:39','2021-04-08 11:51:52'),(112,43,'List of Directors','List of Directors',NULL,'uploads/documents/List of Directors.pdf','2021','2021-03-31',1,'2021-04-08 06:56:20','2021-04-08 12:27:24'),(113,43,'List of Directors','List of Directors',NULL,'uploads/documents/List of Directors.pdf','2021','2021-03-31',1,'2021-04-08 06:56:39','2021-04-08 12:27:24'),(114,44,'List of KMP with Breif Profile','List of KMP with Brief Profile',NULL,'uploads/documents/Details of Key Managerial Personnel of the Company.pdf','2021','2020-03-31',1,'2021-04-08 08:56:22','2021-04-08 14:29:36'),(115,44,'List of KMP with Breif Profile','List of KMP with Brief Profile',NULL,'uploads/documents/Details of Key Managerial Personnel of the Company.pdf','2021','2021-03-31',1,'2021-04-08 08:56:56','2021-04-08 14:29:36'),(116,19,NULL,'Product Profile','Product Profile','uploads/documents/Product Profile.pdf','2019','2020-10-31',1,'2021-04-09 07:43:26','2021-04-09 13:14:54'),(117,45,NULL,'Financial Statements',NULL,'uploads/documents/Financial Statement FY 19-20.pdf','2020','2020-03-31',1,'2021-04-09 08:59:47','2021-04-09 14:58:01'),(118,45,NULL,'Financial Statements',NULL,'uploads/documents/Financial Statement FY 19-20.pdf','2020','2020-03-31',1,'2021-04-09 09:00:06','2021-04-09 14:58:01'),(119,46,NULL,'Financial Statements',NULL,'uploads/documents/Financial Statement FY 19.PDF','2019','2019-03-31',1,'2021-04-09 09:08:44','2021-04-09 14:57:57'),(120,46,NULL,'Financial Statements',NULL,'uploads/documents/Financial Statement FY 19.PDF','2019','2019-03-31',1,'2021-04-09 09:08:59','2021-04-09 14:57:57'),(121,47,NULL,'Audit Report','Audit Report','uploads/documents/Audit Report FY19.PDF','2019','2019-03-31',1,'2021-04-09 09:24:15','2021-04-14 10:29:29'),(122,48,'Financial Statement','Financial Statements',NULL,'uploads/documents/Financial Statement FY 18.pdf','2018','2018-03-31',1,'2021-04-09 09:37:55','2021-04-10 11:27:48'),(123,49,'Audit Report','Audit Report',NULL,'uploads/documents/Auditor Report FY18.pdf','2018','2018-03-31',1,'2021-04-09 09:39:32','2021-04-10 11:27:44'),(124,50,'Corporate Presentation','Corporate Presentation',NULL,'uploads/documents/Ess Kay Corporate Presentation FY20.pdf','2020','2020-03-31',1,'2021-04-09 10:13:33','2021-04-10 11:27:40'),(125,51,'Corporate Presentation H1 FY21','Corporate Presentation H1 FY21',NULL,'uploads/documents/Ess Kay Corporate Presentation Sep 20.pdf','2021','2020-09-30',1,'2021-04-09 11:08:46','2021-04-10 11:27:36'),(126,52,'Multiple Banking Arrangement','Multiple Banking Arrangement',NULL,'uploads/documents/Multiple Banking Arrangement.pdf','2021','2021-03-31',1,'2021-04-10 06:16:25','2021-04-14 10:29:22'),(127,47,NULL,'Audit Report','Audit Report','uploads/documents/Audit Report FY19.PDF','2019','2019-03-31',1,'2021-04-13 12:00:50','2021-04-14 10:29:29'),(128,53,'Multiple Banking Arrangement','Multiple Banking Arrangement',NULL,'uploads/documents/Banking Arrangement.pdf','2021','2021-03-31',1,'2021-04-13 12:10:11','2021-04-14 10:29:22'),(129,53,'Multiple Banking Arrangement','Multiple Banking Arrangement',NULL,'uploads/documents/Banking Arrangement.pdf','2021','2021-03-31',1,'2021-04-13 12:10:24','2021-04-14 10:29:22');
/*!40000 ALTER TABLE `document_revisions` ENABLE KEYS */;
UNLOCK TABLES;
DROP TABLE IF EXISTS `document_trustee`;
/*!40101 SET @saved_cs_client     = @@character_set_client */;
/*!40101 SET character_set_client = utf8 */;
CREATE TABLE `document_trustee` (
  `document_id` int(11) NOT NULL DEFAULT '0',
  `trustee_id` int(11) NOT NULL DEFAULT '0',
  PRIMARY KEY (`document_id`,`trustee_id`),
  UNIQUE KEY `document_id` (`document_id`,`trustee_id`)
) ENGINE=InnoDB DEFAULT CHARSET=utf8 COLLATE=utf8_unicode_ci;
/*!40101 SET character_set_client = @saved_cs_client */;

LOCK TABLES `document_trustee` WRITE;
/*!40000 ALTER TABLE `document_trustee` DISABLE KEYS */;
INSERT INTO `document_trustee` VALUES (6,1),(7,1),(8,1),(9,1),(10,1),(11,1),(12,1),(13,1),(14,1),(15,1),(16,1),(17,1),(18,1),(19,1),(20,1),(21,1),(22,1),(23,1),(24,1),(25,1),(26,1),(27,1),(28,1),(29,1),(30,1),(33,1),(36,1),(37,1),(38,1),(39,1),(39,2),(39,3),(39,4),(39,5),(39,6),(40,1),(41,1),(42,1),(43,1),(44,1),(45,1),(46,1),(47,1),(48,1),(49,1),(50,1),(51,1),(52,1),(53,1);
/*!40000 ALTER TABLE `document_trustee` ENABLE KEYS */;
UNLOCK TABLES;
DROP TABLE IF EXISTS `documents`;
/*!40101 SET @saved_cs_client     = @@character_set_client */;
/*!40101 SET character_set_client = utf8 */;
CREATE TABLE `documents` (
  `id` bigint(20) unsigned NOT NULL AUTO_INCREMENT,
  `user_id` int(11) NOT NULL,
  `document_category_id` bigint(20) unsigned NOT NULL,
  `document_sub_category_id` bigint(20) unsigned DEFAULT NULL,
  `document_heading` varchar(191) COLLATE utf8mb4_unicode_ci DEFAULT NULL,
  `document_name` varchar(191) COLLATE utf8mb4_unicode_ci NOT NULL,
  `document_guide` varchar(255) COLLATE utf8mb4_unicode_ci DEFAULT NULL,
  `document_filename` varchar(191) COLLATE utf8mb4_unicode_ci NOT NULL,
  `document_date` varchar(4) COLLATE utf8mb4_unicode_ci DEFAULT NULL,
  `document_pdf` varchar(500) COLLATE utf8mb4_unicode_ci DEFAULT NULL,
  `expiry_date` date DEFAULT NULL,
  `document_status` tinyint(1) NOT NULL DEFAULT '0',
  `created_at` timestamp NULL DEFAULT NULL,
  `updated_at` timestamp NULL DEFAULT NULL,
  PRIMARY KEY (`id`),
  KEY `documents_document_category_id_foreign` (`document_category_id`),
  KEY `documents_document_sub_category_id_foreign` (`document_sub_category_id`),
  KEY `user_id` (`user_id`)
) ENGINE=MyISAM AUTO_INCREMENT=54 DEFAULT CHARSET=utf8mb4 COLLATE=utf8mb4_unicode_ci;
/*!40101 SET character_set_client = @saved_cs_client */;

LOCK TABLES `documents` WRITE;
/*!40000 ALTER TABLE `documents` DISABLE KEYS */;
INSERT INTO `documents` VALUES (17,1,17,21,'List of Directors with Profile of Directors','List of Directors with Profile of Directors','List of Directors with Profile of Directors','uploads/documents/Brief-Profile-Directors.pdf','2020',NULL,'2020-10-31',1,'2020-11-30 15:08:03','2020-12-03 17:47:32'),(18,1,17,22,'Brief about KMPs','Brief about KMPs',NULL,'uploads/documents/KMP-Profile.pdf','2020',NULL,'2020-10-31',1,'2020-11-30 15:09:37','2020-12-09 18:01:16'),(6,1,1,13,'MOA/AOA','MOA/AOA',NULL,'uploads/documents/Latest-MOA-AOA_0001-10-Sept-2020.pdf','2019',NULL,'2020-11-09',1,'2020-11-09 11:26:35','2020-12-15 14:41:28'),(7,1,1,14,'RBI Certificate','RBI Certificate',NULL,'uploads/documents/rbi-certificate_limited.pdf','2020',NULL,'2020-11-09',1,'2020-11-09 15:19:03','2020-12-15 14:41:20'),(8,1,1,15,'Certificate of Incorporation','Certificate of Incorporation',NULL,'uploads/documents/Certificate-Incorporation_Limited.pdf','2019',NULL,'2020-11-09',1,'2020-11-09 15:21:35','2020-12-15 14:41:12'),(16,1,17,20,'Shareholding Pattern with Profile of Investors','Shareholding Pattern with Profile of Investors','Shareholding Pattern with Profile of Investors','uploads/documents/Share-Holding-Pattern.pdf','2018',NULL,'2020-10-31',1,'2020-11-30 15:02:22','2020-12-15 14:40:40'),(9,1,1,16,'Director List with DIN','Director List with DIN','Director List with DIN','uploads/documents/List-Director_25.11.2020.pdf','2020',NULL,'2020-11-09',1,'2020-11-28 16:29:49','2020-11-28 17:12:56'),(10,1,1,16,'Director List with DIN','Director List with DIN',NULL,'uploads/documents/List-Director_01.03.2020.pdf','2020',NULL,'2020-03-01',1,'2020-11-28 17:28:39','2020-11-28 17:28:48'),(11,1,17,18,'Brief introduction about company','Brief introduction about company',NULL,'uploads/documents/Brief-Introduction-about-company.pdf','2020',NULL,'2020-11-28',1,'2020-11-28 17:35:16','2020-11-30 11:03:01'),(12,1,2,7,'Financial Statement','Financial Statement','Financial Statement','uploads/documents/Financial-Statement.pdf','2020',NULL,'2020-03-31',1,'2020-11-30 11:11:00','2020-12-15 14:41:06'),(13,1,2,26,'Latest Corporate Presentation','Latest Corporate Presentation','Latest Corporate Presentation','uploads/documents/Ess-Kay-Corporate-Presentation.pdf','2020',NULL,'2020-09-30',1,'2020-11-30 11:27:30','2020-12-09 22:14:27'),(14,1,2,27,'Banking Arrangement','Banking Arrangement','Banking Arrangement','uploads/documents/Banking-Arrangement.xlsx','2020',NULL,'2020-10-30',1,'2020-11-30 11:34:52','2020-12-15 14:41:03'),(15,1,2,10,'Capital Adequacy Statement','Capital Adequacy Statement','Capital Adequacy Statement','uploads/documents/Captial-Adequacy-Statement.pdf','2020',NULL,'2020-09-30',1,'2020-11-30 11:40:39','2020-11-30 11:41:49'),(19,1,17,24,NULL,'Product Profile','Product Profile','uploads/documents/Product Profile.pdf','2019',NULL,'2020-10-31',1,'2020-11-30 15:11:01','2021-04-09 13:14:54'),(20,1,17,33,'CRISIL Rating','CRISIL Rating',NULL,'uploads/documents/CRISIL.PDF','2020',NULL,'2020-08-18',1,'2020-11-30 15:19:43','2020-12-09 18:01:11'),(21,1,17,34,'CARE Rating','CARE Rating',NULL,'uploads/documents/CARE.pdf','2020',NULL,'2020-03-24',1,'2020-11-30 15:21:09','2020-12-09 18:01:07'),(22,1,2,9,'Asset and Liability Management','Asset and Liability Management','Asset and Liability Management','uploads/documents/ALM-Sep2020.xlsx','2020',NULL,'2020-09-30',1,'2020-11-30 15:37:37','2020-12-09 18:01:03'),(23,1,2,9,'Asset and Liability Management','Asset and Liability Management','Asset and Liability Management','uploads/documents/ALM-March20.xlsx','2020',NULL,'2020-03-30',1,'2020-11-30 15:38:21','2020-12-15 14:40:44'),(24,1,1,16,'Director list with DIN','Director list with DIN',NULL,'uploads/documents/March-2015.pdf','2015',NULL,'2015-03-01',1,'2020-12-04 12:22:23','2020-12-15 14:40:48'),(25,1,1,16,'Director list with DIN','Director list with DIN',NULL,'uploads/documents/March-2016.pdf','2016',NULL,'2016-03-01',1,'2020-12-04 12:23:12','2020-12-04 12:29:21'),(26,1,1,16,'Director list with DIN','Director list with DIN',NULL,'uploads/documents/March-2017.pdf','2017',NULL,'2017-03-01',1,'2020-12-04 12:24:59','2020-12-04 12:29:24'),(27,1,1,16,'Director list with DIN','Director list with DIN','Director list with DIN','uploads/documents/March-2018.pdf','2018',NULL,'2018-03-01',1,'2020-12-04 12:26:55','2020-12-07 15:13:21'),(28,1,1,16,'Director list with DIN','Director list with DIN','Director list with DIN','uploads/documents/March-2019.pdf','2019',NULL,'2019-03-01',1,'2020-12-04 12:28:03','2020-12-15 14:40:57'),(29,1,43,28,'Portfolio Cuts','Portfolio Cuts',NULL,'uploads/documents/Portfolio-Cuts-Sep2020.xlsx','2019',NULL,'2020-12-16',1,'2020-12-09 13:19:15','2020-12-16 12:57:22'),(30,1,43,31,'Projections for September','Projections',NULL,'uploads/documents/CMA.XLSX','2020',NULL,'2020-12-16',1,'2020-12-09 13:27:20','2020-12-16 12:59:55'),(33,1,1,13,'MOA/AOA','MOA/AOA','MOA/AOA','uploads/documents/Latest-MOA-AOA_0001-10-Sept-2020.pdf','2020',NULL,'2020-09-10',1,'2020-12-22 13:19:07','2021-02-26 18:41:06'),(34,1,1,13,'MOA/AOA11','MOA/AOA11','MOA/AOA11','uploads/documents/Latest-MOA-AOA_0001-10-Sept-2020.pdf','2020',NULL,'2020-09-10',2,'2020-12-22 13:19:07','2021-03-18 08:07:12'),(35,1,87,NULL,NULL,'Covenants',NULL,'uploads/documents/Brief-Introduction-about-company.pdf',NULL,NULL,'2021-03-23',1,'2021-03-23 12:16:01','2021-04-08 11:43:31'),(45,70,2,7,NULL,'Financial Statements',NULL,'uploads/documents/Financial Statement FY 19-20.pdf','2020',NULL,'2020-03-31',1,'2021-04-09 14:29:47','2021-04-09 14:58:01'),(37,1,1,13,NULL,'new doc upload',NULL,'uploads/article_pdf/print.pdf','2021',NULL,'2021-03-30',1,'2021-03-30 15:44:15','2021-03-30 15:46:31'),(38,1,52,45,'Annual Report','Annual Report','Annual Report','uploads/article_pdf/Tiger Riders Logo.pdf','2021',NULL,'2021-03-30',1,'2021-03-30 16:22:28','2021-03-30 16:31:24'),(39,70,1,40,'Permanent Account Number','Permanent Account Number','Permanent Account Number','uploads/documents/PAN CARD_Ess Kay Fincorp Ltd.pdf','2021',NULL,'1994-11-21',1,'2021-04-08 11:21:16','2021-04-08 11:43:10'),(40,70,1,42,'GST Registration','GST Registration',NULL,'uploads/documents/GST Registration.pdf','2021',NULL,'2017-07-01',1,'2021-04-08 11:42:06','2021-04-08 11:43:05'),(41,70,1,76,'LEI Number','LEI Number',NULL,'uploads/documents/LEI Number.pdf','2021',NULL,'2021-04-01',1,'2021-04-08 11:46:05','2021-04-08 11:47:16'),(42,70,1,77,'TAN Number','TAN Number',NULL,'uploads/documents/Tan Allotment Letter.pdf','2021',NULL,'2017-04-28',1,'2021-04-08 11:51:24','2021-04-08 11:51:52'),(43,70,17,16,'List of Directors','List of Directors',NULL,'uploads/documents/List of Directors.pdf','2021',NULL,'2021-03-31',1,'2021-04-08 12:26:20','2021-04-08 12:27:24'),(44,70,17,22,'List of KMP with Breif Profile','List of KMP with Brief Profile',NULL,'uploads/documents/Details of Key Managerial Personnel of the Company.pdf','2021',NULL,'2021-03-31',1,'2021-04-08 14:26:22','2021-04-08 14:29:36'),(46,70,2,7,NULL,'Financial Statements',NULL,'uploads/documents/Financial Statement FY 19.PDF','2019',NULL,'2019-03-31',1,'2021-04-09 14:38:44','2021-04-09 14:57:57'),(47,70,2,7,NULL,'Audit Report','Audit Report','uploads/documents/Audit Report FY19.PDF','2019',NULL,'2019-03-31',1,'2021-04-09 14:54:15','2021-04-14 10:29:29'),(48,70,2,7,'Financial Statement','Financial Statements',NULL,'uploads/documents/Financial Statement FY 18.pdf','2018',NULL,'2018-03-31',1,'2021-04-09 15:07:55','2021-04-10 11:27:48'),(49,70,2,7,'Audit Report','Audit Report',NULL,'uploads/documents/Auditor Report FY18.pdf','2018',NULL,'2018-03-31',1,'2021-04-09 15:09:32','2021-04-10 11:27:44'),(50,70,2,26,'Corporate Presentation','Corporate Presentation',NULL,'uploads/documents/Ess Kay Corporate Presentation FY20.pdf','2020',NULL,'2020-03-31',1,'2021-04-09 15:43:33','2021-04-10 11:27:40'),(51,70,2,26,'Corporate Presentation H1 FY21','Corporate Presentation H1 FY21',NULL,'uploads/documents/Ess Kay Corporate Presentation Sep 20.pdf','2021',NULL,'2020-09-30',1,'2021-04-09 16:38:46','2021-04-10 11:27:36'),(52,70,2,27,'Multiple Banking Arrangement','Multiple Banking Arrangement',NULL,'uploads/documents/Multiple Banking Arrangement.pdf','2021',NULL,'2021-03-31',1,'2021-04-10 11:46:25','2021-04-14 10:29:22'),(53,70,2,27,'Multiple Banking Arrangement','Multiple Banking Arrangement',NULL,'uploads/documents/Banking Arrangement.pdf','2021',NULL,'2021-03-31',1,'2021-04-13 17:40:11','2021-04-14 10:29:22');
/*!40000 ALTER TABLE `documents` ENABLE KEYS */;
UNLOCK TABLES;
DROP TABLE IF EXISTS `email_sms`;
/*!40101 SET @saved_cs_client     = @@character_set_client */;
/*!40101 SET character_set_client = utf8 */;
CREATE TABLE `email_sms` (
  `id` bigint(20) unsigned NOT NULL AUTO_INCREMENT,
  `send_type` varchar(191) COLLATE utf8mb4_unicode_ci NOT NULL,
  `send_to` varchar(191) COLLATE utf8mb4_unicode_ci NOT NULL,
  `send_subject` varchar(191) COLLATE utf8mb4_unicode_ci NOT NULL,
  `send_message` text COLLATE utf8mb4_unicode_ci NOT NULL,
  `is_deliver` int(11) NOT NULL,
  `created_at` timestamp NULL DEFAULT NULL,
  `updated_at` timestamp NULL DEFAULT NULL,
  PRIMARY KEY (`id`)
) ENGINE=MyISAM AUTO_INCREMENT=385 DEFAULT CHARSET=utf8mb4 COLLATE=utf8mb4_unicode_ci;
/*!40101 SET character_set_client = @saved_cs_client */;

LOCK TABLES `email_sms` WRITE;
/*!40000 ALTER TABLE `email_sms` DISABLE KEYS */;
INSERT INTO `email_sms` VALUES (1,'sms','9462045321','My Message','Hello Munjal, Your OTP is 899655',1,NULL,NULL),(2,'email','munjal@gmail.com','My Message','Dear Munjal, Thanks for registering with Us. Your OTP is 878544. Please DO NOT share your OTP with anyone. Thanks',0,NULL,NULL),(3,'sms','9462045321','User OTP','Your%20OTP%20is%20170021',1,NULL,NULL),(4,'sms','9462045321','User OTP','Your%20OTP%20170021',1,NULL,NULL),(5,'sms','9462045321','User OTP','Your%20OTP%20382246',1,NULL,NULL),(6,'sms','9462045321','User OTP','Your%20OTP%20382246',1,NULL,NULL),(7,'sms','9462045321','User OTP','Your%20OTP%20382246',1,NULL,NULL),(8,'sms','9462045321','User OTP','Your%20OTP%20394178',1,NULL,NULL),(9,'sms','9462045321','User OTP','Your%20OTP%20874056',1,NULL,NULL),(10,'sms','9899392988','User OTP','Your%20OTP%20123450',1,NULL,NULL),(11,'email','jitesh@skfin.in','Contact Us','My test message.',1,NULL,NULL),(12,'email','munjaldevelopment@gmail.com','Contact Us','Thanks',1,NULL,NULL),(13,'email','munjaldevelopment@gmail.com','Contact Us','My message',1,NULL,NULL),(14,'email','munjaldevelopment@gmail.com','Contact Us','My message',1,NULL,NULL),(15,'sms','9462045321','User OTP','Your%20OTP%20950720',1,NULL,NULL),(16,'sms','9462045321','User OTP','Dear%20LOCK%20SUVIDHA%20FINANCE%20LIMITED,%20please%20use%20this%20OTP%20950720%20to%20reset%20the%20password',1,NULL,NULL),(17,'sms','9462045321','User OTP','Dear%20LOCK%20SUVIDHA%20FINANCE%20LIMITED,%20please%20use%20this%20OTP%20950720%20to%20login',1,NULL,NULL),(18,'sms','9462045321','User OTP','Dear%20LOCK%20SUVIDHA%20FINANCE%20LIMITED,%20please%20use%20this%20OTP%20958745%20to%20login',1,NULL,NULL),(19,'sms','9462045321','User OTP','Dear%20LOCK%20SUVIDHA%20FINANCE%20LIMITED,%20please%20use%20this%20OTP%20986373%20to%20login',1,NULL,NULL),(20,'sms','9462045321','User OTP','Dear%20LOCK%20SUVIDHA%20FINANCE%20LIMITED,%20please%20use%20this%20OTP%20168242%20to%20login',1,NULL,NULL),(21,'sms','9462045321','User OTP','Dear%20Ess%20Kay%20Master%20Admin,%20please%20use%20this%20OTP%20600486%20to%20login',1,NULL,NULL),(22,'sms','9462045321','User OTP','Dear%20Ess%20Kay%20Master%20Admin,%20please%20use%20this%20OTP%20470122%20to%20login',1,NULL,NULL),(23,'sms','9462045321','User OTP','Dear%20Ess%20Kay%20Master%20Admin,%20please%20use%20this%20OTP%20470122%20to%20login',1,NULL,NULL),(24,'sms','9462045321','User OTP','Dear%20Ess%20Kay%20Master%20Admin,%20please%20use%20this%20OTP%20215829%20to%20login',1,NULL,NULL),(25,'sms','9462045321','User OTP','Dear%20Ess%20Kay%20Master%20Admin,%20please%20use%20this%20OTP%20361749%20to%20login',1,NULL,NULL),(26,'sms','9462045321','User OTP','Dear%20Ess%20Kay%20Master%20Admin,%20please%20use%20this%20OTP%20361749%20to%20login',1,NULL,NULL),(27,'sms','9462045321','User OTP','Dear%20Ess%20Kay%20Master%20Admin,%20please%20use%20this%20OTP%20333785%20to%20login',1,NULL,NULL),(28,'sms','9462045321','User OTP','Dear%20Ess%20Kay%20Master%20Admin,%20please%20use%20this%20OTP%20793898%20to%20login',1,NULL,NULL),(29,'sms','9462045321','User OTP','Dear%20Ess%20Kay%20Master%20Admin,%20please%20use%20this%20OTP%20681554%20to%20login',1,NULL,NULL),(30,'sms','9462045321','User OTP','Dear%20Ess%20Kay%20Master%20Admin,%20please%20use%20this%20OTP%20331013%20to%20login',1,NULL,NULL),(31,'sms','9462045321','User OTP','Dear%20Ess%20Kay%20Master%20Admin,%20please%20use%20this%20OTP%20345262%20to%20login',1,NULL,NULL),(32,'sms','9462045321','User OTP','Dear%20Ess%20Kay%20Master%20Admin,%20please%20use%20this%20OTP%20478111%20to%20login',1,NULL,NULL),(33,'sms','9462045321','User OTP','Dear%20Ess%20Kay%20Master%20Admin,%20please%20use%20this%20OTP%20215885%20to%20login',1,NULL,NULL),(34,'sms','9462045321','User OTP','Dear%20Ess%20Kay%20Master%20Admin,%20please%20use%20this%20OTP%20270958%20to%20login',1,NULL,NULL),(35,'sms','9462045321','User OTP','Dear%20Ess%20Kay%20Master%20Admin,%20please%20use%20this%20OTP%20734595%20to%20login',1,NULL,NULL),(36,'sms','9462045321','User OTP','Dear%20Ess%20Kay%20Master%20Admin,%20please%20use%20this%20OTP%20277062%20to%20login',1,NULL,NULL),(37,'sms','9462045321','User OTP','Dear%20Ess%20Kay%20Master%20Admin,%20please%20use%20this%20OTP%20277062%20to%20login',1,NULL,NULL),(38,'sms','9462045321','User OTP','Dear%20Ess%20Kay%20Master%20Admin,%20please%20use%20this%20OTP%20455047%20to%20login',1,NULL,NULL),(39,'sms','9462045321','User OTP','Dear%20Ess%20Kay%20Master%20Admin,%20please%20use%20this%20OTP%20517107%20to%20login',1,NULL,NULL),(40,'sms','9462045321','User OTP','Dear%20Ess%20Kay%20Master%20Admin,%20please%20use%20this%20OTP%20998919%20to%20login',1,NULL,NULL),(41,'sms','9462045321','User OTP','Dear%20Ess%20Kay%20Master%20Admin,%20please%20use%20this%20OTP%20330681%20to%20login',1,NULL,NULL),(42,'sms','9462045321','User OTP','Dear%20Ess%20Kay%20Master%20Admin,%20please%20use%20this%20OTP%20814707%20to%20login',1,NULL,NULL),(43,'sms','9462045321','User OTP','Dear%20Ess%20Kay%20Master%20Admin,%20please%20use%20this%20OTP%20959597%20to%20login',1,NULL,NULL),(44,'sms','9462045321','User OTP','Dear%20Ess%20Kay%20Master%20Admin,%20please%20use%20this%20OTP%20801567%20to%20login',1,NULL,NULL),(45,'sms','9462045321','User OTP','Dear%20Ess%20Kay%20Master%20Admin,%20please%20use%20this%20OTP%20206614%20to%20login',1,NULL,NULL),(46,'sms','9462045321','User OTP','Dear%20Ess%20Kay%20Master%20Admin,%20please%20use%20this%20OTP%20172673%20to%20login',1,NULL,NULL),(47,'sms','9462045321','User OTP','Dear%20Ess%20Kay%20Master%20Admin,%20please%20use%20this%20OTP%20685655%20to%20login',1,NULL,NULL),(48,'sms','9462045321','User OTP','Dear%20Ess%20Kay%20Master%20Admin,%20please%20use%20this%20OTP%20472367%20to%20login',1,NULL,NULL),(49,'sms','9462045321','User OTP','Dear%20Ess%20Kay%20Master%20Admin,%20please%20use%20this%20OTP%20171391%20to%20login',1,NULL,NULL),(50,'sms','9462045321','Document Category Added','Dear%20Ess%20Kay%20Master%20Admin,%20You%20have%20assigned%20a%20document%20category.%20',1,NULL,NULL),(51,'sms','9999999999','Document Category Added','Dear%20A%20K%20Capital%20Services%20Limited,%20You%20have%20assigned%20a%20document%20category.%20',1,NULL,NULL),(52,'sms','9462045321','Document Category Added','Dear%20Ess%20Kay%20Master%20Admin,%20You%20have%20assigned%20a%20document%20category.%20',1,NULL,NULL),(53,'sms','9999999999','Document Category Added','Dear%20A%20K%20Capital%20Services%20Limited,%20You%20have%20assigned%20a%20document.',1,NULL,NULL),(54,'sms','9999999998','Document Category Added','Dear%20Au%20Small%20Finance%20Bank%20,%20You%20have%20assigned%20a%20document.',1,NULL,NULL),(55,'sms','9999999999','Document Category Added','Dear%20A%20K%20Capital%20Services%20Limited,%20You%20have%20assigned%20a%20document%20category.%20',1,NULL,NULL),(56,'sms','9462045321','Document Category Added','Dear%20Ess%20Kay%20Master%20Admin,%20You%20have%20assigned%20a%20document%20category.%20',1,NULL,NULL),(57,'sms','9999999999','Document Category Added','Dear%20A%20K%20Capital%20Services%20Limited,%20You%20have%20assigned%20a%20document%20category.%20',1,NULL,NULL),(58,'sms','9462045321','Document Category Added','Dear%20Ess%20Kay%20Master%20Admin,%20You%20have%20assigned%20a%20document%20category.%20',1,NULL,NULL),(59,'sms','9999999999','Document Category Added','Dear%20A%20K%20Capital%20Services%20Limited,%20You%20have%20assigned%20a%20document%20category.%20',1,NULL,NULL),(60,'sms','9462045321','Document Category Added','Dear%20Ess%20Kay%20Master%20Admin,%20You%20have%20assigned%20a%20document%20category.%20',1,NULL,NULL),(61,'sms','7014592698','User OTP','Dear%20Jitesh,%20please%20use%20this%20OTP%20560678%20to%20reset%20the%20password',1,NULL,NULL),(62,'sms','9999999999','User OTP','Dear%20A%20K%20Capital%20Services%20Limited,%20please%20use%20this%20OTP%20600486%20to%20reset%20the%20password',1,NULL,NULL),(63,'sms','9999999999','User OTP','Dear%20A%20K%20Capital%20Services%20Limited,%20please%20use%20this%20OTP%20600486%20to%20reset%20the%20password',1,NULL,NULL),(64,'sms','7014592698','User OTP','Dear%20Jitesh,%20please%20use%20this%20OTP%20560678%20to%20login',1,NULL,NULL),(65,'sms','9999999999','Document Category Added','Dear%20A%20K%20Capital%20Services%20Limited,%20You%20have%20assigned%20a%20document.',1,NULL,NULL),(66,'sms','9999999999','Document Category Added','Dear%20A%20K%20Capital%20Services%20Limited,%20You%20have%20assigned%20a%20document.',1,NULL,NULL),(67,'sms','9999999999','Document Category Added','Dear%20A%20K%20Capital%20Services%20Limited,%20You%20have%20assigned%20a%20document.',1,NULL,NULL),(68,'sms','9999999973','Document Category Added','Dear%20Kotak%20Mahindra%20Bank%20Limited,%20You%20have%20assigned%20a%20document.',1,NULL,NULL),(69,'sms','9999999999','Document Category Added','Dear%20A%20K%20Capital%20Services%20Limited,%20You%20have%20assigned%20a%20document.',1,NULL,NULL),(70,'sms','9999999973','Document Category Added','Dear%20Kotak%20Mahindra%20Bank%20Limited,%20You%20have%20assigned%20a%20document.',1,NULL,NULL),(71,'sms','9999999999','Document Category Added','Dear%20A%20K%20Capital%20Services%20Limited,%20You%20have%20assigned%20a%20document.',1,NULL,NULL),(72,'sms','9999999973','Document Category Added','Dear%20Kotak%20Mahindra%20Bank%20Limited,%20You%20have%20assigned%20a%20document.',1,NULL,NULL),(73,'sms','9999999999','Document Category Added','Dear%20A%20K%20Capital%20Services%20Limited,%20You%20have%20assigned%20a%20document.',1,NULL,NULL),(74,'sms','9999999973','Document Category Added','Dear%20Kotak%20Mahindra%20Bank%20Limited,%20You%20have%20assigned%20a%20document.',1,NULL,NULL),(75,'sms','9999999999','Document Category Added','Dear%20A%20K%20Capital%20Services%20Limited,%20You%20have%20assigned%20a%20document.',1,NULL,NULL),(76,'sms','9999999973','Document Category Added','Dear%20Kotak%20Mahindra%20Bank%20Limited,%20You%20have%20assigned%20a%20document.',1,NULL,NULL),(77,'sms','9999999973','Document Category Added','Dear%20Kotak%20Mahindra%20Bank%20Limited,%20You%20have%20assigned%20a%20document.',1,NULL,NULL),(78,'sms','9999999999','Document Category Added','Dear%20A%20K%20Capital%20Services%20Limited,%20You%20have%20assigned%20a%20document.',1,NULL,NULL),(79,'sms','9999999973','Document Category Added','Dear%20Kotak%20Mahindra%20Bank%20Limited,%20You%20have%20assigned%20a%20document.',1,NULL,NULL),(80,'sms','9999999999','Document Category Added','Dear%20A%20K%20Capital%20Services%20Limited,%20You%20have%20assigned%20a%20document.',1,NULL,NULL),(81,'sms','9999999973','Document Category Added','Dear%20Kotak%20Mahindra%20Bank%20Limited,%20You%20have%20assigned%20a%20document.',1,NULL,NULL),(82,'sms','9999999999','Document Category Added','Dear%20A%20K%20Capital%20Services%20Limited,%20You%20have%20assigned%20a%20document.',1,NULL,NULL),(83,'sms','9999999973','Document Category Added','Dear%20Kotak%20Mahindra%20Bank%20Limited,%20You%20have%20assigned%20a%20document.',1,NULL,NULL),(84,'sms','9999999999','Document Category Added','Dear%20A%20K%20Capital%20Services%20Limited,%20You%20have%20assigned%20a%20document.',1,NULL,NULL),(85,'sms','9999999999','Document Category Added','Dear%20A%20K%20Capital%20Services%20Limited,%20You%20have%20assigned%20a%20document.',1,NULL,NULL),(86,'sms','9999999973','Document Category Added','Dear%20Kotak%20Mahindra%20Bank%20Limited,%20You%20have%20assigned%20a%20document.',1,NULL,NULL),(87,'sms','9999999999','Document Category Added','Dear%20A%20K%20Capital%20Services%20Limited,%20You%20have%20assigned%20a%20document%20category.%20',1,NULL,NULL),(88,'sms','9462045321','Document Category Added','Dear%20Ess%20Kay%20Master%20Admin,%20You%20have%20assigned%20a%20document%20category.%20',1,NULL,NULL),(89,'sms','9999999998','Document Category Added','Dear%20Au%20Small%20Finance%20Bank%20,%20You%20have%20assigned%20a%20document%20category.%20',1,NULL,NULL),(90,'sms','9999999997','Document Category Added','Dear%20Avendus%20PPMLD,%20You%20have%20assigned%20a%20document%20category.%20',1,NULL,NULL),(91,'sms','9999999996','Document Category Added','Dear%20Axis%20Bank%20,%20You%20have%20assigned%20a%20document%20category.%20',1,NULL,NULL),(92,'sms','9999999995','Document Category Added','Dear%20Bajaj%20Finance%20Limited,%20You%20have%20assigned%20a%20document%20category.%20',1,NULL,NULL),(93,'sms','9999999994','Document Category Added','Dear%20Bank%20of%20Baroda,%20You%20have%20assigned%20a%20document%20category.%20',1,NULL,NULL),(94,'sms','9999999993','Document Category Added','Dear%20Bank%20of%20India%20,%20You%20have%20assigned%20a%20document%20category.%20',1,NULL,NULL),(95,'sms','9999999992','Document Category Added','Dear%20Bank%20of%20Maharashtra,%20You%20have%20assigned%20a%20document%20category.%20',1,NULL,NULL),(96,'sms','9999999991','Document Category Added','Dear%20Capital%20Small%20Finance%20Bank%20Ltd,%20You%20have%20assigned%20a%20document%20category.%20',1,NULL,NULL),(97,'sms','9999999990','Document Category Added','Dear%20CSB%20Bank,%20You%20have%20assigned%20a%20document%20category.%20',1,NULL,NULL),(98,'sms','9999999989','Document Category Added','Dear%20Dcb%20Bank%20Limited,%20You%20have%20assigned%20a%20document%20category.%20',1,NULL,NULL),(99,'sms','9999999988','Document Category Added','Dear%20Fedbank%20Financial%20Service%20Limited,%20You%20have%20assigned%20a%20document%20category.%20',1,NULL,NULL),(100,'sms','9999999987','Document Category Added','Dear%20Federal%20Bank%20Limited,%20You%20have%20assigned%20a%20document%20category.%20',1,NULL,NULL),(101,'sms','9999999986','Document Category Added','Dear%20FMO:%20Entrepreneurial%20Development%20Bank,%20You%20have%20assigned%20a%20document%20category.%20',1,NULL,NULL),(102,'sms','9999999985','Document Category Added','Dear%20Franklin%20Templeton,%20You%20have%20assigned%20a%20document%20category.%20',1,NULL,NULL),(103,'sms','9999999984','Document Category Added','Dear%20HDFC%20Bank%20Limited,%20You%20have%20assigned%20a%20document%20category.%20',1,NULL,NULL),(104,'sms','9999999983','Document Category Added','Dear%20Hinduja%20Leyland%20Finance%20Limited%20,%20You%20have%20assigned%20a%20document%20category.%20',1,NULL,NULL),(105,'sms','9999999982','Document Category Added','Dear%20ICICI%20Bank%20,%20You%20have%20assigned%20a%20document%20category.%20',1,NULL,NULL),(106,'sms','9999999981','Document Category Added','Dear%20IDFC%20First%20Bank%20Limited,%20You%20have%20assigned%20a%20document%20category.%20',1,NULL,NULL),(107,'sms','9999999980','Document Category Added','Dear%20IFMR%20Capital%20Finance%20Private%20Limited-%20NCD,%20You%20have%20assigned%20a%20document%20category.%20',1,NULL,NULL),(108,'sms','9999999979','Document Category Added','Dear%20IFMR%20FIMPACT%20Long%20Term%20Multi%20Asset%20Class%20Fund,%20You%20have%20assigned%20a%20document%20category.%20',1,NULL,NULL),(109,'sms','9999999978','Document Category Added','Dear%20Indian%20Bank%20,%20You%20have%20assigned%20a%20document%20category.%20',1,NULL,NULL),(110,'sms','9999999977','Document Category Added','Dear%20Indusind%20Bank%20Limited,%20You%20have%20assigned%20a%20document%20category.%20',1,NULL,NULL),(111,'sms','9999999976','Document Category Added','Dear%20Indian%20Overseas%20Bank,%20You%20have%20assigned%20a%20document%20category.%20',1,NULL,NULL),(112,'sms','9999999975','Document Category Added','Dear%20Karvy%20Capital,%20You%20have%20assigned%20a%20document%20category.%20',1,NULL,NULL),(113,'sms','9999999974','Document Category Added','Dear%20KMPL,%20You%20have%20assigned%20a%20document%20category.%20',1,NULL,NULL),(114,'sms','9999999973','Document Category Added','Dear%20Kotak%20Mahindra%20Bank%20Limited,%20You%20have%20assigned%20a%20document%20category.%20',1,NULL,NULL),(115,'sms','9999999972','Document Category Added','Dear%20Lakshmi%20Vilas%20Bank,%20You%20have%20assigned%20a%20document%20category.%20',1,NULL,NULL),(116,'sms','9999999971','Document Category Added','Dear%20Magma%20Fincorp%20Limited,%20You%20have%20assigned%20a%20document%20category.%20',1,NULL,NULL),(117,'sms','9999999970','Document Category Added','Dear%20Mahindra%20&%20Mahindra%20,%20You%20have%20assigned%20a%20document%20category.%20',1,NULL,NULL),(118,'sms','9999999969','Document Category Added','Dear%20Manappuram%20Finance%20Limited,%20You%20have%20assigned%20a%20document%20category.%20',1,NULL,NULL),(119,'sms','9999999967','Document Category Added','Dear%20Nabkisan%20Finance%20Limited%20,%20You%20have%20assigned%20a%20document%20category.%20',1,NULL,NULL),(120,'sms','9999999966','Document Category Added','Dear%20Nabsamruddhi%20Finance%20Limited%20,%20You%20have%20assigned%20a%20document%20category.%20',1,NULL,NULL),(121,'sms','9999999964','Document Category Added','Dear%20Poonawala%20Finance%20Private%20Limited,%20You%20have%20assigned%20a%20document%20category.%20',1,NULL,NULL),(122,'sms','9999999963','Document Category Added','Dear%20Punjab%20&%20Sind%20Bank%20,%20You%20have%20assigned%20a%20document%20category.%20',1,NULL,NULL),(123,'sms','9999999962','Document Category Added','Dear%20Punjab%20National%20Bank%20,%20You%20have%20assigned%20a%20document%20category.%20',1,NULL,NULL),(124,'sms','9999999961','Document Category Added','Dear%20RBL%20Bank%20Limited,%20You%20have%20assigned%20a%20document%20category.%20',1,NULL,NULL),(125,'sms','9999999960','Document Category Added','Dear%20Reliance%20Mutual%20Fund,%20You%20have%20assigned%20a%20document%20category.%20',1,NULL,NULL),(126,'sms','9999999959','Document Category Added','Dear%20ResponsAbility%20,%20You%20have%20assigned%20a%20document%20category.%20',1,NULL,NULL),(127,'sms','9999999958','Document Category Added','Dear%20Small%20Industries%20Development%20Bank%20of%20India%20%20,%20You%20have%20assigned%20a%20document%20category.%20',1,NULL,NULL),(128,'sms','9999999957','Document Category Added','Dear%20State%20Bank%20of%20India%20,%20You%20have%20assigned%20a%20document%20category.%20',1,NULL,NULL),(129,'sms','9999999956','Document Category Added','Dear%20State%20Bank%20of%20Mauritius%20,%20You%20have%20assigned%20a%20document%20category.%20',1,NULL,NULL),(130,'sms','9999999955','Document Category Added','Dear%20Tata%20Capital%20Finance%20Service%20Limited,%20You%20have%20assigned%20a%20document%20category.%20',1,NULL,NULL),(131,'sms','9999999954','Document Category Added','Dear%20The%20South%20Indian%20Bank%20Limited,%20You%20have%20assigned%20a%20document%20category.%20',1,NULL,NULL),(132,'sms','9999999953','Document Category Added','Dear%20Ujjivan%20Small%20Finance%20Bank%20Ltd,%20You%20have%20assigned%20a%20document%20category.%20',1,NULL,NULL),(133,'sms','9999999952','Document Category Added','Dear%20Union%20Bank%20of%20India%20,%20You%20have%20assigned%20a%20document%20category.%20',1,NULL,NULL),(134,'sms','9999999951','Document Category Added','Dear%20Utkarsh%20Small%20Finance%20Bank,%20You%20have%20assigned%20a%20document%20category.%20',1,NULL,NULL),(135,'sms','9999999950','Document Category Added','Dear%20Vivriti%20Capital%20Private%20Limited,%20You%20have%20assigned%20a%20document%20category.%20',1,NULL,NULL),(136,'sms','9999999999','Document Category Added','Dear%20A%20K%20Capital%20Services%20Limited,%20You%20have%20assigned%20a%20document.',1,NULL,NULL),(137,'sms','9462045321','Document Category Added','Dear%20Ess%20Kay%20Master%20Admin,%20You%20have%20assigned%20a%20document.',1,NULL,NULL),(138,'sms','9999999998','Document Category Added','Dear%20Au%20Small%20Finance%20Bank%20,%20You%20have%20assigned%20a%20document.',1,NULL,NULL),(139,'sms','9999999997','Document Category Added','Dear%20Avendus%20PPMLD,%20You%20have%20assigned%20a%20document.',1,NULL,NULL),(140,'sms','9999999996','Document Category Added','Dear%20Axis%20Bank%20,%20You%20have%20assigned%20a%20document.',1,NULL,NULL),(141,'sms','9999999994','Document Category Added','Dear%20Bank%20of%20Baroda,%20You%20have%20assigned%20a%20document.',1,NULL,NULL),(142,'sms','9999999993','Document Category Added','Dear%20Bank%20of%20India%20,%20You%20have%20assigned%20a%20document.',1,NULL,NULL),(143,'sms','9999999992','Document Category Added','Dear%20Bank%20of%20Maharashtra,%20You%20have%20assigned%20a%20document.',1,NULL,NULL),(144,'sms','9999999991','Document Category Added','Dear%20Capital%20Small%20Finance%20Bank%20Ltd,%20You%20have%20assigned%20a%20document.',1,NULL,NULL),(145,'sms','9999999990','Document Category Added','Dear%20CSB%20Bank,%20You%20have%20assigned%20a%20document.',1,NULL,NULL),(146,'sms','9999999989','Document Category Added','Dear%20Dcb%20Bank%20Limited,%20You%20have%20assigned%20a%20document.',1,NULL,NULL),(147,'sms','9999999988','Document Category Added','Dear%20Fedbank%20Financial%20Service%20Limited,%20You%20have%20assigned%20a%20document.',1,NULL,NULL),(148,'sms','9999999987','Document Category Added','Dear%20Federal%20Bank%20Limited,%20You%20have%20assigned%20a%20document.',1,NULL,NULL),(149,'sms','9999999985','Document Category Added','Dear%20Franklin%20Templeton,%20You%20have%20assigned%20a%20document.',1,NULL,NULL),(150,'sms','9999999984','Document Category Added','Dear%20HDFC%20Bank%20Limited,%20You%20have%20assigned%20a%20document.',1,NULL,NULL),(151,'sms','9999999983','Document Category Added','Dear%20Hinduja%20Leyland%20Finance%20Limited%20,%20You%20have%20assigned%20a%20document.',1,NULL,NULL),(152,'sms','9999999982','Document Category Added','Dear%20ICICI%20Bank%20,%20You%20have%20assigned%20a%20document.',1,NULL,NULL),(153,'sms','9999999981','Document Category Added','Dear%20IDFC%20First%20Bank%20Limited,%20You%20have%20assigned%20a%20document.',1,NULL,NULL),(154,'sms','9999999980','Document Category Added','Dear%20IFMR%20Capital%20Finance%20Private%20Limited-%20NCD,%20You%20have%20assigned%20a%20document.',1,NULL,NULL),(155,'sms','9999999979','Document Category Added','Dear%20IFMR%20FIMPACT%20Long%20Term%20Multi%20Asset%20Class%20Fund,%20You%20have%20assigned%20a%20document.',1,NULL,NULL),(156,'sms','9999999978','Document Category Added','Dear%20Indian%20Bank%20,%20You%20have%20assigned%20a%20document.',1,NULL,NULL),(157,'sms','9999999977','Document Category Added','Dear%20Indusind%20Bank%20Limited,%20You%20have%20assigned%20a%20document.',1,NULL,NULL),(158,'sms','9999999976','Document Category Added','Dear%20Indian%20Overseas%20Bank,%20You%20have%20assigned%20a%20document.',1,NULL,NULL),(159,'sms','9999999975','Document Category Added','Dear%20Karvy%20Capital,%20You%20have%20assigned%20a%20document.',1,NULL,NULL),(160,'sms','9999999974','Document Category Added','Dear%20KMPL,%20You%20have%20assigned%20a%20document.',1,NULL,NULL),(161,'sms','9999999973','Document Category Added','Dear%20Kotak%20Mahindra%20Bank%20Limited,%20You%20have%20assigned%20a%20document.',1,NULL,NULL),(162,'sms','9999999972','Document Category Added','Dear%20Lakshmi%20Vilas%20Bank,%20You%20have%20assigned%20a%20document.',1,NULL,NULL),(163,'sms','9999999970','Document Category Added','Dear%20Mahindra%20&%20Mahindra%20,%20You%20have%20assigned%20a%20document.',1,NULL,NULL),(164,'sms','9999999969','Document Category Added','Dear%20Manappuram%20Finance%20Limited,%20You%20have%20assigned%20a%20document.',1,NULL,NULL),(165,'sms','9999999968','Document Category Added','Dear%20Mudra%20,%20You%20have%20assigned%20a%20document.',1,NULL,NULL),(166,'sms','9999999967','Document Category Added','Dear%20Nabkisan%20Finance%20Limited%20,%20You%20have%20assigned%20a%20document.',1,NULL,NULL),(167,'sms','9999999966','Document Category Added','Dear%20Nabsamruddhi%20Finance%20Limited%20,%20You%20have%20assigned%20a%20document.',1,NULL,NULL),(168,'sms','9999999965','Document Category Added','Dear%20Northern%20Arc%20Capital%20(Ifmr%20Fimpact%20Income%20Bu),%20You%20have%20assigned%20a%20document.',1,NULL,NULL),(169,'sms','9999999964','Document Category Added','Dear%20Poonawala%20Finance%20Private%20Limited,%20You%20have%20assigned%20a%20document.',1,NULL,NULL),(170,'sms','9999999963','Document Category Added','Dear%20Punjab%20&%20Sind%20Bank%20,%20You%20have%20assigned%20a%20document.',1,NULL,NULL),(171,'sms','9999999962','Document Category Added','Dear%20Punjab%20National%20Bank%20,%20You%20have%20assigned%20a%20document.',1,NULL,NULL),(172,'sms','9999999961','Document Category Added','Dear%20RBL%20Bank%20Limited,%20You%20have%20assigned%20a%20document.',1,NULL,NULL),(173,'sms','9999999960','Document Category Added','Dear%20Reliance%20Mutual%20Fund,%20You%20have%20assigned%20a%20document.',1,NULL,NULL),(174,'sms','9999999959','Document Category Added','Dear%20ResponsAbility%20,%20You%20have%20assigned%20a%20document.',1,NULL,NULL),(175,'sms','9999999958','Document Category Added','Dear%20Small%20Industries%20Development%20Bank%20of%20India%20%20,%20You%20have%20assigned%20a%20document.',1,NULL,NULL),(176,'sms','9999999957','Document Category Added','Dear%20State%20Bank%20of%20India%20,%20You%20have%20assigned%20a%20document.',1,NULL,NULL),(177,'sms','9999999956','Document Category Added','Dear%20State%20Bank%20of%20Mauritius%20,%20You%20have%20assigned%20a%20document.',1,NULL,NULL),(178,'sms','9999999955','Document Category Added','Dear%20Tata%20Capital%20Finance%20Service%20Limited,%20You%20have%20assigned%20a%20document.',1,NULL,NULL),(179,'sms','9999999954','Document Category Added','Dear%20The%20South%20Indian%20Bank%20Limited,%20You%20have%20assigned%20a%20document.',1,NULL,NULL),(180,'sms','9999999953','Document Category Added','Dear%20Ujjivan%20Small%20Finance%20Bank%20Ltd,%20You%20have%20assigned%20a%20document.',1,NULL,NULL),(181,'sms','9999999952','Document Category Added','Dear%20Union%20Bank%20of%20India%20,%20You%20have%20assigned%20a%20document.',1,NULL,NULL),(182,'sms','9999999951','Document Category Added','Dear%20Utkarsh%20Small%20Finance%20Bank,%20You%20have%20assigned%20a%20document.',1,NULL,NULL),(183,'sms','9999999950','Document Category Added','Dear%20Vivriti%20Capital%20Private%20Limited,%20You%20have%20assigned%20a%20document.',1,NULL,NULL),(184,'sms','9999999999','Document Category Added','Dear%20A%20K%20Capital%20Services%20Limited,%20You%20have%20assigned%20a%20document.',1,NULL,NULL),(185,'sms','9999999999','Document Category Added','Dear%20A%20K%20Capital%20Services%20Limited,%20You%20have%20assigned%20a%20document.',1,NULL,NULL),(186,'email','test@gmail.com','Contact Us','testing',1,NULL,NULL),(187,'email','1122@gmail.com','Contact Us','ee333e3e',1,NULL,NULL),(188,'sms','9887501240','User OTP','Dear%20A%20K%20Capital%20Services%20Limited,%20please%20use%20this%20OTP%20824647%20to%20reset%20the%20password',1,NULL,NULL),(189,'sms','9887501240','User OTP','Dear%20A%20K%20Capital%20Services%20Limited,%20please%20use%20this%20OTP%20491770%20to%20reset%20the%20password',1,NULL,NULL),(190,'sms','9887501240','User OTP','Dear%20A%20K%20Capital%20Services%20Limited,%20please%20use%20this%20OTP%20491770%20to%20login',1,NULL,NULL),(191,'sms','9887501240','User OTP','Dear%20A%20K%20Capital%20Services%20Limited,%20please%20use%20this%20OTP%20301951%20to%20reset%20the%20password',1,NULL,NULL),(192,'sms','9887501240','Document Category Added','Dear%20A%20K%20Capital%20Services%20Limited,%20You%20have%20assigned%20a%20document%20category.%20',1,NULL,NULL),(193,'sms','9999999998','Document Category Added','Dear%20Au%20Small%20Finance%20Bank%20,%20You%20have%20assigned%20a%20document%20category.%20',1,NULL,NULL),(194,'sms','9999999997','Document Category Added','Dear%20Avendus%20PPMLD,%20You%20have%20assigned%20a%20document%20category.%20',1,NULL,NULL),(195,'sms','9999999996','Document Category Added','Dear%20Axis%20Bank%20,%20You%20have%20assigned%20a%20document%20category.%20',1,NULL,NULL),(196,'sms','9999999995','Document Category Added','Dear%20Bajaj%20Finance%20Limited,%20You%20have%20assigned%20a%20document%20category.%20',1,NULL,NULL),(197,'sms','9999999994','Document Category Added','Dear%20Bank%20of%20Baroda,%20You%20have%20assigned%20a%20document%20category.%20',1,NULL,NULL),(198,'sms','9999999993','Document Category Added','Dear%20Bank%20of%20India%20,%20You%20have%20assigned%20a%20document%20category.%20',1,NULL,NULL),(199,'sms','9999999992','Document Category Added','Dear%20Bank%20of%20Maharashtra,%20You%20have%20assigned%20a%20document%20category.%20',1,NULL,NULL),(200,'sms','9999999991','Document Category Added','Dear%20Capital%20Small%20Finance%20Bank%20Ltd,%20You%20have%20assigned%20a%20document%20category.%20',1,NULL,NULL),(201,'sms','9999999990','Document Category Added','Dear%20CSB%20Bank,%20You%20have%20assigned%20a%20document%20category.%20',1,NULL,NULL),(202,'sms','9999999989','Document Category Added','Dear%20Dcb%20Bank%20Limited,%20You%20have%20assigned%20a%20document%20category.%20',1,NULL,NULL),(203,'sms','9999999988','Document Category Added','Dear%20Fedbank%20Financial%20Service%20Limited,%20You%20have%20assigned%20a%20document%20category.%20',1,NULL,NULL),(204,'sms','9999999987','Document Category Added','Dear%20Federal%20Bank%20Limited,%20You%20have%20assigned%20a%20document%20category.%20',1,NULL,NULL),(205,'sms','9999999986','Document Category Added','Dear%20FMO:%20Entrepreneurial%20Development%20Bank,%20You%20have%20assigned%20a%20document%20category.%20',1,NULL,NULL),(206,'sms','9999999985','Document Category Added','Dear%20Franklin%20Templeton,%20You%20have%20assigned%20a%20document%20category.%20',1,NULL,NULL),(207,'sms','9999999984','Document Category Added','Dear%20HDFC%20Bank%20Limited,%20You%20have%20assigned%20a%20document%20category.%20',1,NULL,NULL),(208,'sms','9999999983','Document Category Added','Dear%20Hinduja%20Leyland%20Finance%20Limited%20,%20You%20have%20assigned%20a%20document%20category.%20',1,NULL,NULL),(209,'sms','9999999982','Document Category Added','Dear%20ICICI%20Bank%20,%20You%20have%20assigned%20a%20document%20category.%20',1,NULL,NULL),(210,'sms','9999999981','Document Category Added','Dear%20IDFC%20First%20Bank%20Limited,%20You%20have%20assigned%20a%20document%20category.%20',1,NULL,NULL),(211,'sms','9999999980','Document Category Added','Dear%20IFMR%20Capital%20Finance%20Private%20Limited-%20NCD,%20You%20have%20assigned%20a%20document%20category.%20',1,NULL,NULL),(212,'sms','9999999979','Document Category Added','Dear%20IFMR%20FIMPACT%20Long%20Term%20Multi%20Asset%20Class%20Fund,%20You%20have%20assigned%20a%20document%20category.%20',1,NULL,NULL),(213,'sms','9999999978','Document Category Added','Dear%20Indian%20Bank%20,%20You%20have%20assigned%20a%20document%20category.%20',1,NULL,NULL),(214,'sms','9999999977','Document Category Added','Dear%20Indusind%20Bank%20Limited,%20You%20have%20assigned%20a%20document%20category.%20',1,NULL,NULL),(215,'sms','9999999976','Document Category Added','Dear%20Indian%20Overseas%20Bank,%20You%20have%20assigned%20a%20document%20category.%20',1,NULL,NULL),(216,'sms','9999999975','Document Category Added','Dear%20Karvy%20Capital,%20You%20have%20assigned%20a%20document%20category.%20',1,NULL,NULL),(217,'sms','9999999974','Document Category Added','Dear%20KMPL,%20You%20have%20assigned%20a%20document%20category.%20',1,NULL,NULL),(218,'sms','9999999973','Document Category Added','Dear%20Kotak%20Mahindra%20Bank%20Limited,%20You%20have%20assigned%20a%20document%20category.%20',1,NULL,NULL),(219,'sms','9999999972','Document Category Added','Dear%20Lakshmi%20Vilas%20Bank,%20You%20have%20assigned%20a%20document%20category.%20',1,NULL,NULL),(220,'sms','9999999971','Document Category Added','Dear%20Magma%20Fincorp%20Limited,%20You%20have%20assigned%20a%20document%20category.%20',1,NULL,NULL),(221,'sms','9999999970','Document Category Added','Dear%20Mahindra%20&%20Mahindra%20,%20You%20have%20assigned%20a%20document%20category.%20',1,NULL,NULL),(222,'sms','9999999969','Document Category Added','Dear%20Manappuram%20Finance%20Limited,%20You%20have%20assigned%20a%20document%20category.%20',1,NULL,NULL),(223,'sms','9999999968','Document Category Added','Dear%20Mudra%20,%20You%20have%20assigned%20a%20document%20category.%20',1,NULL,NULL),(224,'sms','9999999967','Document Category Added','Dear%20Nabkisan%20Finance%20Limited%20,%20You%20have%20assigned%20a%20document%20category.%20',1,NULL,NULL),(225,'sms','9999999966','Document Category Added','Dear%20Nabsamruddhi%20Finance%20Limited%20,%20You%20have%20assigned%20a%20document%20category.%20',1,NULL,NULL),(226,'sms','9462045321','Document Category Added','Dear%20Ess%20Kay%20Master%20Admin,%20You%20have%20assigned%20a%20document%20category.%20',1,NULL,NULL),(227,'sms','9999999965','Document Category Added','Dear%20Northern%20Arc%20Capital%20(Ifmr%20Fimpact%20Income%20Bu),%20You%20have%20assigned%20a%20document%20category.%20',1,NULL,NULL),(228,'sms','9999999998','Document Category Added','Dear%20Au%20Small%20Finance%20Bank%20,%20You%20have%20assigned%20a%20document%20category.%20',1,NULL,NULL),(229,'sms','9999999997','Document Category Added','Dear%20Avendus%20PPMLD,%20You%20have%20assigned%20a%20document%20category.%20',1,NULL,NULL),(230,'sms','9999999964','Document Category Added','Dear%20Poonawala%20Finance%20Private%20Limited,%20You%20have%20assigned%20a%20document%20category.%20',1,NULL,NULL),(231,'sms','9999999996','Document Category Added','Dear%20Axis%20Bank%20,%20You%20have%20assigned%20a%20document%20category.%20',1,NULL,NULL),(232,'sms','9999999963','Document Category Added','Dear%20Punjab%20&%20Sind%20Bank%20,%20You%20have%20assigned%20a%20document%20category.%20',1,NULL,NULL),(233,'sms','9999999962','Document Category Added','Dear%20Punjab%20National%20Bank%20,%20You%20have%20assigned%20a%20document%20category.%20',1,NULL,NULL),(234,'sms','9999999995','Document Category Added','Dear%20Bajaj%20Finance%20Limited,%20You%20have%20assigned%20a%20document%20category.%20',1,NULL,NULL),(235,'sms','9999999961','Document Category Added','Dear%20RBL%20Bank%20Limited,%20You%20have%20assigned%20a%20document%20category.%20',1,NULL,NULL),(236,'sms','9999999994','Document Category Added','Dear%20Bank%20of%20Baroda,%20You%20have%20assigned%20a%20document%20category.%20',1,NULL,NULL),(237,'sms','9999999960','Document Category Added','Dear%20Reliance%20Mutual%20Fund,%20You%20have%20assigned%20a%20document%20category.%20',1,NULL,NULL),(238,'sms','9999999993','Document Category Added','Dear%20Bank%20of%20India%20,%20You%20have%20assigned%20a%20document%20category.%20',1,NULL,NULL),(239,'sms','9999999959','Document Category Added','Dear%20ResponsAbility%20,%20You%20have%20assigned%20a%20document%20category.%20',1,NULL,NULL),(240,'sms','9999999958','Document Category Added','Dear%20Small%20Industries%20Development%20Bank%20of%20India%20%20,%20You%20have%20assigned%20a%20document%20category.%20',1,NULL,NULL),(241,'sms','9999999992','Document Category Added','Dear%20Bank%20of%20Maharashtra,%20You%20have%20assigned%20a%20document%20category.%20',1,NULL,NULL),(242,'email','test@gmail.com','Contact Us','testing',1,NULL,NULL),(243,'email','test@gmail.com','Contact Us','testing',1,NULL,NULL),(244,'sms','9462045321','Document Category Added','Dear%20Ess%20Kay%20Master%20Admin,%20You%20have%20assigned%20a%20document%20category.%20',1,NULL,NULL),(245,'sms','9999999997','Document Category Added','Dear%20Avendus%20PPMLD,%20You%20have%20assigned%20a%20document%20category.%20',1,NULL,NULL),(246,'sms','9999999996','Document Category Added','Dear%20Axis%20Bank,%20You%20have%20assigned%20a%20document%20category.%20',1,NULL,NULL),(247,'sms','9999999995','Document Category Added','Dear%20Bajaj%20Finance%20Limited,%20You%20have%20assigned%20a%20document%20category.%20',1,NULL,NULL),(248,'sms','9999999994','Document Category Added','Dear%20Bank%20of%20Baroda,%20You%20have%20assigned%20a%20document%20category.%20',1,NULL,NULL),(249,'sms','9999999993','Document Category Added','Dear%20Bank%20of%20India,%20You%20have%20assigned%20a%20document%20category.%20',1,NULL,NULL),(250,'sms','9999999992','Document Category Added','Dear%20Bank%20of%20Maharashtra,%20You%20have%20assigned%20a%20document%20category.%20',1,NULL,NULL),(251,'sms','9999999991','Document Category Added','Dear%20Capital%20Small%20Finance%20Bank%20Ltd,%20You%20have%20assigned%20a%20document%20category.%20',1,NULL,NULL),(252,'sms','9999999990','Document Category Added','Dear%20CSB%20Bank,%20You%20have%20assigned%20a%20document%20category.%20',1,NULL,NULL),(253,'sms','9999999989','Document Category Added','Dear%20Dcb%20Bank%20Limited,%20You%20have%20assigned%20a%20document%20category.%20',1,NULL,NULL),(254,'sms','9999999988','Document Category Added','Dear%20Fedbank%20Financial%20Service%20Limited,%20You%20have%20assigned%20a%20document%20category.%20',1,NULL,NULL),(255,'sms','9999999987','Document Category Added','Dear%20Federal%20Bank%20Limited,%20You%20have%20assigned%20a%20document%20category.%20',1,NULL,NULL),(256,'sms','9999999986','Document Category Added','Dear%20FMO:%20Entrepreneurial%20Development%20Bank,%20You%20have%20assigned%20a%20document%20category.%20',1,NULL,NULL),(257,'sms','9887501240','Document Category Added','Dear%20A%20K%20Capital%20Services%20Limited,%20You%20have%20assigned%20a%20document.',1,NULL,NULL),(258,'sms','9887501240','Document Category Added','Dear%20A%20K%20Capital%20Services%20Limited,%20You%20have%20assigned%20a%20document%20category.%20',1,NULL,NULL),(259,'sms','9462045321','Document Category Added','Dear%20Ess%20Kay%20Master%20Admin,%20You%20have%20assigned%20a%20document%20category.%20',1,NULL,NULL),(260,'sms','9999999998','Document Category Added','Dear%20Au%20Small%20Finance%20Bank,%20You%20have%20assigned%20a%20document%20category.%20',1,NULL,NULL),(261,'sms','9999999997','Document Category Added','Dear%20Avendus%20PPMLD,%20You%20have%20assigned%20a%20document%20category.%20',1,NULL,NULL),(262,'sms','9999999996','Document Category Added','Dear%20Axis%20Bank,%20You%20have%20assigned%20a%20document%20category.%20',1,NULL,NULL),(263,'sms','9999999995','Document Category Added','Dear%20Bajaj%20Finance%20Limited,%20You%20have%20assigned%20a%20document%20category.%20',1,NULL,NULL),(264,'sms','9999999994','Document Category Added','Dear%20Bank%20of%20Baroda,%20You%20have%20assigned%20a%20document%20category.%20',1,NULL,NULL),(265,'sms','9999999993','Document Category Added','Dear%20Bank%20of%20India,%20You%20have%20assigned%20a%20document%20category.%20',1,NULL,NULL),(266,'sms','9999999992','Document Category Added','Dear%20Bank%20of%20Maharashtra,%20You%20have%20assigned%20a%20document%20category.%20',1,NULL,NULL),(267,'sms','9999999991','Document Category Added','Dear%20Capital%20Small%20Finance%20Bank%20Ltd,%20You%20have%20assigned%20a%20document%20category.%20',1,NULL,NULL),(268,'sms','9999999990','Document Category Added','Dear%20CSB%20Bank,%20You%20have%20assigned%20a%20document%20category.%20',1,NULL,NULL),(269,'sms','9999999989','Document Category Added','Dear%20Dcb%20Bank%20Limited,%20You%20have%20assigned%20a%20document%20category.%20',1,NULL,NULL),(270,'sms','9999999988','Document Category Added','Dear%20Fedbank%20Financial%20Service%20Limited,%20You%20have%20assigned%20a%20document%20category.%20',1,NULL,NULL),(271,'sms','9999999987','Document Category Added','Dear%20Federal%20Bank%20Limited,%20You%20have%20assigned%20a%20document%20category.%20',1,NULL,NULL),(272,'sms','9999999986','Document Category Added','Dear%20FMO:%20Entrepreneurial%20Development%20Bank,%20You%20have%20assigned%20a%20document%20category.%20',1,NULL,NULL),(273,'sms','9887501240','Document Category Added','Dear%20A%20K%20Capital%20Services%20Limited,%20You%20have%20assigned%20a%20document%20category.%20',1,NULL,NULL),(274,'sms','9887501240','Document Category Added','Dear%20A%20K%20Capital%20Services%20Limited,%20You%20have%20assigned%20a%20document%20category.%20',1,NULL,NULL),(275,'sms','9887501240','Document Category Added','Dear%20A%20K%20Capital%20Services%20Limited,%20You%20have%20assigned%20a%20document%20category.%20',1,NULL,NULL),(276,'sms','9462045321','Document Category Added','Dear%20Ess%20Kay%20Master%20Admin,%20You%20have%20assigned%20a%20document%20category.%20',1,NULL,NULL),(277,'sms','9999999998','Document Category Added','Dear%20Au%20Small%20Finance%20Bank,%20You%20have%20assigned%20a%20document%20category.%20',1,NULL,NULL),(278,'sms','9999999997','Document Category Added','Dear%20Avendus%20PPMLD,%20You%20have%20assigned%20a%20document%20category.%20',1,NULL,NULL),(279,'sms','9999999996','Document Category Added','Dear%20Axis%20Bank,%20You%20have%20assigned%20a%20document%20category.%20',1,NULL,NULL),(280,'sms','9999999995','Document Category Added','Dear%20Bajaj%20Finance%20Limited,%20You%20have%20assigned%20a%20document%20category.%20',1,NULL,NULL),(281,'sms','9999999994','Document Category Added','Dear%20Bank%20of%20Baroda,%20You%20have%20assigned%20a%20document%20category.%20',1,NULL,NULL),(282,'sms','9999999993','Document Category Added','Dear%20Bank%20of%20India,%20You%20have%20assigned%20a%20document%20category.%20',1,NULL,NULL),(283,'sms','9999999992','Document Category Added','Dear%20Bank%20of%20Maharashtra,%20You%20have%20assigned%20a%20document%20category.%20',1,NULL,NULL),(284,'sms','9999999991','Document Category Added','Dear%20Capital%20Small%20Finance%20Bank%20Ltd,%20You%20have%20assigned%20a%20document%20category.%20',1,NULL,NULL),(285,'sms','9999999990','Document Category Added','Dear%20CSB%20Bank,%20You%20have%20assigned%20a%20document%20category.%20',1,NULL,NULL),(286,'sms','9999999989','Document Category Added','Dear%20Dcb%20Bank%20Limited,%20You%20have%20assigned%20a%20document%20category.%20',1,NULL,NULL),(287,'sms','9999999988','Document Category Added','Dear%20Fedbank%20Financial%20Service%20Limited,%20You%20have%20assigned%20a%20document%20category.%20',1,NULL,NULL),(288,'sms','9999999987','Document Category Added','Dear%20Federal%20Bank%20Limited,%20You%20have%20assigned%20a%20document%20category.%20',1,NULL,NULL),(289,'sms','9999999986','Document Category Added','Dear%20FMO:%20Entrepreneurial%20Development%20Bank,%20You%20have%20assigned%20a%20document%20category.%20',1,NULL,NULL),(290,'email','aa@aa.com','Contact Us','aaaa',1,NULL,NULL),(291,'email','aaaaa@aaaa.com','Contact Us','aaaaaa',1,NULL,NULL),(292,'sms','9887501240','Document Category Added','Dear%20A%20K%20Capital%20Services%20Limited,%20You%20have%20assigned%20a%20document%20category.%20',1,NULL,NULL),(293,'sms','9462045321','Document Category Added','Dear%20Ess%20Kay%20Master%20Admin,%20You%20have%20assigned%20a%20document%20category.%20',1,NULL,NULL),(294,'sms','9999999998','Document Category Added','Dear%20Au%20Small%20Finance%20Bank,%20You%20have%20assigned%20a%20document%20category.%20',1,NULL,NULL),(295,'sms','9999999997','Document Category Added','Dear%20Avendus%20PPMLD,%20You%20have%20assigned%20a%20document%20category.%20',1,NULL,NULL),(296,'sms','9999999996','Document Category Added','Dear%20Axis%20Bank,%20You%20have%20assigned%20a%20document%20category.%20',1,NULL,NULL),(297,'sms','9999999995','Document Category Added','Dear%20Bajaj%20Finance%20Limited,%20You%20have%20assigned%20a%20document%20category.%20',1,NULL,NULL),(298,'sms','9999999994','Document Category Added','Dear%20Bank%20of%20Baroda,%20You%20have%20assigned%20a%20document%20category.%20',1,NULL,NULL),(299,'sms','9999999993','Document Category Added','Dear%20Bank%20of%20India,%20You%20have%20assigned%20a%20document%20category.%20',1,NULL,NULL),(300,'sms','9999999992','Document Category Added','Dear%20Bank%20of%20Maharashtra,%20You%20have%20assigned%20a%20document%20category.%20',1,NULL,NULL),(301,'sms','9999999991','Document Category Added','Dear%20Capital%20Small%20Finance%20Bank%20Ltd,%20You%20have%20assigned%20a%20document%20category.%20',1,NULL,NULL),(302,'sms','9999999990','Document Category Added','Dear%20CSB%20Bank,%20You%20have%20assigned%20a%20document%20category.%20',1,NULL,NULL),(303,'sms','9999999989','Document Category Added','Dear%20Dcb%20Bank%20Limited,%20You%20have%20assigned%20a%20document%20category.%20',1,NULL,NULL),(304,'sms','9999999988','Document Category Added','Dear%20Fedbank%20Financial%20Service%20Limited,%20You%20have%20assigned%20a%20document%20category.%20',1,NULL,NULL),(305,'sms','9999999987','Document Category Added','Dear%20Federal%20Bank%20Limited,%20You%20have%20assigned%20a%20document%20category.%20',1,NULL,NULL),(306,'sms','9999999986','Document Category Added','Dear%20FMO:%20Entrepreneurial%20Development%20Bank,%20You%20have%20assigned%20a%20document%20category.%20',1,NULL,NULL),(307,'sms','9876543211','Document Category Added','Dear%20Trustee1,%20You%20have%20assigned%20a%20document.',1,NULL,NULL),(308,'sms','9876543211','Document Category Added','Dear%20IDBI,%20You%20have%20assigned%20a%20document.',1,NULL,NULL),(309,'sms','9876543211','Document Category Added','Dear%20IDBI,%20You%20have%20assigned%20a%20document.',1,NULL,NULL),(310,'sms','9876543211','Document Category Added','Dear%20IDBI,%20You%20have%20assigned%20a%20document.',1,NULL,NULL),(311,'sms','9462045321','Document Category Added','Dear,%20Saction%20Letter%20has%20been%20updated.%20',1,NULL,NULL),(312,'sms','9876543211','Document Category Added','Dear%20IDBI,%20You%20have%20assigned%20a%20document.',1,NULL,NULL),(313,'sms','9462045321','Document Category Added','Dear,%20Saction%20Letter%20has%20been%20updated.%20',1,NULL,NULL),(314,'sms','9462045321','Document Category Added','Dear,%20Saction%20Letter%20has%20been%20updated.%20',1,NULL,NULL),(315,'sms','9462045321','Document Category Added','Dear,%20Saction%20Letter%20has%20been%20updated.%20',1,NULL,NULL),(316,'sms','9462045321','Document Category Added','Dear,%20Saction%20Letter%20has%20been%20created.%20',1,NULL,NULL),(317,'sms','9462045321','Document Category Added','Dear%20Sir,%20Saction%20Letter%20of%20ifhiuefh%20from%20Bank%20HDFC%20is%20updated.%20Kindly%20click%20on%20below%20link%20for%20the%20details%20http://esskay.microcrm.in/esskayadmin/sanction_letter/4/preview%20ESS%20KAY%20FINCORP%20LIMITED.',1,NULL,NULL),(318,'sms','9887501240','Document Category Added','Dear%20A%20K%20Capital%20Services%20Limited,%20You%20have%20assigned%20a%20document%20category.%20',1,NULL,NULL),(319,'sms','9887501240','Document Category Added','Dear%20A%20K%20Capital%20Services%20Limited,%20You%20have%20assigned%20a%20document%20category.%20',1,NULL,NULL),(320,'sms','9462045321','Document Category Added','Dear%20Ess%20Kay%20Master%20Admin,%20You%20have%20assigned%20a%20document%20category.%20',1,NULL,NULL),(321,'sms','9999999997','Document Category Added','Dear%20Avendus%20PPMLD,%20You%20have%20assigned%20a%20document%20category.%20',1,NULL,NULL),(322,'sms','9999999996','Document Category Added','Dear%20Axis%20Bank,%20You%20have%20assigned%20a%20document%20category.%20',1,NULL,NULL),(323,'sms','9999999995','Document Category Added','Dear%20Bajaj%20Finance%20Limited,%20You%20have%20assigned%20a%20document%20category.%20',1,NULL,NULL),(324,'sms','9999999994','Document Category Added','Dear%20Bank%20of%20Baroda,%20You%20have%20assigned%20a%20document%20category.%20',1,NULL,NULL),(325,'sms','9999999993','Document Category Added','Dear%20Bank%20of%20India,%20You%20have%20assigned%20a%20document%20category.%20',1,NULL,NULL),(326,'sms','9999999991','Document Category Added','Dear%20Capital%20Small%20Finance%20Bank%20Ltd,%20You%20have%20assigned%20a%20document%20category.%20',1,NULL,NULL),(327,'sms','9999999990','Document Category Added','Dear%20CSB%20Bank,%20You%20have%20assigned%20a%20document%20category.%20',1,NULL,NULL),(328,'sms','9999999989','Document Category Added','Dear%20Dcb%20Bank%20Limited,%20You%20have%20assigned%20a%20document%20category.%20',1,NULL,NULL),(329,'sms','9999999988','Document Category Added','Dear%20Fedbank%20Financial%20Service%20Limited,%20You%20have%20assigned%20a%20document%20category.%20',1,NULL,NULL),(330,'sms','9999999986','Document Category Added','Dear%20FMO:%20Entrepreneurial%20Development%20Bank,%20You%20have%20assigned%20a%20document%20category.%20',1,NULL,NULL),(331,'sms','9887501240','Document Category Added','Dear%20A%20K%20Capital%20Services%20Limited,%20You%20have%20assigned%20a%20document%20category.%20',1,NULL,NULL),(332,'sms','9887501240','Document Category Added','Dear%20A%20K%20Capital%20Services%20Limited,%20You%20have%20assigned%20a%20document%20category.%20',1,NULL,NULL),(333,'sms','9887501240','Document Category Added','Dear%20A%20K%20Capital%20Services%20Limited,%20You%20have%20assigned%20a%20document.',1,NULL,NULL),(334,'sms','9876543211','Document Category Added','Dear%20IDBI,%20You%20have%20assigned%20a%20document.',1,NULL,NULL),(335,'sms','9876543211','Document Category Added','Dear%20IDBI,%20You%20have%20assigned%20a%20document.',1,NULL,NULL),(336,'sms','9876543211','Document Category Added','Dear%20IDBI,%20You%20have%20assigned%20a%20document.',1,NULL,NULL),(337,'sms','9876543211','Document Category Added','Dear%20IDBI,%20You%20have%20assigned%20a%20document.',1,NULL,NULL),(338,'sms','9783094934','User OTP','Dear%20Demo,%20please%20use%20this%20OTP%20987654%20to%20login',1,NULL,NULL),(339,'email','truefriend83@gmail.com','Contact Us','aaa',1,NULL,NULL),(340,'email','himanshu.swarnkar@skfin.in','Contact Us','This is test message. Please ignore this.',1,NULL,NULL),(341,'sms','9887501240','Document Category Added','Dear%20A%20K%20Capital%20Services%20Limited,%20You%20have%20assigned%20a%20document.',1,NULL,NULL),(342,'sms','9999999998','Document Category Added','Dear%20Au%20Small%20Finance%20Bank,%20You%20have%20assigned%20a%20document.',1,NULL,NULL),(343,'sms','9999999997','Document Category Added','Dear%20Avendus%20PPMLD,%20You%20have%20assigned%20a%20document.',1,NULL,NULL),(344,'sms','9999999995','Document Category Added','Dear%20Bajaj%20Finance%20Limited,%20You%20have%20assigned%20a%20document.',1,NULL,NULL),(345,'sms','9999999994','Document Category Added','Dear%20Bank%20of%20Baroda,%20You%20have%20assigned%20a%20document.',1,NULL,NULL),(346,'sms','9999999993','Document Category Added','Dear%20Bank%20of%20India,%20You%20have%20assigned%20a%20document.',1,NULL,NULL),(347,'sms','9999999991','Document Category Added','Dear%20Capital%20Small%20Finance%20Bank%20Ltd,%20You%20have%20assigned%20a%20document.',1,NULL,NULL),(348,'sms','9999999990','Document Category Added','Dear%20CSB%20Bank,%20You%20have%20assigned%20a%20document.',1,NULL,NULL),(349,'sms','9999999989','Document Category Added','Dear%20Dcb%20Bank%20Limited,%20You%20have%20assigned%20a%20document.',1,NULL,NULL),(350,'sms','9999999988','Document Category Added','Dear%20Fedbank%20Financial%20Service%20Limited,%20You%20have%20assigned%20a%20document.',1,NULL,NULL),(351,'sms','9999999987','Document Category Added','Dear%20Federal%20Bank%20Limited,%20You%20have%20assigned%20a%20document.',1,NULL,NULL),(352,'sms','9999999986','Document Category Added','Dear%20FMO:%20Entrepreneurial%20Development%20Bank,%20You%20have%20assigned%20a%20document.',1,NULL,NULL),(353,'sms','9876543212','Document Category Added','Dear%20Catalyst,%20You%20have%20assigned%20a%20document%20category.%20',1,NULL,NULL),(354,'sms','9876543212','Document Category Added','Dear%20Catalyst,%20You%20have%20assigned%20a%20document.',1,NULL,NULL),(355,'sms','9876543212','Document Category Added','Dear%20Catalyst,%20You%20have%20assigned%20a%20document.',1,NULL,NULL),(356,'sms','9887501240','Document Category Added','Dear%20A%20K%20Capital%20Services%20Limited,%20You%20have%20assigned%20a%20document.',1,NULL,NULL),(357,'sms','9462045321','Document Category Added','Dear%20Ess%20Kay%20Master%20Admin,%20You%20have%20assigned%20a%20document.',1,NULL,NULL),(358,'sms','9999999998','Document Category Added','Dear%20Au%20Small%20Finance%20Bank,%20You%20have%20assigned%20a%20document.',1,NULL,NULL),(359,'sms','9999999997','Document Category Added','Dear%20Avendus%20PPMLD,%20You%20have%20assigned%20a%20document.',1,NULL,NULL),(360,'sms','9999999996','Document Category Added','Dear%20Axis%20Bank,%20You%20have%20assigned%20a%20document.',1,NULL,NULL),(361,'sms','9999999995','Document Category Added','Dear%20Bajaj%20Finance%20Limited,%20You%20have%20assigned%20a%20document.',1,NULL,NULL),(362,'sms','9999999994','Document Category Added','Dear%20Bank%20of%20Baroda,%20You%20have%20assigned%20a%20document.',1,NULL,NULL),(363,'sms','9999999993','Document Category Added','Dear%20Bank%20of%20India,%20You%20have%20assigned%20a%20document.',1,NULL,NULL),(364,'sms','9999999992','Document Category Added','Dear%20Bank%20of%20Maharashtra,%20You%20have%20assigned%20a%20document.',1,NULL,NULL),(365,'sms','9999999991','Document Category Added','Dear%20Capital%20Small%20Finance%20Bank%20Ltd,%20You%20have%20assigned%20a%20document.',1,NULL,NULL),(366,'sms','9999999990','Document Category Added','Dear%20CSB%20Bank,%20You%20have%20assigned%20a%20document.',1,NULL,NULL),(367,'sms','9999999989','Document Category Added','Dear%20Dcb%20Bank%20Limited,%20You%20have%20assigned%20a%20document.',1,NULL,NULL),(368,'sms','9999999988','Document Category Added','Dear%20Fedbank%20Financial%20Service%20Limited,%20You%20have%20assigned%20a%20document.',1,NULL,NULL),(369,'sms','9999999987','Document Category Added','Dear%20Federal%20Bank%20Limited,%20You%20have%20assigned%20a%20document.',1,NULL,NULL),(370,'sms','9999999986','Document Category Added','Dear%20FMO:%20Entrepreneurial%20Development%20Bank,%20You%20have%20assigned%20a%20document.',1,NULL,NULL),(371,'sms','9887501240','Document Category Added','Dear%20A%20K%20Capital%20Services%20Limited,%20You%20have%20assigned%20a%20document%20category.%20',1,NULL,NULL),(372,'sms','9462045321','Document Category Added','Dear%20Ess%20Kay%20Master%20Admin,%20You%20have%20assigned%20a%20document%20category.%20',1,NULL,NULL),(373,'sms','9999999998','Document Category Added','Dear%20Au%20Small%20Finance%20Bank,%20You%20have%20assigned%20a%20document%20category.%20',1,NULL,NULL),(374,'sms','9999999997','Document Category Added','Dear%20Avendus%20PPMLD,%20You%20have%20assigned%20a%20document%20category.%20',1,NULL,NULL),(375,'sms','9999999996','Document Category Added','Dear%20Axis%20Bank,%20You%20have%20assigned%20a%20document%20category.%20',1,NULL,NULL),(376,'sms','9999999995','Document Category Added','Dear%20Bajaj%20Finance%20Limited,%20You%20have%20assigned%20a%20document%20category.%20',1,NULL,NULL),(377,'sms','9999999994','Document Category Added','Dear%20Bank%20of%20Baroda,%20You%20have%20assigned%20a%20document%20category.%20',1,NULL,NULL),(378,'sms','9999999993','Document Category Added','Dear%20Bank%20of%20India,%20You%20have%20assigned%20a%20document%20category.%20',1,NULL,NULL),(379,'sms','9999999992','Document Category Added','Dear%20Bank%20of%20Maharashtra,%20You%20have%20assigned%20a%20document%20category.%20',1,NULL,NULL),(380,'sms','9999999991','Document Category Added','Dear%20Capital%20Small%20Finance%20Bank%20Ltd,%20You%20have%20assigned%20a%20document%20category.%20',1,NULL,NULL),(381,'sms','9999999990','Document Category Added','Dear%20CSB%20Bank,%20You%20have%20assigned%20a%20document%20category.%20',1,NULL,NULL),(382,'sms','9999999989','Document Category Added','Dear%20Dcb%20Bank%20Limited,%20You%20have%20assigned%20a%20document%20category.%20',1,NULL,NULL),(383,'sms','9999999988','Document Category Added','Dear%20Fedbank%20Financial%20Service%20Limited,%20You%20have%20assigned%20a%20document%20category.%20',1,NULL,NULL),(384,'sms','9999999987','Document Category Added','Dear%20Federal%20Bank%20Limited,%20You%20have%20assigned%20a%20document%20category.%20',1,NULL,NULL);
/*!40000 ALTER TABLE `email_sms` ENABLE KEYS */;
UNLOCK TABLES;
DROP TABLE IF EXISTS `enquiry`;
/*!40101 SET @saved_cs_client     = @@character_set_client */;
/*!40101 SET character_set_client = utf8 */;
CREATE TABLE `enquiry` (
  `id` int(10) unsigned NOT NULL AUTO_INCREMENT,
  `name` varchar(191) COLLATE utf8mb4_unicode_ci NOT NULL,
  `email` varchar(191) COLLATE utf8mb4_unicode_ci NOT NULL,
  `telephone` varchar(191) COLLATE utf8mb4_unicode_ci NOT NULL,
  `organization` varchar(191) COLLATE utf8mb4_unicode_ci NOT NULL,
  `designation` varchar(191) COLLATE utf8mb4_unicode_ci NOT NULL,
  `message` text COLLATE utf8mb4_unicode_ci NOT NULL,
  `created_at` timestamp NULL DEFAULT NULL,
  `updated_at` timestamp NULL DEFAULT NULL,
  `deleted_at` timestamp NULL DEFAULT NULL,
  PRIMARY KEY (`id`)
) ENGINE=MyISAM AUTO_INCREMENT=16 DEFAULT CHARSET=utf8mb4 COLLATE=utf8mb4_unicode_ci;
/*!40101 SET character_set_client = @saved_cs_client */;

LOCK TABLES `enquiry` WRITE;
/*!40000 ALTER TABLE `enquiry` DISABLE KEYS */;
INSERT INTO `enquiry` VALUES (1,'Jitesh Gupta','jitesh@skfin.in','9784341122','SK Fincorp','CTO','Thanks for your interest','2020-10-26 18:43:06','2020-10-26 18:43:06',NULL),(2,'Jitesh Gupta','jitesh@skfin.in','9784341122','SK Fincorp','CTO','Thanks for your interest','2020-10-26 18:43:08','2020-10-26 18:43:08',NULL),(3,'Jitesh Gupta','jitesh@skfin.in','9784341122','SK Fincorp','CTO','Thanks for your interest','2020-10-26 18:43:34','2020-10-26 18:43:34',NULL),(4,'Girish','munjal@gmail.com','9876543210','EssKay Fincorp','CEO','My test message.','2020-10-27 12:34:50','2020-10-27 12:34:50',NULL),(5,'Girish','munjal@gmail.com','9876543210','EssKay Fincorp','CEO','My test message.','2020-10-27 12:38:02','2020-10-27 12:38:02',NULL),(6,'Girish','munjal@gmail.com','9876543210','EssKay Fincorp','CEO','My test message.','2020-10-27 12:38:08','2020-10-27 12:38:08',NULL),(7,'Girish','munjal@gmail.com','9876543210','Esskay','CEO','my testing..','2020-10-27 12:39:55','2020-10-27 12:39:55',NULL),(8,'Girish','munjal@gmail.com','9876543210','Esskay','CEO','my testing..','2020-10-27 12:40:02','2020-10-27 12:40:02',NULL),(9,'Girish','jitesh@skfin.in','9876543210','Esskay','CEO','Test message','2020-10-27 17:55:41','2020-10-27 17:55:41',NULL),(10,'Girish','jitesh@skfin.in','9876543210','Esskay','CEO','Test message','2020-10-27 17:56:57','2020-10-27 17:56:57',NULL),(11,'Jitesh Gupta','jitesh.gupta77@gmail.com','09783094934','Planet Romeo BV','Business Analyst','ehiuehiruhew','2020-10-31 13:58:03','2020-10-31 13:58:03',NULL),(12,'Munjal Mayank','munjaldevelopment@gmail.com','9462045321','Microprixs Solution Pvt Ltd','CEO','pls test','2020-11-10 14:29:52','2020-11-10 14:29:52',NULL),(13,'Munjal Mayank','jitesh.gupta@skfin.in','9876543210','Microprixs Solution Pvt Ltd','CEO','test...','2020-11-10 14:31:27','2020-11-10 14:31:27',NULL),(14,'MOA/AOA','dfg@dgfger.com','1234567890','sdgerdg','CEO','derdgergegergerg','2020-11-10 14:31:56','2020-11-10 14:31:56',NULL),(15,'aaa','aaaa@aa.co','4444444444','555','test','test','2020-11-10 14:37:42','2020-11-10 14:37:42',NULL);
/*!40000 ALTER TABLE `enquiry` ENABLE KEYS */;
UNLOCK TABLES;
DROP TABLE IF EXISTS `facility_type`;
/*!40101 SET @saved_cs_client     = @@character_set_client */;
/*!40101 SET character_set_client = utf8 */;
CREATE TABLE `facility_type` (
  `id` bigint(20) unsigned NOT NULL AUTO_INCREMENT,
  `parent_id` int(11) DEFAULT NULL,
  `name` varchar(191) COLLATE utf8mb4_unicode_ci NOT NULL,
  `lft` int(11) NOT NULL,
  `rgt` int(11) NOT NULL,
  `depth` int(11) NOT NULL,
  `created_at` timestamp NULL DEFAULT NULL,
  `updated_at` timestamp NULL DEFAULT NULL,
  PRIMARY KEY (`id`)
) ENGINE=MyISAM AUTO_INCREMENT=10 DEFAULT CHARSET=utf8mb4 COLLATE=utf8mb4_unicode_ci;
/*!40101 SET character_set_client = @saved_cs_client */;

LOCK TABLES `facility_type` WRITE;
/*!40000 ALTER TABLE `facility_type` DISABLE KEYS */;
INSERT INTO `facility_type` VALUES (1,NULL,'Term Loan13',2,3,1,NULL,'2020-12-15 11:20:18'),(2,NULL,'NCD',4,5,1,NULL,'2020-12-14 12:17:03'),(3,NULL,'Market Linked Debentures',6,7,1,NULL,'2020-12-14 12:17:51'),(4,NULL,'Cash Credit',8,9,1,NULL,'2020-10-07 12:19:10'),(5,NULL,'WCDL',10,11,1,NULL,'2020-10-07 12:19:10'),(6,NULL,'Tier II',12,13,1,NULL,'2020-10-07 12:19:10'),(7,NULL,'PTC',14,15,1,NULL,'2020-10-07 12:19:10'),(8,NULL,'DA',16,17,1,NULL,'2020-12-14 12:19:09'),(9,NULL,'Others',18,19,1,NULL,'2020-10-07 12:19:10');
/*!40000 ALTER TABLE `facility_type` ENABLE KEYS */;
UNLOCK TABLES;
DROP TABLE IF EXISTS `failed_jobs`;
/*!40101 SET @saved_cs_client     = @@character_set_client */;
/*!40101 SET character_set_client = utf8 */;
CREATE TABLE `failed_jobs` (
  `id` bigint(20) unsigned NOT NULL AUTO_INCREMENT,
  `connection` text COLLATE utf8mb4_unicode_ci NOT NULL,
  `queue` text COLLATE utf8mb4_unicode_ci NOT NULL,
  `payload` longtext COLLATE utf8mb4_unicode_ci NOT NULL,
  `exception` longtext COLLATE utf8mb4_unicode_ci NOT NULL,
  `failed_at` timestamp NOT NULL DEFAULT CURRENT_TIMESTAMP,
  PRIMARY KEY (`id`)
) ENGINE=MyISAM DEFAULT CHARSET=utf8mb4 COLLATE=utf8mb4_unicode_ci;
/*!40101 SET character_set_client = @saved_cs_client */;

LOCK TABLES `failed_jobs` WRITE;
/*!40000 ALTER TABLE `failed_jobs` DISABLE KEYS */;
/*!40000 ALTER TABLE `failed_jobs` ENABLE KEYS */;
UNLOCK TABLES;
DROP TABLE IF EXISTS `firewall`;
/*!40101 SET @saved_cs_client     = @@character_set_client */;
/*!40101 SET character_set_client = utf8 */;
CREATE TABLE `firewall` (
  `id` int(10) unsigned NOT NULL AUTO_INCREMENT,
  `ip_address` varchar(39) COLLATE utf8mb4_unicode_ci NOT NULL,
  `whitelisted` tinyint(1) NOT NULL DEFAULT '0',
  `created_at` timestamp NULL DEFAULT NULL,
  `updated_at` timestamp NULL DEFAULT NULL,
  PRIMARY KEY (`id`),
  UNIQUE KEY `firewall_ip_address_unique` (`ip_address`)
) ENGINE=MyISAM DEFAULT CHARSET=utf8mb4 COLLATE=utf8mb4_unicode_ci;
/*!40101 SET character_set_client = @saved_cs_client */;

LOCK TABLES `firewall` WRITE;
/*!40000 ALTER TABLE `firewall` DISABLE KEYS */;
/*!40000 ALTER TABLE `firewall` ENABLE KEYS */;
UNLOCK TABLES;
DROP TABLE IF EXISTS `geographical_concentrations`;
/*!40101 SET @saved_cs_client     = @@character_set_client */;
/*!40101 SET character_set_client = utf8 */;
CREATE TABLE `geographical_concentrations` (
  `id` bigint(20) unsigned NOT NULL AUTO_INCREMENT,
  `geographical_diversification` varchar(191) COLLATE utf8mb4_unicode_ci NOT NULL,
  `docp` varchar(191) COLLATE utf8mb4_unicode_ci NOT NULL,
  `amount1` decimal(8,2) DEFAULT NULL,
  `amount_percentage1` decimal(8,2) DEFAULT NULL,
  `amount2` decimal(8,2) DEFAULT NULL,
  `amount_percentage2` decimal(8,2) DEFAULT NULL,
  `amount3` decimal(8,2) DEFAULT NULL,
  `amount_percentage3` decimal(8,2) DEFAULT NULL,
  `amount4` decimal(8,2) DEFAULT NULL,
  `amount_percentage4` decimal(8,2) DEFAULT NULL,
  `amount5` decimal(8,2) DEFAULT NULL,
  `amount_percentage5` decimal(8,2) DEFAULT NULL,
  `amount6` decimal(8,2) DEFAULT NULL,
  `amount_percentage6` decimal(8,2) DEFAULT NULL,
  `amount7` decimal(8,2) DEFAULT NULL,
  `amount_percentage7` decimal(8,2) DEFAULT NULL,
  `amount8` decimal(8,2) DEFAULT NULL,
  `amount_percentage8` decimal(8,2) DEFAULT NULL,
  `amount9` decimal(8,2) DEFAULT NULL,
  `amount_percentage9` decimal(8,2) DEFAULT NULL,
  `geographical_concentration_status` tinyint(1) NOT NULL DEFAULT '0',
  `created_at` timestamp NULL DEFAULT NULL,
  `updated_at` timestamp NULL DEFAULT NULL,
  `deleted_at` timestamp NULL DEFAULT NULL,
  PRIMARY KEY (`id`)
) ENGINE=MyISAM AUTO_INCREMENT=8 DEFAULT CHARSET=utf8mb4 COLLATE=utf8mb4_unicode_ci;
/*!40101 SET character_set_client = @saved_cs_client */;

LOCK TABLES `geographical_concentrations` WRITE;
/*!40000 ALTER TABLE `geographical_concentrations` DISABLE KEYS */;
INSERT INTO `geographical_concentrations` VALUES (1,'Rajasthan','Nov-1994',441.43,0.84,662.70,0.80,975.55,0.76,1465.52,0.73,2090.96,0.70,2266.31,0.66,0.00,65.00,2402.00,60.00,2654.00,55.00,1,'2021-04-14 11:26:51','2021-04-14 11:26:51',NULL),(2,'Gujarat ','May-2012',84.33,0.16,150.89,0.18,215.28,0.17,319.74,0.16,426.57,0.14,475.48,0.14,0.00,14.00,600.00,15.00,772.00,16.00,1,'2021-04-14 11:26:51','2021-04-14 11:26:51',NULL),(3,'Madhya Pradesh','Aug-2016',0.00,0.00,8.13,0.01,49.49,0.04,113.82,0.06,249.48,0.08,348.86,0.10,0.00,11.00,440.00,11.00,579.00,12.00,1,'2021-04-14 11:26:51','2021-04-14 11:26:51',NULL),(4,'Maharashtra ','Aug-2017',0.00,0.00,0.76,0.00,22.41,0.02,47.55,0.02,66.86,0.02,83.17,0.02,0.00,4.00,200.00,5.00,290.00,6.00,1,'2021-04-14 11:26:51','2021-04-14 11:26:51',NULL),(5,'Punjab','Jul-2016',0.00,0.00,2.02,0.00,18.40,0.01,51.62,0.03,116.17,0.04,140.88,0.04,0.00,5.00,240.00,6.00,338.00,7.00,1,'2021-04-14 11:26:51','2021-04-14 11:26:51',NULL),(6,'Haryana','Oct-2017',0.00,0.00,0.00,0.00,0.84,0.00,3.58,0.00,36.44,0.01,100.91,0.03,0.00,2.00,120.00,3.00,193.00,4.00,1,'2021-04-14 11:26:51','2021-04-14 11:26:51',NULL),(7,'Chhattisgarh','Dec-2020',0.00,0.00,0.00,0.00,0.00,0.00,0.00,0.00,0.00,0.00,1.57,0.00,0.00,14.00,15.00,16.00,17.00,18.00,1,'2021-04-14 11:26:51','2021-04-14 11:26:51',NULL);
/*!40000 ALTER TABLE `geographical_concentrations` ENABLE KEYS */;
UNLOCK TABLES;
DROP TABLE IF EXISTS `insight_categories`;
/*!40101 SET @saved_cs_client     = @@character_set_client */;
/*!40101 SET character_set_client = utf8 */;
CREATE TABLE `insight_categories` (
  `id` bigint(20) unsigned NOT NULL AUTO_INCREMENT,
  `parent_id` int(11) DEFAULT NULL,
  `lft` int(11) DEFAULT NULL,
  `rgt` int(11) DEFAULT NULL,
  `depth` int(11) DEFAULT NULL,
  `category_code` varchar(191) COLLATE utf8mb4_unicode_ci NOT NULL,
  `name` varchar(191) COLLATE utf8mb4_unicode_ci NOT NULL,
  `description` text COLLATE utf8mb4_unicode_ci,
  `status` tinyint(4) DEFAULT NULL,
  `created_at` timestamp NULL DEFAULT NULL,
  `updated_at` timestamp NULL DEFAULT NULL,
  `deleted_at` timestamp NULL DEFAULT NULL,
  PRIMARY KEY (`id`),
  UNIQUE KEY `insight_categories_category_code_unique` (`category_code`)
) ENGINE=MyISAM AUTO_INCREMENT=13 DEFAULT CHARSET=utf8mb4 COLLATE=utf8mb4_unicode_ci;
/*!40101 SET character_set_client = @saved_cs_client */;

LOCK TABLES `insight_categories` WRITE;
/*!40000 ALTER TABLE `insight_categories` DISABLE KEYS */;
INSERT INTO `insight_categories` VALUES (1,NULL,2,3,1,'TREND_ANALYSIS','Trend Analysis','<div class=\"custom-inner-heading center-text\">\r\n<div class=\"cih-heading\">Lorem Ipsum is simply dummy text of the printing and typesetting industry.</div>\r\n\r\n<div class=\"cih-pera\">Lorem Ipsum is simply dummy text of the printing and typesetting industry. Lorem Ipsum has been the industry&#39;s standard dummy text ever since the 1500s, when an unknown printer took a galley of type and scrambled it to make a type specimen book. It has survived not only five centuries, but also the leap into electronic typesetting, remaining essentially unchanged.</div>\r\n</div>',0,NULL,'2021-03-06 07:57:26',NULL),(2,NULL,4,5,1,'OPERATIONAL_HIGHLIGHTS','Operational Highlights',NULL,1,NULL,'2021-03-25 11:20:41',NULL),(3,NULL,6,7,1,'GEOGRAPHICAL','Geographical Concentration','<div class=\"custom-inner-heading center-text\">\r\n<div class=\"cih-heading\">Lorem Ipsum is simply dummy text of the printing and typesetting industry.</div>\r\n\r\n<div class=\"cih-pera\">Lorem Ipsum is simply dummy text of the printing and typesetting industry. Lorem Ipsum has been the industry&#39;s standard dummy text ever since the 1500s, when an unknown printer took a galley of type and scrambled it to make a type specimen book. It has survived not only five centuries, but also the leap into electronic typesetting, remaining essentially unchanged.</div>\r\n</div>',1,NULL,'2021-03-06 07:57:26',NULL),(4,NULL,8,9,1,'PRODUCT_CONCENTRATION','Product Concentration','<div class=\"custom-inner-heading center-text\">\r\n<div class=\"cih-heading\">Lorem Ipsum is simply dummy text of the printing and typesetting industry.</div>\r\n\r\n<div class=\"cih-pera\">Lorem Ipsum is simply dummy text of the printing and typesetting industry. Lorem Ipsum has been the industry&#39;s standard dummy text ever since the 1500s, when an unknown printer took a galley of type and scrambled it to make a type specimen book. It has survived not only five centuries, but also the leap into electronic typesetting, remaining essentially unchanged.</div>\r\n</div>',1,NULL,'2021-03-06 07:57:26',NULL),(5,NULL,10,11,1,'ASSET_QUALITY','Asset Quality','<div class=\"custom-inner-heading center-text\">\r\n<div class=\"cih-heading\">Lorem Ipsum is simply dummy text of the printing and typesetting industry.</div>\r\n\r\n<div class=\"cih-pera\">Lorem Ipsum is simply dummy text of the printing and typesetting industry. Lorem Ipsum has been the industry&#39;s standard dummy text ever since the 1500s, when an unknown printer took a galley of type and scrambled it to make a type specimen book. It has survived not only five centuries, but also the leap into electronic typesetting, remaining essentially unchanged.</div>\r\n</div>',1,NULL,'2021-03-06 07:57:26',NULL),(6,NULL,12,13,1,'COLLECTION_EFFICIENCY','Collection Efficiency\r\n','<div class=\"custom-inner-heading center-text\">\r\n<div class=\"cih-heading\">Lorem Ipsum is simply dummy text of the printing and typesetting industry.</div>\r\n\r\n<div class=\"cih-pera\">Lorem Ipsum is simply dummy text of the printing and typesetting industry. Lorem Ipsum has been the industry&#39;s standard dummy text ever since the 1500s, when an unknown printer took a galley of type and scrambled it to make a type specimen book. It has survived not only five centuries, but also the leap into electronic typesetting, remaining essentially unchanged.</div>\r\n</div>',1,NULL,'2021-03-06 07:57:26',NULL),(8,NULL,14,15,1,'NET_WORTH','Net Worth','<div class=\"custom-inner-heading center-text\">\r\n<div class=\"cih-heading\">Lorem Ipsum is simply dummy text of the printing and typesetting industry.</div>\r\n\r\n<div class=\"cih-pera\">Lorem Ipsum is simply dummy text of the printing and typesetting industry. Lorem Ipsum has been the industry&#39;s standard dummy text ever since the 1500s, when an unknown printer took a galley of type and scrambled it to make a type specimen book. It has survived not only five centuries, but also the leap into electronic typesetting, remaining essentially unchanged.</div>\r\n</div>',1,NULL,'2021-03-06 07:57:26',NULL),(9,NULL,16,17,1,'LIQUIDITY','Liquidity','<div class=\"custom-inner-heading center-text\">\r\n<div class=\"cih-heading\">Lorem Ipsum is simply dummy text of the printing and typesetting industry.</div>\r\n\r\n<div class=\"cih-pera\">Lorem Ipsum is simply dummy text of the printing and typesetting industry. Lorem Ipsum has been the industry&#39;s standard dummy text ever since the 1500s, when an unknown printer took a galley of type and scrambled it to make a type specimen book. It has survived not only five centuries, but also the leap into electronic typesetting, remaining essentially unchanged.</div>\r\n</div>',1,NULL,'2021-03-06 07:57:26',NULL),(10,NULL,18,19,1,'STRONG_LIABILITY_PROFILE ','Strong Liability Profile','<div class=\"custom-inner-heading center-text\">\r\n<div class=\"cih-heading\">Lorem Ipsum is simply dummy text of the printing and typesetting industry.</div>\r\n\r\n<div class=\"cih-pera\">Lorem Ipsum is simply dummy text of the printing and typesetting industry. Lorem Ipsum has been the industry&#39;s standard dummy text ever since the 1500s, when an unknown printer took a galley of type and scrambled it to make a type specimen book. It has survived not only five centuries, but also the leap into electronic typesetting, remaining essentially unchanged.</div>\r\n</div>',1,NULL,'2021-03-06 07:57:26',NULL),(11,NULL,20,21,1,'STRONG_LIABILITY_PROFILE_WELL_PLACED','Strong Liability Profile: Well Placed','<div class=\"custom-inner-heading center-text\">\r\n<div class=\"cih-heading\">Lorem Ipsum is simply dummy text of the printing and typesetting industry.</div>\r\n\r\n<div class=\"cih-pera\">Lorem Ipsum is simply dummy text of the printing and typesetting industry. Lorem Ipsum has been the industry&#39;s standard dummy text ever since the 1500s, when an unknown printer took a galley of type and scrambled it to make a type specimen book. It has survived not only five centuries, but also the leap into electronic typesetting, remaining essentially unchanged.</div>\r\n</div>',1,NULL,'2021-03-06 07:57:26',NULL),(12,NULL,22,23,1,'COVID_RELIEF','Covid Relief','<div class=\"custom-inner-heading center-text\">\r\n<div class=\"cih-heading\">Lorem Ipsum is simply dummy text of the printing and typesetting industry.</div>\r\n\r\n<div class=\"cih-pera\">Lorem Ipsum is simply dummy text of the printing and typesetting industry. Lorem Ipsum has been the industry&#39;s standard dummy text ever since the 1500s, when an unknown printer took a galley of type and scrambled it to make a type specimen book. It has survived not only five centuries, but also the leap into electronic typesetting, remaining essentially unchanged.</div>\r\n</div>',1,NULL,'2021-03-06 07:57:26',NULL);
/*!40000 ALTER TABLE `insight_categories` ENABLE KEYS */;
UNLOCK TABLES;
DROP TABLE IF EXISTS `insight_category_lender`;
/*!40101 SET @saved_cs_client     = @@character_set_client */;
/*!40101 SET character_set_client = utf8 */;
CREATE TABLE `insight_category_lender` (
  `insight_category_id` int(11) NOT NULL DEFAULT '0',
  `lender_id` int(11) NOT NULL DEFAULT '0',
  PRIMARY KEY (`insight_category_id`,`lender_id`),
  UNIQUE KEY `document_category_id` (`insight_category_id`,`lender_id`)
) ENGINE=InnoDB DEFAULT CHARSET=utf8 COLLATE=utf8_unicode_ci;
/*!40101 SET character_set_client = @saved_cs_client */;

LOCK TABLES `insight_category_lender` WRITE;
/*!40000 ALTER TABLE `insight_category_lender` DISABLE KEYS */;
INSERT INTO `insight_category_lender` VALUES (1,1),(1,2),(1,3),(1,4),(1,5),(1,6),(1,7),(1,8),(1,9),(1,10),(1,11),(1,12),(1,13),(1,14),(1,15),(1,16),(1,17),(1,18),(1,19),(1,20),(1,21),(1,22),(1,23),(1,24),(1,25),(1,26),(1,27),(1,28),(1,29),(1,30),(1,31),(1,32),(1,33),(1,34),(1,35),(1,36),(1,37),(1,38),(1,39),(1,40),(1,41),(1,42),(1,43),(1,44),(1,45),(1,46),(1,47),(1,48),(1,49),(1,50),(1,51),(1,52),(2,1),(2,2),(2,3),(2,4),(2,5),(2,6),(2,7),(2,8),(2,9),(2,10),(2,11),(2,12),(2,13),(2,14),(2,15),(2,16),(2,17),(2,18),(2,19),(2,20),(2,21),(2,22),(2,23),(2,24),(2,25),(2,26),(2,27),(2,28),(2,29),(2,30),(2,31),(2,32),(2,33),(2,34),(2,35),(2,36),(2,37),(2,38),(2,39),(2,40),(2,41),(2,42),(2,43),(2,44),(2,45),(2,46),(2,47),(2,48),(2,49),(2,50),(2,51),(2,52),(3,1),(3,2),(3,3),(3,4),(3,5),(3,6),(3,7),(3,8),(3,9),(3,10),(3,11),(3,12),(3,13),(3,14),(3,15),(3,16),(3,17),(3,18),(3,19),(3,20),(3,21),(3,22),(3,23),(3,24),(3,25),(3,26),(3,27),(3,28),(3,29),(3,30),(3,31),(3,32),(3,33),(3,34),(3,35),(3,36),(3,37),(3,38),(3,39),(3,40),(3,41),(3,42),(3,43),(3,44),(3,45),(3,46),(3,47),(3,48),(3,49),(3,50),(3,51),(3,52),(3,55),(4,1),(4,2),(4,3),(4,4),(4,5),(4,6),(4,7),(4,8),(4,9),(4,10),(4,11),(4,12),(4,13),(4,14),(4,15),(4,16),(4,17),(4,18),(4,19),(4,20),(4,21),(4,22),(4,23),(4,24),(4,25),(4,26),(4,27),(4,28),(4,29),(4,30),(4,31),(4,32),(4,33),(4,34),(4,35),(4,36),(4,37),(4,38),(4,39),(4,40),(4,41),(4,42),(4,43),(4,44),(4,45),(4,46),(4,47),(4,48),(4,49),(4,50),(4,51),(4,52),(4,55),(5,1),(5,2),(5,3),(5,4),(5,5),(5,6),(5,7),(5,8),(5,9),(5,10),(5,11),(5,12),(5,13),(5,14),(5,15),(5,16),(5,17),(5,18),(5,19),(5,20),(5,21),(5,22),(5,23),(5,24),(5,25),(5,26),(5,27),(5,28),(5,29),(5,30),(5,31),(5,32),(5,33),(5,34),(5,35),(5,36),(5,37),(5,38),(5,39),(5,40),(5,41),(5,42),(5,43),(5,44),(5,45),(5,46),(5,47),(5,48),(5,49),(5,50),(5,51),(5,52),(5,55),(6,1),(6,2),(6,3),(6,4),(6,5),(6,6),(6,7),(6,8),(6,9),(6,10),(6,11),(6,12),(6,13),(6,14),(6,15),(6,16),(6,17),(6,18),(6,19),(6,20),(6,21),(6,22),(6,23),(6,24),(6,25),(6,26),(6,27),(6,28),(6,29),(6,30),(6,31),(6,32),(6,33),(6,34),(6,35),(6,36),(6,37),(6,38),(6,39),(6,40),(6,41),(6,42),(6,43),(6,44),(6,45),(6,46),(6,47),(6,48),(6,49),(6,50),(6,51),(6,52),(6,55),(8,1),(8,2),(8,3),(8,4),(8,5),(8,6),(8,7),(8,8),(8,9),(8,10),(8,11),(8,12),(8,13),(8,14),(8,15),(8,16),(8,17),(8,18),(8,19),(8,20),(8,21),(8,22),(8,23),(8,24),(8,25),(8,26),(8,27),(8,28),(8,29),(8,30),(8,31),(8,32),(8,33),(8,34),(8,35),(8,36),(8,37),(8,38),(8,39),(8,40),(8,41),(8,42),(8,43),(8,44),(8,45),(8,46),(8,47),(8,48),(8,49),(8,50),(8,51),(8,52),(8,55),(9,1),(9,2),(9,3),(9,4),(9,5),(9,6),(9,7),(9,8),(9,9),(9,10),(9,11),(9,12),(9,13),(9,14),(9,15),(9,16),(9,17),(9,18),(9,19),(9,20),(9,21),(9,22),(9,23),(9,24),(9,25),(9,26),(9,27),(9,28),(9,29),(9,30),(9,31),(9,32),(9,33),(9,34),(9,35),(9,36),(9,37),(9,38),(9,39),(9,40),(9,41),(9,42),(9,43),(9,44),(9,45),(9,46),(9,47),(9,48),(9,49),(9,50),(9,51),(9,52),(9,55),(10,1),(10,2),(10,3),(10,4),(10,5),(10,6),(10,7),(10,8),(10,9),(10,10),(10,11),(10,12),(10,13),(10,14),(10,15),(10,16),(10,17),(10,18),(10,19),(10,20),(10,21),(10,22),(10,23),(10,24),(10,25),(10,26),(10,27),(10,28),(10,29),(10,30),(10,31),(10,32),(10,33),(10,34),(10,35),(10,36),(10,37),(10,38),(10,39),(10,40),(10,41),(10,42),(10,43),(10,44),(10,45),(10,46),(10,47),(10,48),(10,49),(10,50),(10,51),(10,52),(10,55),(11,1),(11,2),(11,3),(11,4),(11,5),(11,6),(11,7),(11,8),(11,9),(11,10),(11,11),(11,12),(11,13),(11,14),(11,15),(11,16),(11,17),(11,18),(11,19),(11,20),(11,21),(11,22),(11,23),(11,24),(11,25),(11,26),(11,27),(11,28),(11,29),(11,30),(11,31),(11,32),(11,33),(11,34),(11,35),(11,36),(11,37),(11,38),(11,39),(11,40),(11,41),(11,42),(11,43),(11,44),(11,45),(11,46),(11,47),(11,48),(11,49),(11,50),(11,51),(11,52),(11,55),(12,1),(12,2),(12,3),(12,4),(12,5),(12,6),(12,7),(12,8),(12,9),(12,10),(12,11),(12,12),(12,13),(12,14),(12,15),(12,16),(12,17),(12,18),(12,19),(12,20),(12,21),(12,22),(12,23),(12,24),(12,25),(12,26),(12,27),(12,28),(12,29),(12,30),(12,31),(12,32),(12,33),(12,34),(12,35),(12,36),(12,37),(12,38),(12,39),(12,40),(12,41),(12,42),(12,43),(12,44),(12,45),(12,46),(12,47),(12,48),(12,49),(12,50),(12,51),(12,52),(12,55);
/*!40000 ALTER TABLE `insight_category_lender` ENABLE KEYS */;
UNLOCK TABLES;
DROP TABLE IF EXISTS `insight_category_trustee`;
/*!40101 SET @saved_cs_client     = @@character_set_client */;
/*!40101 SET character_set_client = utf8 */;
CREATE TABLE `insight_category_trustee` (
  `insight_category_id` int(11) NOT NULL DEFAULT '0',
  `trustee_id` int(11) NOT NULL DEFAULT '0',
  PRIMARY KEY (`insight_category_id`,`trustee_id`),
  UNIQUE KEY `document_category_id` (`insight_category_id`,`trustee_id`)
) ENGINE=InnoDB DEFAULT CHARSET=utf8 COLLATE=utf8_unicode_ci;
/*!40101 SET character_set_client = @saved_cs_client */;

LOCK TABLES `insight_category_trustee` WRITE;
/*!40000 ALTER TABLE `insight_category_trustee` DISABLE KEYS */;
INSERT INTO `insight_category_trustee` VALUES (1,1),(2,1),(3,1),(4,1),(5,1),(6,1),(7,1),(8,1),(9,1),(10,1),(11,1),(12,1);
/*!40000 ALTER TABLE `insight_category_trustee` ENABLE KEYS */;
UNLOCK TABLES;
DROP TABLE IF EXISTS `insight_lender`;
/*!40101 SET @saved_cs_client     = @@character_set_client */;
/*!40101 SET character_set_client = utf8 */;
CREATE TABLE `insight_lender` (
  `insight_id` int(11) NOT NULL DEFAULT '0',
  `lender_id` int(11) NOT NULL DEFAULT '0',
  PRIMARY KEY (`insight_id`,`lender_id`),
  UNIQUE KEY `document_id` (`insight_id`,`lender_id`)
) ENGINE=InnoDB DEFAULT CHARSET=utf8 COLLATE=utf8_unicode_ci;
/*!40101 SET character_set_client = @saved_cs_client */;

LOCK TABLES `insight_lender` WRITE;
/*!40000 ALTER TABLE `insight_lender` DISABLE KEYS */;
/*!40000 ALTER TABLE `insight_lender` ENABLE KEYS */;
UNLOCK TABLES;
DROP TABLE IF EXISTS `insights`;
/*!40101 SET @saved_cs_client     = @@character_set_client */;
/*!40101 SET character_set_client = utf8 */;
CREATE TABLE `insights` (
  `id` bigint(20) unsigned NOT NULL AUTO_INCREMENT,
  `parent_id` int(11) DEFAULT '0',
  `lft` int(10) unsigned DEFAULT NULL,
  `rgt` int(10) unsigned DEFAULT NULL,
  `depth` int(10) unsigned DEFAULT NULL,
  `insight_category_id` bigint(20) unsigned NOT NULL,
  `insight_code` varchar(191) COLLATE utf8mb4_unicode_ci NOT NULL,
  `value1` varchar(191) COLLATE utf8mb4_unicode_ci DEFAULT NULL,
  `value2` varchar(191) COLLATE utf8mb4_unicode_ci DEFAULT NULL,
  `value3` varchar(191) COLLATE utf8mb4_unicode_ci DEFAULT NULL,
  `value4` varchar(191) COLLATE utf8mb4_unicode_ci DEFAULT NULL,
  `value5` varchar(191) COLLATE utf8mb4_unicode_ci DEFAULT NULL,
  `value6` varchar(191) COLLATE utf8mb4_unicode_ci DEFAULT NULL,
  `status` tinyint(4) DEFAULT NULL,
  `created_at` timestamp NULL DEFAULT NULL,
  `updated_at` timestamp NULL DEFAULT NULL,
  `deleted_at` timestamp NULL DEFAULT NULL,
  PRIMARY KEY (`id`),
  UNIQUE KEY `insights_insight_code_unique` (`insight_code`),
  KEY `insights_insight_category_id_foreign` (`insight_category_id`)
) ENGINE=MyISAM AUTO_INCREMENT=2 DEFAULT CHARSET=utf8mb4 COLLATE=utf8mb4_unicode_ci;
/*!40101 SET character_set_client = @saved_cs_client */;

LOCK TABLES `insights` WRITE;
/*!40000 ALTER TABLE `insights` DISABLE KEYS */;
INSERT INTO `insights` VALUES (1,0,NULL,NULL,NULL,1,'INSIGHTLIST1','Geographical Diversification','DOCP','Rajasthan','Nov-20','441','84%',1,'2021-03-04 07:36:06','2021-03-04 07:37:43',NULL);
/*!40000 ALTER TABLE `insights` ENABLE KEYS */;
UNLOCK TABLES;
DROP TABLE IF EXISTS `instrument_type`;
/*!40101 SET @saved_cs_client     = @@character_set_client */;
/*!40101 SET character_set_client = utf8 */;
CREATE TABLE `instrument_type` (
  `id` bigint(20) unsigned NOT NULL AUTO_INCREMENT,
  `parent_id` int(11) DEFAULT NULL,
  `name` varchar(191) COLLATE utf8mb4_unicode_ci NOT NULL,
  `lft` int(11) NOT NULL,
  `rgt` int(11) NOT NULL,
  `depth` int(11) NOT NULL,
  `created_at` timestamp NULL DEFAULT NULL,
  `updated_at` timestamp NULL DEFAULT NULL,
  PRIMARY KEY (`id`)
) ENGINE=MyISAM AUTO_INCREMENT=4 DEFAULT CHARSET=utf8mb4 COLLATE=utf8mb4_unicode_ci;
/*!40101 SET character_set_client = @saved_cs_client */;

LOCK TABLES `instrument_type` WRITE;
/*!40000 ALTER TABLE `instrument_type` DISABLE KEYS */;
INSERT INTO `instrument_type` VALUES (1,NULL,'Secured',2,3,1,NULL,'2020-10-07 12:16:28'),(2,NULL,'Unsecured',4,5,1,NULL,'2020-10-07 12:16:28'),(3,NULL,'Others',6,7,1,NULL,'2020-10-07 12:16:28');
/*!40000 ALTER TABLE `instrument_type` ENABLE KEYS */;
UNLOCK TABLES;
DROP TABLE IF EXISTS `lender_banking`;
/*!40101 SET @saved_cs_client     = @@character_set_client */;
/*!40101 SET character_set_client = utf8 */;
CREATE TABLE `lender_banking` (
  `id` int(10) unsigned NOT NULL AUTO_INCREMENT,
  `lender_id` int(10) unsigned NOT NULL,
  `lender_banking_code` varchar(255) COLLATE utf8mb4_unicode_ci DEFAULT NULL,
  `banking_arrangment_id` int(10) unsigned NOT NULL,
  `sanction_amount` decimal(10,2) DEFAULT NULL,
  `outstanding_amount` decimal(10,2) DEFAULT NULL,
  `lender_banking_status` tinyint(1) NOT NULL DEFAULT '0',
  `created_at` timestamp NULL DEFAULT NULL,
  `updated_at` timestamp NULL DEFAULT NULL,
  `deleted_at` timestamp NULL DEFAULT NULL,
  PRIMARY KEY (`id`)
) ENGINE=MyISAM AUTO_INCREMENT=810 DEFAULT CHARSET=utf8mb4 COLLATE=utf8mb4_unicode_ci;
/*!40101 SET character_set_client = @saved_cs_client */;

LOCK TABLES `lender_banking` WRITE;
/*!40000 ALTER TABLE `lender_banking` DISABLE KEYS */;
INSERT INTO `lender_banking` VALUES (12,3,'LENDERBANK00012',1,0.00,0.00,1,'2020-12-21 20:36:05','2020-12-21 20:36:05',NULL),(13,3,'LENDERBANK00013',2,0.00,0.00,1,'2020-12-21 20:36:05','2020-12-21 20:36:05',NULL),(14,3,'LENDERBANK00014',3,0.00,0.00,1,'2020-12-21 20:36:05','2020-12-21 20:36:05',NULL),(15,3,'LENDERBANK00015',4,0.00,0.00,1,'2020-12-21 20:36:05','2020-12-21 20:36:05',NULL),(16,3,'LENDERBANK00016',5,0.00,0.00,1,'2020-12-21 20:36:05','2020-12-21 20:36:05',NULL),(17,3,'LENDERBANK00017',6,0.00,0.00,1,'2020-12-21 20:36:05','2020-12-21 20:36:05',NULL),(18,3,'LENDERBANK00018',7,0.00,0.00,1,'2020-12-21 20:36:05','2020-12-21 20:36:05',NULL),(19,3,'LENDERBANK00019',8,0.00,0.00,1,'2020-12-21 20:36:05','2020-12-21 20:36:05',NULL),(20,3,'LENDERBANK00020',9,0.00,0.00,1,'2020-12-21 20:36:05','2020-12-21 20:36:05',NULL),(21,3,'LENDERBANK00021',10,0.00,0.00,1,'2020-12-21 20:36:05','2020-12-21 20:36:05',NULL),(22,3,'LENDERBANK00022',11,0.00,0.00,1,'2020-12-21 20:36:05','2020-12-21 20:36:05',NULL),(23,4,'LENDERBANK00023',1,0.00,0.00,1,'2020-12-21 20:36:05','2020-12-21 20:36:05',NULL),(24,4,'LENDERBANK00024',2,0.00,0.00,1,'2020-12-21 20:36:05','2020-12-21 20:36:05',NULL),(25,4,'LENDERBANK00025',3,0.00,0.00,1,'2020-12-21 20:36:05','2020-12-21 20:36:05',NULL),(26,4,'LENDERBANK00026',4,0.00,0.00,1,'2020-12-21 20:36:05','2020-12-21 20:36:05',NULL),(27,4,'LENDERBANK00027',5,0.00,0.00,1,'2020-12-21 20:36:05','2020-12-21 20:36:05',NULL),(28,4,'LENDERBANK00028',6,0.00,0.00,1,'2020-12-21 20:36:05','2020-12-21 20:36:05',NULL),(29,4,'LENDERBANK00029',7,0.00,0.00,1,'2020-12-21 20:36:05','2020-12-21 20:36:05',NULL),(30,4,'LENDERBANK00030',8,0.00,0.00,1,'2020-12-21 20:36:05','2020-12-21 20:36:05',NULL),(31,4,'LENDERBANK00031',9,0.00,0.00,1,'2020-12-21 20:36:05','2020-12-21 20:36:05',NULL),(32,4,'LENDERBANK00032',10,0.00,0.00,1,'2020-12-21 20:36:05','2020-12-21 20:36:05',NULL),(33,4,'LENDERBANK00033',11,0.00,0.00,1,'2020-12-21 20:36:05','2020-12-21 20:36:05',NULL),(34,5,'LENDERBANK00034',1,0.00,0.00,1,'2020-12-21 20:36:05','2020-12-21 20:36:05',NULL),(35,5,'LENDERBANK00035',2,0.00,0.00,1,'2020-12-21 20:36:05','2020-12-21 20:36:05',NULL),(36,5,'LENDERBANK00036',3,0.00,0.00,1,'2020-12-21 20:36:05','2020-12-21 20:36:05',NULL),(37,5,'LENDERBANK00037',4,0.00,0.00,1,'2020-12-21 20:36:05','2020-12-21 20:36:05',NULL),(38,5,'LENDERBANK00038',5,0.00,0.00,1,'2020-12-21 20:36:05','2020-12-21 20:36:05',NULL),(39,5,'LENDERBANK00039',6,0.00,0.00,1,'2020-12-21 20:36:05','2020-12-21 20:36:05',NULL),(40,5,'LENDERBANK00040',7,0.00,0.00,1,'2020-12-21 20:36:05','2020-12-21 20:36:05',NULL),(41,5,'LENDERBANK00041',8,0.00,0.00,1,'2020-12-21 20:36:05','2020-12-21 20:36:05',NULL),(42,5,'LENDERBANK00042',9,0.00,0.00,1,'2020-12-21 20:36:05','2020-12-21 20:36:05',NULL),(43,5,'LENDERBANK00043',10,0.00,0.00,1,'2020-12-21 20:36:05','2020-12-21 20:36:05',NULL),(44,5,'LENDERBANK00044',11,0.00,0.00,1,'2020-12-21 20:36:05','2020-12-21 20:36:05',NULL),(45,6,'LENDERBANK00045',1,0.00,0.00,1,'2020-12-21 20:36:05','2020-12-21 20:36:05',NULL),(46,6,'LENDERBANK00046',2,0.00,0.00,1,'2020-12-21 20:36:05','2020-12-21 20:36:05',NULL),(47,6,'LENDERBANK00047',3,0.00,0.00,1,'2020-12-21 20:36:05','2020-12-21 20:36:05',NULL),(48,6,'LENDERBANK00048',4,0.00,0.00,1,'2020-12-21 20:36:05','2020-12-21 20:36:05',NULL),(49,6,'LENDERBANK00049',5,0.00,0.00,1,'2020-12-21 20:36:05','2020-12-21 20:36:05',NULL),(50,6,'LENDERBANK00050',6,0.00,0.00,1,'2020-12-21 20:36:05','2020-12-21 20:36:05',NULL),(51,6,'LENDERBANK00051',7,0.00,0.00,1,'2020-12-21 20:36:05','2020-12-21 20:36:05',NULL),(52,6,'LENDERBANK00052',8,0.00,0.00,1,'2020-12-21 20:36:06','2020-12-21 20:36:06',NULL),(53,6,'LENDERBANK00053',9,0.00,0.00,1,'2020-12-21 20:36:06','2020-12-21 20:36:06',NULL),(54,6,'LENDERBANK00054',10,0.00,0.00,1,'2020-12-21 20:36:06','2020-12-21 20:36:06',NULL),(55,6,'LENDERBANK00055',11,0.00,0.00,1,'2020-12-21 20:36:06','2020-12-21 20:36:06',NULL),(56,7,'LENDERBANK00056',1,0.00,0.00,1,'2020-12-21 20:36:06','2020-12-21 20:36:06',NULL),(57,7,'LENDERBANK00057',2,0.00,0.00,1,'2020-12-21 20:36:06','2020-12-21 20:36:06',NULL),(58,7,'LENDERBANK00058',3,0.00,0.00,1,'2020-12-21 20:36:06','2020-12-21 20:36:06',NULL),(59,7,'LENDERBANK00059',4,0.00,0.00,1,'2020-12-21 20:36:06','2020-12-21 20:36:06',NULL),(60,7,'LENDERBANK00060',5,0.00,0.00,1,'2020-12-21 20:36:06','2020-12-21 20:36:06',NULL),(61,7,'LENDERBANK00061',6,0.00,0.00,1,'2020-12-21 20:36:06','2020-12-21 20:36:06',NULL),(62,7,'LENDERBANK00062',7,0.00,0.00,1,'2020-12-21 20:36:06','2020-12-21 20:36:06',NULL),(63,7,'LENDERBANK00063',8,0.00,0.00,1,'2020-12-21 20:36:06','2020-12-21 20:36:06',NULL),(64,7,'LENDERBANK00064',9,0.00,0.00,1,'2020-12-21 20:36:06','2020-12-21 20:36:06',NULL),(65,7,'LENDERBANK00065',10,0.00,0.00,1,'2020-12-21 20:36:06','2020-12-21 20:36:06',NULL),(66,7,'LENDERBANK00066',11,0.00,0.00,1,'2020-12-21 20:36:06','2020-12-21 20:36:06',NULL),(67,8,'LENDERBANK00067',1,0.00,0.00,1,'2020-12-21 20:36:06','2020-12-21 20:36:06',NULL),(68,8,'LENDERBANK00068',2,0.00,0.00,1,'2020-12-21 20:36:06','2020-12-21 20:36:06',NULL),(69,8,'LENDERBANK00069',3,0.00,0.00,1,'2020-12-21 20:36:06','2020-12-21 20:36:06',NULL),(70,8,'LENDERBANK00070',4,0.00,0.00,1,'2020-12-21 20:36:06','2020-12-21 20:36:06',NULL),(71,8,'LENDERBANK00071',5,0.00,0.00,1,'2020-12-21 20:36:06','2020-12-21 20:36:06',NULL),(72,8,'LENDERBANK00072',6,0.00,0.00,1,'2020-12-21 20:36:06','2020-12-21 20:36:06',NULL),(73,8,'LENDERBANK00073',7,0.00,0.00,1,'2020-12-21 20:36:06','2020-12-21 20:36:06',NULL),(74,8,'LENDERBANK00074',8,0.00,0.00,1,'2020-12-21 20:36:06','2020-12-21 20:36:06',NULL),(75,8,'LENDERBANK00075',9,0.00,0.00,1,'2020-12-21 20:36:06','2020-12-21 20:36:06',NULL),(76,8,'LENDERBANK00076',10,0.00,0.00,1,'2020-12-21 20:36:06','2020-12-21 20:36:06',NULL),(77,8,'LENDERBANK00077',11,0.00,0.00,1,'2020-12-21 20:36:06','2020-12-21 20:36:06',NULL),(78,9,'LENDERBANK00078',1,0.00,0.00,1,'2020-12-21 20:36:06','2020-12-21 20:36:06',NULL),(79,9,'LENDERBANK00079',2,0.00,0.00,1,'2020-12-21 20:36:06','2020-12-21 20:36:06',NULL),(80,9,'LENDERBANK00080',3,0.00,0.00,1,'2020-12-21 20:36:06','2020-12-21 20:36:06',NULL),(81,9,'LENDERBANK00081',4,0.00,0.00,1,'2020-12-21 20:36:06','2020-12-21 20:36:06',NULL),(82,9,'LENDERBANK00082',5,0.00,0.00,1,'2020-12-21 20:36:06','2020-12-21 20:36:06',NULL),(83,9,'LENDERBANK00083',6,0.00,0.00,1,'2020-12-21 20:36:06','2020-12-21 20:36:06',NULL),(84,9,'LENDERBANK00084',7,0.00,0.00,1,'2020-12-21 20:36:06','2020-12-21 20:36:06',NULL),(85,9,'LENDERBANK00085',8,0.00,0.00,1,'2020-12-21 20:36:06','2020-12-21 20:36:06',NULL),(86,9,'LENDERBANK00086',9,0.00,0.00,1,'2020-12-21 20:36:06','2020-12-21 20:36:06',NULL),(87,9,'LENDERBANK00087',10,0.00,0.00,1,'2020-12-21 20:36:06','2020-12-21 20:36:06',NULL),(88,9,'LENDERBANK00088',11,0.00,0.00,1,'2020-12-21 20:36:06','2020-12-21 20:36:06',NULL),(89,10,'LENDERBANK00089',1,0.00,0.00,1,'2020-12-21 20:36:06','2020-12-21 20:36:06',NULL),(90,10,'LENDERBANK00090',2,0.00,0.00,1,'2020-12-21 20:36:06','2020-12-21 20:36:06',NULL),(91,10,'LENDERBANK00091',3,0.00,0.00,1,'2020-12-21 20:36:06','2020-12-21 20:36:06',NULL),(92,10,'LENDERBANK00092',4,0.00,0.00,1,'2020-12-21 20:36:06','2020-12-21 20:36:06',NULL),(93,10,'LENDERBANK00093',5,0.00,0.00,1,'2020-12-21 20:36:06','2020-12-21 20:36:06',NULL),(94,10,'LENDERBANK00094',6,0.00,0.00,1,'2020-12-21 20:36:06','2020-12-21 20:36:06',NULL),(95,10,'LENDERBANK00095',7,0.00,0.00,1,'2020-12-21 20:36:06','2020-12-21 20:36:06',NULL),(96,10,'LENDERBANK00096',8,0.00,0.00,1,'2020-12-21 20:36:06','2020-12-21 20:36:06',NULL),(97,10,'LENDERBANK00097',9,0.00,0.00,1,'2020-12-21 20:36:06','2020-12-21 20:36:06',NULL),(98,10,'LENDERBANK00098',10,0.00,0.00,1,'2020-12-21 20:36:06','2020-12-21 20:36:06',NULL),(99,10,'LENDERBANK00099',11,0.00,0.00,1,'2020-12-21 20:36:06','2020-12-21 20:36:06',NULL),(100,11,'LENDERBANK00100',1,0.00,0.00,1,'2020-12-21 20:36:06','2020-12-21 20:36:06',NULL),(101,11,'LENDERBANK00101',2,0.00,0.00,1,'2020-12-21 20:36:06','2020-12-21 20:36:06',NULL),(102,11,'LENDERBANK00102',3,0.00,0.00,1,'2020-12-21 20:36:06','2020-12-21 20:36:06',NULL),(103,11,'LENDERBANK00103',4,0.00,0.00,1,'2020-12-21 20:36:06','2020-12-21 20:36:06',NULL),(104,11,'LENDERBANK00104',5,0.00,0.00,1,'2020-12-21 20:36:06','2020-12-21 20:36:06',NULL),(105,11,'LENDERBANK00105',6,0.00,0.00,1,'2020-12-21 20:36:06','2020-12-21 20:36:06',NULL),(106,11,'LENDERBANK00106',7,0.00,0.00,1,'2020-12-21 20:36:06','2020-12-21 20:36:06',NULL),(107,11,'LENDERBANK00107',8,0.00,0.00,1,'2020-12-21 20:36:06','2020-12-21 20:36:06',NULL),(108,11,'LENDERBANK00108',9,0.00,0.00,1,'2020-12-21 20:36:06','2020-12-21 20:36:06',NULL),(109,11,'LENDERBANK00109',10,0.00,0.00,1,'2020-12-21 20:36:06','2020-12-21 20:36:06',NULL),(110,11,'LENDERBANK00110',11,0.00,0.00,1,'2020-12-21 20:36:06','2020-12-21 20:36:06',NULL),(111,12,'LENDERBANK00111',1,0.00,0.00,1,'2020-12-21 20:36:06','2020-12-21 20:36:06',NULL),(112,12,'LENDERBANK00112',2,0.00,0.00,1,'2020-12-21 20:36:06','2020-12-21 20:36:06',NULL),(113,12,'LENDERBANK00113',3,0.00,0.00,1,'2020-12-21 20:36:06','2020-12-21 20:36:06',NULL),(114,12,'LENDERBANK00114',4,0.00,0.00,1,'2020-12-21 20:36:06','2020-12-21 20:36:06',NULL),(115,12,'LENDERBANK00115',5,0.00,0.00,1,'2020-12-21 20:36:06','2020-12-21 20:36:06',NULL),(116,12,'LENDERBANK00116',6,0.00,0.00,1,'2020-12-21 20:36:06','2020-12-21 20:36:06',NULL),(117,12,'LENDERBANK00117',7,0.00,0.00,1,'2020-12-21 20:36:06','2020-12-21 20:36:06',NULL),(118,12,'LENDERBANK00118',8,0.00,0.00,1,'2020-12-21 20:36:06','2020-12-21 20:36:06',NULL),(119,12,'LENDERBANK00119',9,0.00,0.00,1,'2020-12-21 20:36:06','2020-12-21 20:36:06',NULL),(120,12,'LENDERBANK00120',10,0.00,0.00,1,'2020-12-21 20:36:06','2020-12-21 20:36:06',NULL),(121,12,'LENDERBANK00121',11,0.00,0.00,1,'2020-12-21 20:36:06','2020-12-21 20:36:06',NULL),(122,13,'LENDERBANK00122',1,0.00,0.00,1,'2020-12-21 20:36:06','2020-12-21 20:36:06',NULL),(123,13,'LENDERBANK00123',2,0.00,0.00,1,'2020-12-21 20:36:06','2020-12-21 20:36:06',NULL),(124,13,'LENDERBANK00124',3,0.00,0.00,1,'2020-12-21 20:36:06','2020-12-21 20:36:06',NULL),(125,13,'LENDERBANK00125',4,0.00,0.00,1,'2020-12-21 20:36:06','2020-12-21 20:36:06',NULL),(126,13,'LENDERBANK00126',5,0.00,0.00,1,'2020-12-21 20:36:06','2020-12-21 20:36:06',NULL),(127,13,'LENDERBANK00127',6,0.00,0.00,1,'2020-12-21 20:36:06','2020-12-21 20:36:06',NULL),(128,13,'LENDERBANK00128',7,0.00,0.00,1,'2020-12-21 20:36:06','2020-12-21 20:36:06',NULL),(129,13,'LENDERBANK00129',8,0.00,0.00,1,'2020-12-21 20:36:06','2020-12-21 20:36:06',NULL),(130,13,'LENDERBANK00130',9,0.00,0.00,1,'2020-12-21 20:36:06','2020-12-21 20:36:06',NULL),(131,13,'LENDERBANK00131',10,0.00,0.00,1,'2020-12-21 20:36:06','2020-12-21 20:36:06',NULL),(132,13,'LENDERBANK00132',11,0.00,0.00,1,'2020-12-21 20:36:06','2020-12-21 20:36:06',NULL),(133,14,'LENDERBANK00133',1,0.00,0.00,1,'2020-12-21 20:36:06','2020-12-21 20:36:06',NULL),(134,14,'LENDERBANK00134',2,0.00,0.00,1,'2020-12-21 20:36:06','2020-12-21 20:36:06',NULL),(135,14,'LENDERBANK00135',3,0.00,0.00,1,'2020-12-21 20:36:06','2020-12-21 20:36:06',NULL),(136,14,'LENDERBANK00136',4,0.00,0.00,1,'2020-12-21 20:36:06','2020-12-21 20:36:06',NULL),(137,14,'LENDERBANK00137',5,0.00,0.00,1,'2020-12-21 20:36:06','2020-12-21 20:36:06',NULL),(138,14,'LENDERBANK00138',6,0.00,0.00,1,'2020-12-21 20:36:06','2020-12-21 20:36:06',NULL),(139,14,'LENDERBANK00139',7,0.00,0.00,1,'2020-12-21 20:36:06','2020-12-21 20:36:06',NULL),(140,14,'LENDERBANK00140',8,0.00,0.00,1,'2020-12-21 20:36:06','2020-12-21 20:36:06',NULL),(141,14,'LENDERBANK00141',9,0.00,0.00,1,'2020-12-21 20:36:06','2020-12-21 20:36:06',NULL),(142,14,'LENDERBANK00142',10,0.00,0.00,1,'2020-12-21 20:36:06','2020-12-21 20:36:06',NULL),(143,14,'LENDERBANK00143',11,0.00,0.00,1,'2020-12-21 20:36:06','2020-12-21 20:36:06',NULL),(144,15,'LENDERBANK00144',1,0.00,0.00,1,'2020-12-21 20:36:06','2020-12-21 20:36:06',NULL),(145,15,'LENDERBANK00145',2,0.00,0.00,1,'2020-12-21 20:36:06','2020-12-21 20:36:06',NULL),(146,15,'LENDERBANK00146',3,0.00,0.00,1,'2020-12-21 20:36:06','2020-12-21 20:36:06',NULL),(147,15,'LENDERBANK00147',4,0.00,0.00,1,'2020-12-21 20:36:06','2020-12-21 20:36:06',NULL),(148,15,'LENDERBANK00148',5,0.00,0.00,1,'2020-12-21 20:36:06','2020-12-21 20:36:06',NULL),(149,15,'LENDERBANK00149',6,0.00,0.00,1,'2020-12-21 20:36:06','2020-12-21 20:36:06',NULL),(150,15,'LENDERBANK00150',7,0.00,0.00,1,'2020-12-21 20:36:06','2020-12-21 20:36:06',NULL),(151,15,'LENDERBANK00151',8,0.00,0.00,1,'2020-12-21 20:36:06','2020-12-21 20:36:06',NULL),(152,15,'LENDERBANK00152',9,0.00,0.00,1,'2020-12-21 20:36:06','2020-12-21 20:36:06',NULL),(153,15,'LENDERBANK00153',10,0.00,0.00,1,'2020-12-21 20:36:06','2020-12-21 20:36:06',NULL),(154,15,'LENDERBANK00154',11,0.00,0.00,1,'2020-12-21 20:36:06','2020-12-21 20:36:06',NULL),(155,16,'LENDERBANK00155',1,0.00,0.00,1,'2020-12-21 20:36:06','2020-12-21 20:36:06',NULL),(156,16,'LENDERBANK00156',2,0.00,0.00,1,'2020-12-21 20:36:06','2020-12-21 20:36:06',NULL),(157,16,'LENDERBANK00157',3,0.00,0.00,1,'2020-12-21 20:36:06','2020-12-21 20:36:06',NULL),(158,16,'LENDERBANK00158',4,0.00,0.00,1,'2020-12-21 20:36:06','2020-12-21 20:36:06',NULL),(159,16,'LENDERBANK00159',5,0.00,0.00,1,'2020-12-21 20:36:06','2020-12-21 20:36:06',NULL),(160,16,'LENDERBANK00160',6,0.00,0.00,1,'2020-12-21 20:36:06','2020-12-21 20:36:06',NULL),(161,16,'LENDERBANK00161',7,0.00,0.00,1,'2020-12-21 20:36:06','2020-12-21 20:36:06',NULL),(162,16,'LENDERBANK00162',8,0.00,0.00,1,'2020-12-21 20:36:06','2020-12-21 20:36:06',NULL),(163,16,'LENDERBANK00163',9,0.00,0.00,1,'2020-12-21 20:36:06','2020-12-21 20:36:06',NULL),(164,16,'LENDERBANK00164',10,0.00,0.00,1,'2020-12-21 20:36:06','2020-12-21 20:36:06',NULL),(165,16,'LENDERBANK00165',11,0.00,0.00,1,'2020-12-21 20:36:06','2020-12-21 20:36:06',NULL),(166,17,'LENDERBANK00166',1,0.00,0.00,1,'2020-12-21 20:36:06','2020-12-21 20:36:06',NULL),(167,17,'LENDERBANK00167',2,0.00,0.00,1,'2020-12-21 20:36:06','2020-12-21 20:36:06',NULL),(168,17,'LENDERBANK00168',3,0.00,0.00,1,'2020-12-21 20:36:06','2020-12-21 20:36:06',NULL),(169,17,'LENDERBANK00169',4,0.00,0.00,1,'2020-12-21 20:36:06','2020-12-21 20:36:06',NULL),(170,17,'LENDERBANK00170',5,0.00,0.00,1,'2020-12-21 20:36:06','2020-12-21 20:36:06',NULL),(171,17,'LENDERBANK00171',6,0.00,0.00,1,'2020-12-21 20:36:06','2020-12-21 20:36:06',NULL),(172,17,'LENDERBANK00172',7,0.00,0.00,1,'2020-12-21 20:36:06','2020-12-21 20:36:06',NULL),(173,17,'LENDERBANK00173',8,0.00,0.00,1,'2020-12-21 20:36:06','2020-12-21 20:36:06',NULL),(174,17,'LENDERBANK00174',9,0.00,0.00,1,'2020-12-21 20:36:06','2020-12-21 20:36:06',NULL),(175,17,'LENDERBANK00175',10,0.00,0.00,1,'2020-12-21 20:36:06','2020-12-21 20:36:06',NULL),(176,17,'LENDERBANK00176',11,0.00,0.00,1,'2020-12-21 20:36:06','2020-12-21 20:36:06',NULL),(177,18,'LENDERBANK00177',1,0.00,0.00,1,'2020-12-21 20:36:06','2020-12-21 20:36:06',NULL),(178,18,'LENDERBANK00178',2,0.00,0.00,1,'2020-12-21 20:36:06','2020-12-21 20:36:06',NULL),(179,18,'LENDERBANK00179',3,0.00,0.00,1,'2020-12-21 20:36:06','2020-12-21 20:36:06',NULL),(180,18,'LENDERBANK00180',4,0.00,0.00,1,'2020-12-21 20:36:06','2020-12-21 20:36:06',NULL),(181,18,'LENDERBANK00181',5,0.00,0.00,1,'2020-12-21 20:36:06','2020-12-21 20:36:06',NULL),(182,18,'LENDERBANK00182',6,0.00,0.00,1,'2020-12-21 20:36:06','2020-12-21 20:36:06',NULL),(183,18,'LENDERBANK00183',7,0.00,0.00,1,'2020-12-21 20:36:06','2020-12-21 20:36:06',NULL),(184,18,'LENDERBANK00184',8,0.00,0.00,1,'2020-12-21 20:36:06','2020-12-21 20:36:06',NULL),(185,18,'LENDERBANK00185',9,0.00,0.00,1,'2020-12-21 20:36:06','2020-12-21 20:36:06',NULL),(186,18,'LENDERBANK00186',10,0.00,0.00,1,'2020-12-21 20:36:06','2020-12-21 20:36:06',NULL),(187,18,'LENDERBANK00187',11,0.00,0.00,1,'2020-12-21 20:36:06','2020-12-21 20:36:06',NULL),(188,19,'LENDERBANK00188',1,0.00,0.00,1,'2020-12-21 20:36:06','2020-12-21 20:36:06',NULL),(189,19,'LENDERBANK00189',2,0.00,0.00,1,'2020-12-21 20:36:06','2020-12-21 20:36:06',NULL),(190,19,'LENDERBANK00190',3,0.00,0.00,1,'2020-12-21 20:36:06','2020-12-21 20:36:06',NULL),(191,19,'LENDERBANK00191',4,0.00,0.00,1,'2020-12-21 20:36:06','2020-12-21 20:36:06',NULL),(192,19,'LENDERBANK00192',5,0.00,0.00,1,'2020-12-21 20:36:06','2020-12-21 20:36:06',NULL),(193,19,'LENDERBANK00193',6,0.00,0.00,1,'2020-12-21 20:36:06','2020-12-21 20:36:06',NULL),(194,19,'LENDERBANK00194',7,0.00,0.00,1,'2020-12-21 20:36:06','2020-12-21 20:36:06',NULL),(195,19,'LENDERBANK00195',8,0.00,0.00,1,'2020-12-21 20:36:06','2020-12-21 20:36:06',NULL),(196,19,'LENDERBANK00196',9,0.00,0.00,1,'2020-12-21 20:36:06','2020-12-21 20:36:06',NULL),(197,19,'LENDERBANK00197',10,0.00,0.00,1,'2020-12-21 20:36:06','2020-12-21 20:36:06',NULL),(198,19,'LENDERBANK00198',11,0.00,0.00,1,'2020-12-21 20:36:06','2020-12-21 20:36:06',NULL),(199,20,'LENDERBANK00199',1,0.00,0.00,1,'2020-12-21 20:36:06','2020-12-21 20:36:06',NULL),(200,20,'LENDERBANK00200',2,0.00,0.00,1,'2020-12-21 20:36:06','2020-12-21 20:36:06',NULL),(201,20,'LENDERBANK00201',3,0.00,0.00,1,'2020-12-21 20:36:06','2020-12-21 20:36:06',NULL),(202,20,'LENDERBANK00202',4,0.00,0.00,1,'2020-12-21 20:36:06','2020-12-21 20:36:06',NULL),(203,20,'LENDERBANK00203',5,0.00,0.00,1,'2020-12-21 20:36:06','2020-12-21 20:36:06',NULL),(204,20,'LENDERBANK00204',6,0.00,0.00,1,'2020-12-21 20:36:06','2020-12-21 20:36:06',NULL),(205,20,'LENDERBANK00205',7,0.00,0.00,1,'2020-12-21 20:36:06','2020-12-21 20:36:06',NULL),(206,20,'LENDERBANK00206',8,0.00,0.00,1,'2020-12-21 20:36:06','2020-12-21 20:36:06',NULL),(207,20,'LENDERBANK00207',9,0.00,0.00,1,'2020-12-21 20:36:06','2020-12-21 20:36:06',NULL),(208,20,'LENDERBANK00208',10,0.00,0.00,1,'2020-12-21 20:36:06','2020-12-21 20:36:06',NULL),(209,20,'LENDERBANK00209',11,0.00,0.00,1,'2020-12-21 20:36:06','2020-12-21 20:36:06',NULL),(210,21,'LENDERBANK00210',1,0.00,0.00,1,'2020-12-21 20:36:06','2020-12-21 20:36:06',NULL),(211,21,'LENDERBANK00211',2,0.00,0.00,1,'2020-12-21 20:36:06','2020-12-21 20:36:06',NULL),(212,21,'LENDERBANK00212',3,0.00,0.00,1,'2020-12-21 20:36:06','2020-12-21 20:36:06',NULL),(213,21,'LENDERBANK00213',4,0.00,0.00,1,'2020-12-21 20:36:06','2020-12-21 20:36:06',NULL),(214,21,'LENDERBANK00214',5,0.00,0.00,1,'2020-12-21 20:36:06','2020-12-21 20:36:06',NULL),(215,21,'LENDERBANK00215',6,0.00,0.00,1,'2020-12-21 20:36:06','2020-12-21 20:36:06',NULL),(216,21,'LENDERBANK00216',7,0.00,0.00,1,'2020-12-21 20:36:06','2020-12-21 20:36:06',NULL),(217,21,'LENDERBANK00217',8,0.00,0.00,1,'2020-12-21 20:36:06','2020-12-21 20:36:06',NULL),(218,21,'LENDERBANK00218',9,0.00,0.00,1,'2020-12-21 20:36:06','2020-12-21 20:36:06',NULL),(219,21,'LENDERBANK00219',10,0.00,0.00,1,'2020-12-21 20:36:06','2020-12-21 20:36:06',NULL),(220,21,'LENDERBANK00220',11,0.00,0.00,1,'2020-12-21 20:36:06','2020-12-21 20:36:06',NULL),(221,22,'LENDERBANK00221',1,0.00,0.00,1,'2020-12-21 20:36:06','2020-12-21 20:36:06',NULL),(222,22,'LENDERBANK00222',2,0.00,0.00,1,'2020-12-21 20:36:06','2020-12-21 20:36:06',NULL),(223,22,'LENDERBANK00223',3,0.00,0.00,1,'2020-12-21 20:36:06','2020-12-21 20:36:06',NULL),(224,22,'LENDERBANK00224',4,0.00,0.00,1,'2020-12-21 20:36:06','2020-12-21 20:36:06',NULL),(225,22,'LENDERBANK00225',5,0.00,0.00,1,'2020-12-21 20:36:06','2020-12-21 20:36:06',NULL),(226,22,'LENDERBANK00226',6,0.00,0.00,1,'2020-12-21 20:36:06','2020-12-21 20:36:06',NULL),(227,22,'LENDERBANK00227',7,0.00,0.00,1,'2020-12-21 20:36:06','2020-12-21 20:36:06',NULL),(228,22,'LENDERBANK00228',8,0.00,0.00,1,'2020-12-21 20:36:06','2020-12-21 20:36:06',NULL),(229,22,'LENDERBANK00229',9,0.00,0.00,1,'2020-12-21 20:36:06','2020-12-21 20:36:06',NULL),(230,22,'LENDERBANK00230',10,0.00,0.00,1,'2020-12-21 20:36:06','2020-12-21 20:36:06',NULL),(231,22,'LENDERBANK00231',11,0.00,0.00,1,'2020-12-21 20:36:06','2020-12-21 20:36:06',NULL),(232,23,'LENDERBANK00232',1,0.00,0.00,1,'2020-12-21 20:36:06','2020-12-21 20:36:06',NULL),(233,23,'LENDERBANK00233',2,0.00,0.00,1,'2020-12-21 20:36:06','2020-12-21 20:36:06',NULL),(234,23,'LENDERBANK00234',3,0.00,0.00,1,'2020-12-21 20:36:06','2020-12-21 20:36:06',NULL),(235,23,'LENDERBANK00235',4,0.00,0.00,1,'2020-12-21 20:36:06','2020-12-21 20:36:06',NULL),(236,23,'LENDERBANK00236',5,0.00,0.00,1,'2020-12-21 20:36:06','2020-12-21 20:36:06',NULL),(237,23,'LENDERBANK00237',6,0.00,0.00,1,'2020-12-21 20:36:06','2020-12-21 20:36:06',NULL),(238,23,'LENDERBANK00238',7,0.00,0.00,1,'2020-12-21 20:36:06','2020-12-21 20:36:06',NULL),(239,23,'LENDERBANK00239',8,0.00,0.00,1,'2020-12-21 20:36:06','2020-12-21 20:36:06',NULL),(240,23,'LENDERBANK00240',9,0.00,0.00,1,'2020-12-21 20:36:06','2020-12-21 20:36:06',NULL),(241,23,'LENDERBANK00241',10,0.00,0.00,1,'2020-12-21 20:36:06','2020-12-21 20:36:06',NULL),(242,23,'LENDERBANK00242',11,0.00,0.00,1,'2020-12-21 20:36:06','2020-12-21 20:36:06',NULL),(243,24,'LENDERBANK00243',1,0.00,0.00,1,'2020-12-21 20:36:07','2020-12-21 20:36:07',NULL),(244,24,'LENDERBANK00244',2,0.00,0.00,1,'2020-12-21 20:36:07','2020-12-21 20:36:07',NULL),(245,24,'LENDERBANK00245',3,0.00,0.00,1,'2020-12-21 20:36:07','2020-12-21 20:36:07',NULL),(246,24,'LENDERBANK00246',4,0.00,0.00,1,'2020-12-21 20:36:07','2020-12-21 20:36:07',NULL),(247,24,'LENDERBANK00247',5,0.00,0.00,1,'2020-12-21 20:36:07','2020-12-21 20:36:07',NULL),(248,24,'LENDERBANK00248',6,0.00,0.00,1,'2020-12-21 20:36:07','2020-12-21 20:36:07',NULL),(249,24,'LENDERBANK00249',7,0.00,0.00,1,'2020-12-21 20:36:07','2020-12-21 20:36:07',NULL),(250,24,'LENDERBANK00250',8,0.00,0.00,1,'2020-12-21 20:36:07','2020-12-21 20:36:07',NULL),(251,24,'LENDERBANK00251',9,0.00,0.00,1,'2020-12-21 20:36:07','2020-12-21 20:36:07',NULL),(252,24,'LENDERBANK00252',10,0.00,0.00,1,'2020-12-21 20:36:07','2020-12-21 20:36:07',NULL),(253,24,'LENDERBANK00253',11,0.00,0.00,1,'2020-12-21 20:36:07','2020-12-21 20:36:07',NULL),(254,25,'LENDERBANK00254',1,0.00,0.00,1,'2020-12-21 20:36:07','2020-12-21 20:36:07',NULL),(255,25,'LENDERBANK00255',2,0.00,0.00,1,'2020-12-21 20:36:07','2020-12-21 20:36:07',NULL),(256,25,'LENDERBANK00256',3,0.00,0.00,1,'2020-12-21 20:36:07','2020-12-21 20:36:07',NULL),(257,25,'LENDERBANK00257',4,0.00,0.00,1,'2020-12-21 20:36:07','2020-12-21 20:36:07',NULL),(258,25,'LENDERBANK00258',5,0.00,0.00,1,'2020-12-21 20:36:07','2020-12-21 20:36:07',NULL),(259,25,'LENDERBANK00259',6,0.00,0.00,1,'2020-12-21 20:36:07','2020-12-21 20:36:07',NULL),(260,25,'LENDERBANK00260',7,0.00,0.00,1,'2020-12-21 20:36:07','2020-12-21 20:36:07',NULL),(261,25,'LENDERBANK00261',8,0.00,0.00,1,'2020-12-21 20:36:07','2020-12-21 20:36:07',NULL),(262,25,'LENDERBANK00262',9,0.00,0.00,1,'2020-12-21 20:36:07','2020-12-21 20:36:07',NULL),(263,25,'LENDERBANK00263',10,0.00,0.00,1,'2020-12-21 20:36:07','2020-12-21 20:36:07',NULL),(264,25,'LENDERBANK00264',11,0.00,0.00,1,'2020-12-21 20:36:07','2020-12-21 20:36:07',NULL),(265,26,'LENDERBANK00265',1,0.00,0.00,1,'2020-12-21 20:36:07','2020-12-21 20:36:07',NULL),(266,26,'LENDERBANK00266',2,0.00,0.00,1,'2020-12-21 20:36:07','2020-12-21 20:36:07',NULL),(267,26,'LENDERBANK00267',3,0.00,0.00,1,'2020-12-21 20:36:07','2020-12-21 20:36:07',NULL),(268,26,'LENDERBANK00268',4,0.00,0.00,1,'2020-12-21 20:36:07','2020-12-21 20:36:07',NULL),(269,26,'LENDERBANK00269',5,0.00,0.00,1,'2020-12-21 20:36:07','2020-12-21 20:36:07',NULL),(270,26,'LENDERBANK00270',6,0.00,0.00,1,'2020-12-21 20:36:07','2020-12-21 20:36:07',NULL),(271,26,'LENDERBANK00271',7,0.00,0.00,1,'2020-12-21 20:36:07','2020-12-21 20:36:07',NULL),(272,26,'LENDERBANK00272',8,0.00,0.00,1,'2020-12-21 20:36:07','2020-12-21 20:36:07',NULL),(273,26,'LENDERBANK00273',9,0.00,0.00,1,'2020-12-21 20:36:07','2020-12-21 20:36:07',NULL),(274,26,'LENDERBANK00274',10,0.00,0.00,1,'2020-12-21 20:36:07','2020-12-21 20:36:07',NULL),(275,26,'LENDERBANK00275',11,0.00,0.00,1,'2020-12-21 20:36:07','2020-12-21 20:36:07',NULL),(276,27,'LENDERBANK00276',1,0.00,0.00,1,'2020-12-21 20:36:07','2020-12-21 20:36:07',NULL),(277,27,'LENDERBANK00277',2,0.00,0.00,1,'2020-12-21 20:36:07','2020-12-21 20:36:07',NULL),(278,27,'LENDERBANK00278',3,0.00,0.00,1,'2020-12-21 20:36:07','2020-12-21 20:36:07',NULL),(279,27,'LENDERBANK00279',4,0.00,0.00,1,'2020-12-21 20:36:07','2020-12-21 20:36:07',NULL),(280,27,'LENDERBANK00280',5,0.00,0.00,1,'2020-12-21 20:36:07','2020-12-21 20:36:07',NULL),(281,27,'LENDERBANK00281',6,0.00,0.00,1,'2020-12-21 20:36:07','2020-12-21 20:36:07',NULL),(282,27,'LENDERBANK00282',7,0.00,0.00,1,'2020-12-21 20:36:07','2020-12-21 20:36:07',NULL),(283,27,'LENDERBANK00283',8,0.00,0.00,1,'2020-12-21 20:36:07','2020-12-21 20:36:07',NULL),(284,27,'LENDERBANK00284',9,0.00,0.00,1,'2020-12-21 20:36:07','2020-12-21 20:36:07',NULL),(285,27,'LENDERBANK00285',10,0.00,0.00,1,'2020-12-21 20:36:07','2020-12-21 20:36:07',NULL),(286,27,'LENDERBANK00286',11,0.00,0.00,1,'2020-12-21 20:36:07','2020-12-21 20:36:07',NULL),(649,28,'LENDERBANK00649',1,0.00,0.00,0,'2021-02-19 12:38:49',NULL,NULL),(648,28,'LENDERBANK00648',2,0.00,0.00,0,'2021-02-19 12:38:49',NULL,NULL),(647,28,'LENDERBANK00647',3,0.00,0.00,0,'2021-02-19 12:38:49',NULL,NULL),(646,28,'LENDERBANK00646',4,0.00,0.00,0,'2021-02-19 12:38:49',NULL,NULL),(645,28,'LENDERBANK00645',5,0.00,0.00,0,'2021-02-19 12:38:49',NULL,NULL),(644,28,'LENDERBANK00644',6,3.00,2.00,0,'2021-02-19 12:38:49',NULL,NULL),(643,28,'LENDERBANK00643',7,7.00,6.00,0,'2021-02-19 12:38:49',NULL,NULL),(642,28,'LENDERBANK00642',8,0.00,0.00,0,'2021-02-19 12:38:49',NULL,NULL),(641,28,'LENDERBANK00641',9,0.00,0.00,0,'2021-02-19 12:38:49',NULL,NULL),(640,28,'LENDERBANK00640',10,7.00,3.00,0,'2021-02-19 12:38:49',NULL,NULL),(639,28,'LENDERBANK00639',11,0.00,0.00,0,'2021-02-19 12:38:49',NULL,NULL),(298,29,'LENDERBANK00298',1,0.00,0.00,1,'2020-12-21 20:36:07','2020-12-21 20:36:07',NULL),(299,29,'LENDERBANK00299',2,0.00,0.00,1,'2020-12-21 20:36:07','2020-12-21 20:36:07',NULL),(300,29,'LENDERBANK00300',3,0.00,0.00,1,'2020-12-21 20:36:07','2020-12-21 20:36:07',NULL),(301,29,'LENDERBANK00301',4,0.00,0.00,1,'2020-12-21 20:36:07','2020-12-21 20:36:07',NULL),(302,29,'LENDERBANK00302',5,0.00,0.00,1,'2020-12-21 20:36:07','2020-12-21 20:36:07',NULL),(303,29,'LENDERBANK00303',6,0.00,0.00,1,'2020-12-21 20:36:07','2020-12-21 20:36:07',NULL),(304,29,'LENDERBANK00304',7,0.00,0.00,1,'2020-12-21 20:36:07','2020-12-21 20:36:07',NULL),(305,29,'LENDERBANK00305',8,0.00,0.00,1,'2020-12-21 20:36:07','2020-12-21 20:36:07',NULL),(306,29,'LENDERBANK00306',9,0.00,0.00,1,'2020-12-21 20:36:07','2020-12-21 20:36:07',NULL),(307,29,'LENDERBANK00307',10,0.00,0.00,1,'2020-12-21 20:36:07','2020-12-21 20:36:07',NULL),(308,29,'LENDERBANK00308',11,0.00,0.00,1,'2020-12-21 20:36:07','2020-12-21 20:36:07',NULL),(309,30,'LENDERBANK00309',1,0.00,0.00,1,'2020-12-21 20:36:07','2020-12-21 20:36:07',NULL),(310,30,'LENDERBANK00310',2,0.00,0.00,1,'2020-12-21 20:36:07','2020-12-21 20:36:07',NULL),(311,30,'LENDERBANK00311',3,0.00,0.00,1,'2020-12-21 20:36:07','2020-12-21 20:36:07',NULL),(312,30,'LENDERBANK00312',4,0.00,0.00,1,'2020-12-21 20:36:07','2020-12-21 20:36:07',NULL),(313,30,'LENDERBANK00313',5,0.00,0.00,1,'2020-12-21 20:36:07','2020-12-21 20:36:07',NULL),(314,30,'LENDERBANK00314',6,0.00,0.00,1,'2020-12-21 20:36:07','2020-12-21 20:36:07',NULL),(315,30,'LENDERBANK00315',7,0.00,0.00,1,'2020-12-21 20:36:07','2020-12-21 20:36:07',NULL),(316,30,'LENDERBANK00316',8,0.00,0.00,1,'2020-12-21 20:36:07','2020-12-21 20:36:07',NULL),(317,30,'LENDERBANK00317',9,0.00,0.00,1,'2020-12-21 20:36:07','2020-12-21 20:36:07',NULL),(318,30,'LENDERBANK00318',10,0.00,0.00,1,'2020-12-21 20:36:07','2020-12-21 20:36:07',NULL),(319,30,'LENDERBANK00319',11,0.00,0.00,1,'2020-12-21 20:36:07','2020-12-21 20:36:07',NULL),(320,31,'LENDERBANK00320',1,0.00,0.00,1,'2020-12-21 20:36:07','2020-12-21 20:36:07',NULL),(321,31,'LENDERBANK00321',2,0.00,0.00,1,'2020-12-21 20:36:07','2020-12-21 20:36:07',NULL),(322,31,'LENDERBANK00322',3,0.00,0.00,1,'2020-12-21 20:36:07','2020-12-21 20:36:07',NULL),(323,31,'LENDERBANK00323',4,0.00,0.00,1,'2020-12-21 20:36:07','2020-12-21 20:36:07',NULL),(324,31,'LENDERBANK00324',5,0.00,0.00,1,'2020-12-21 20:36:07','2020-12-21 20:36:07',NULL),(325,31,'LENDERBANK00325',6,0.00,0.00,1,'2020-12-21 20:36:07','2020-12-21 20:36:07',NULL),(326,31,'LENDERBANK00326',7,0.00,0.00,1,'2020-12-21 20:36:07','2020-12-21 20:36:07',NULL),(327,31,'LENDERBANK00327',8,0.00,0.00,1,'2020-12-21 20:36:07','2020-12-21 20:36:07',NULL),(328,31,'LENDERBANK00328',9,0.00,0.00,1,'2020-12-21 20:36:07','2020-12-21 20:36:07',NULL),(329,31,'LENDERBANK00329',10,0.00,0.00,1,'2020-12-21 20:36:07','2020-12-21 20:36:07',NULL),(330,31,'LENDERBANK00330',11,0.00,0.00,1,'2020-12-21 20:36:07','2020-12-21 20:36:07',NULL),(331,32,'LENDERBANK00331',1,0.00,0.00,1,'2020-12-21 20:36:07','2020-12-21 20:36:07',NULL),(332,32,'LENDERBANK00332',2,0.00,0.00,1,'2020-12-21 20:36:07','2020-12-21 20:36:07',NULL),(333,32,'LENDERBANK00333',3,0.00,0.00,1,'2020-12-21 20:36:07','2020-12-21 20:36:07',NULL),(334,32,'LENDERBANK00334',4,0.00,0.00,1,'2020-12-21 20:36:07','2020-12-21 20:36:07',NULL),(335,32,'LENDERBANK00335',5,0.00,0.00,1,'2020-12-21 20:36:07','2020-12-21 20:36:07',NULL),(336,32,'LENDERBANK00336',6,0.00,0.00,1,'2020-12-21 20:36:07','2020-12-21 20:36:07',NULL),(337,32,'LENDERBANK00337',7,0.00,0.00,1,'2020-12-21 20:36:07','2020-12-21 20:36:07',NULL),(338,32,'LENDERBANK00338',8,0.00,0.00,1,'2020-12-21 20:36:07','2020-12-21 20:36:07',NULL),(339,32,'LENDERBANK00339',9,0.00,0.00,1,'2020-12-21 20:36:07','2020-12-21 20:36:07',NULL),(340,32,'LENDERBANK00340',10,0.00,0.00,1,'2020-12-21 20:36:07','2020-12-21 20:36:07',NULL),(341,32,'LENDERBANK00341',11,0.00,0.00,1,'2020-12-21 20:36:07','2020-12-21 20:36:07',NULL),(342,33,'LENDERBANK00342',1,0.00,0.00,1,'2020-12-21 20:36:07','2020-12-21 20:36:07',NULL),(343,33,'LENDERBANK00343',2,0.00,0.00,1,'2020-12-21 20:36:07','2020-12-21 20:36:07',NULL),(344,33,'LENDERBANK00344',3,0.00,0.00,1,'2020-12-21 20:36:07','2020-12-21 20:36:07',NULL),(345,33,'LENDERBANK00345',4,0.00,0.00,1,'2020-12-21 20:36:07','2020-12-21 20:36:07',NULL),(346,33,'LENDERBANK00346',5,0.00,0.00,1,'2020-12-21 20:36:07','2020-12-21 20:36:07',NULL),(347,33,'LENDERBANK00347',6,0.00,0.00,1,'2020-12-21 20:36:07','2020-12-21 20:36:07',NULL),(348,33,'LENDERBANK00348',7,0.00,0.00,1,'2020-12-21 20:36:07','2020-12-21 20:36:07',NULL),(349,33,'LENDERBANK00349',8,0.00,0.00,1,'2020-12-21 20:36:07','2020-12-21 20:36:07',NULL),(350,33,'LENDERBANK00350',9,0.00,0.00,1,'2020-12-21 20:36:07','2020-12-21 20:36:07',NULL),(351,33,'LENDERBANK00351',10,0.00,0.00,1,'2020-12-21 20:36:07','2020-12-21 20:36:07',NULL),(352,33,'LENDERBANK00352',11,0.00,0.00,1,'2020-12-21 20:36:07','2020-12-21 20:36:07',NULL),(353,34,'LENDERBANK00353',1,0.00,0.00,1,'2020-12-21 20:36:07','2020-12-21 20:36:07',NULL),(354,34,'LENDERBANK00354',2,0.00,0.00,1,'2020-12-21 20:36:07','2020-12-21 20:36:07',NULL),(355,34,'LENDERBANK00355',3,0.00,0.00,1,'2020-12-21 20:36:07','2020-12-21 20:36:07',NULL),(356,34,'LENDERBANK00356',4,0.00,0.00,1,'2020-12-21 20:36:07','2020-12-21 20:36:07',NULL),(357,34,'LENDERBANK00357',5,0.00,0.00,1,'2020-12-21 20:36:07','2020-12-21 20:36:07',NULL),(358,34,'LENDERBANK00358',6,0.00,0.00,1,'2020-12-21 20:36:07','2020-12-21 20:36:07',NULL),(359,34,'LENDERBANK00359',7,0.00,0.00,1,'2020-12-21 20:36:07','2020-12-21 20:36:07',NULL),(360,34,'LENDERBANK00360',8,0.00,0.00,1,'2020-12-21 20:36:07','2020-12-21 20:36:07',NULL),(361,34,'LENDERBANK00361',9,0.00,0.00,1,'2020-12-21 20:36:07','2020-12-21 20:36:07',NULL),(362,34,'LENDERBANK00362',10,0.00,0.00,1,'2020-12-21 20:36:07','2020-12-21 20:36:07',NULL),(363,34,'LENDERBANK00363',11,0.00,0.00,1,'2020-12-21 20:36:07','2020-12-21 20:36:07',NULL),(364,35,'LENDERBANK00364',1,0.00,0.00,1,'2020-12-21 20:36:07','2020-12-21 20:36:07',NULL),(365,35,'LENDERBANK00365',2,0.00,0.00,1,'2020-12-21 20:36:07','2020-12-21 20:36:07',NULL),(366,35,'LENDERBANK00366',3,0.00,0.00,1,'2020-12-21 20:36:07','2020-12-21 20:36:07',NULL),(367,35,'LENDERBANK00367',4,0.00,0.00,1,'2020-12-21 20:36:07','2020-12-21 20:36:07',NULL),(368,35,'LENDERBANK00368',5,0.00,0.00,1,'2020-12-21 20:36:07','2020-12-21 20:36:07',NULL),(369,35,'LENDERBANK00369',6,0.00,0.00,1,'2020-12-21 20:36:07','2020-12-21 20:36:07',NULL),(370,35,'LENDERBANK00370',7,0.00,0.00,1,'2020-12-21 20:36:07','2020-12-21 20:36:07',NULL),(371,35,'LENDERBANK00371',8,0.00,0.00,1,'2020-12-21 20:36:07','2020-12-21 20:36:07',NULL),(372,35,'LENDERBANK00372',9,0.00,0.00,1,'2020-12-21 20:36:07','2020-12-21 20:36:07',NULL),(373,35,'LENDERBANK00373',10,0.00,0.00,1,'2020-12-21 20:36:07','2020-12-21 20:36:07',NULL),(374,35,'LENDERBANK00374',11,0.00,0.00,1,'2020-12-21 20:36:07','2020-12-21 20:36:07',NULL),(375,36,'LENDERBANK00375',1,0.00,0.00,1,'2020-12-21 20:36:07','2020-12-21 20:36:07',NULL),(376,36,'LENDERBANK00376',2,0.00,0.00,1,'2020-12-21 20:36:07','2020-12-21 20:36:07',NULL),(377,36,'LENDERBANK00377',3,0.00,0.00,1,'2020-12-21 20:36:07','2020-12-21 20:36:07',NULL),(378,36,'LENDERBANK00378',4,0.00,0.00,1,'2020-12-21 20:36:07','2020-12-21 20:36:07',NULL),(379,36,'LENDERBANK00379',5,0.00,0.00,1,'2020-12-21 20:36:07','2020-12-21 20:36:07',NULL),(380,36,'LENDERBANK00380',6,0.00,0.00,1,'2020-12-21 20:36:07','2020-12-21 20:36:07',NULL),(381,36,'LENDERBANK00381',7,0.00,0.00,1,'2020-12-21 20:36:07','2020-12-21 20:36:07',NULL),(382,36,'LENDERBANK00382',8,0.00,0.00,1,'2020-12-21 20:36:07','2020-12-21 20:36:07',NULL),(383,36,'LENDERBANK00383',9,0.00,0.00,1,'2020-12-21 20:36:07','2020-12-21 20:36:07',NULL),(384,36,'LENDERBANK00384',10,0.00,0.00,1,'2020-12-21 20:36:07','2020-12-21 20:36:07',NULL),(385,36,'LENDERBANK00385',11,0.00,0.00,1,'2020-12-21 20:36:07','2020-12-21 20:36:07',NULL),(386,37,'LENDERBANK00386',1,0.00,0.00,1,'2020-12-21 20:36:07','2020-12-21 20:36:07',NULL),(387,37,'LENDERBANK00387',2,0.00,0.00,1,'2020-12-21 20:36:07','2020-12-21 20:36:07',NULL),(388,37,'LENDERBANK00388',3,0.00,0.00,1,'2020-12-21 20:36:07','2020-12-21 20:36:07',NULL),(389,37,'LENDERBANK00389',4,0.00,0.00,1,'2020-12-21 20:36:07','2020-12-21 20:36:07',NULL),(390,37,'LENDERBANK00390',5,0.00,0.00,1,'2020-12-21 20:36:07','2020-12-21 20:36:07',NULL),(391,37,'LENDERBANK00391',6,0.00,0.00,1,'2020-12-21 20:36:07','2020-12-21 20:36:07',NULL),(392,37,'LENDERBANK00392',7,0.00,0.00,1,'2020-12-21 20:36:07','2020-12-21 20:36:07',NULL),(393,37,'LENDERBANK00393',8,0.00,0.00,1,'2020-12-21 20:36:07','2020-12-21 20:36:07',NULL),(394,37,'LENDERBANK00394',9,0.00,0.00,1,'2020-12-21 20:36:07','2020-12-21 20:36:07',NULL),(395,37,'LENDERBANK00395',10,0.00,0.00,1,'2020-12-21 20:36:07','2020-12-21 20:36:07',NULL),(396,37,'LENDERBANK00396',11,0.00,0.00,1,'2020-12-21 20:36:07','2020-12-21 20:36:07',NULL),(397,38,'LENDERBANK00397',1,0.00,0.00,1,'2020-12-21 20:36:07','2020-12-21 20:36:07',NULL),(398,38,'LENDERBANK00398',2,0.00,0.00,1,'2020-12-21 20:36:07','2020-12-21 20:36:07',NULL),(399,38,'LENDERBANK00399',3,0.00,0.00,1,'2020-12-21 20:36:07','2020-12-21 20:36:07',NULL),(400,38,'LENDERBANK00400',4,0.00,0.00,1,'2020-12-21 20:36:07','2020-12-21 20:36:07',NULL),(401,38,'LENDERBANK00401',5,0.00,0.00,1,'2020-12-21 20:36:07','2020-12-21 20:36:07',NULL),(402,38,'LENDERBANK00402',6,0.00,0.00,1,'2020-12-21 20:36:07','2020-12-21 20:36:07',NULL),(403,38,'LENDERBANK00403',7,0.00,0.00,1,'2020-12-21 20:36:07','2020-12-21 20:36:07',NULL),(404,38,'LENDERBANK00404',8,0.00,0.00,1,'2020-12-21 20:36:07','2020-12-21 20:36:07',NULL),(405,38,'LENDERBANK00405',9,0.00,0.00,1,'2020-12-21 20:36:07','2020-12-21 20:36:07',NULL),(406,38,'LENDERBANK00406',10,0.00,0.00,1,'2020-12-21 20:36:07','2020-12-21 20:36:07',NULL),(407,38,'LENDERBANK00407',11,0.00,0.00,1,'2020-12-21 20:36:07','2020-12-21 20:36:07',NULL),(408,39,'LENDERBANK00408',1,0.00,0.00,1,'2020-12-21 20:36:07','2020-12-21 20:36:07',NULL),(409,39,'LENDERBANK00409',2,0.00,0.00,1,'2020-12-21 20:36:08','2020-12-21 20:36:08',NULL),(410,39,'LENDERBANK00410',3,0.00,0.00,1,'2020-12-21 20:36:08','2020-12-21 20:36:08',NULL),(411,39,'LENDERBANK00411',4,0.00,0.00,1,'2020-12-21 20:36:08','2020-12-21 20:36:08',NULL),(412,39,'LENDERBANK00412',5,0.00,0.00,1,'2020-12-21 20:36:08','2020-12-21 20:36:08',NULL),(413,39,'LENDERBANK00413',6,0.00,0.00,1,'2020-12-21 20:36:08','2020-12-21 20:36:08',NULL),(414,39,'LENDERBANK00414',7,0.00,0.00,1,'2020-12-21 20:36:08','2020-12-21 20:36:08',NULL),(415,39,'LENDERBANK00415',8,0.00,0.00,1,'2020-12-21 20:36:08','2020-12-21 20:36:08',NULL),(416,39,'LENDERBANK00416',9,0.00,0.00,1,'2020-12-21 20:36:08','2020-12-21 20:36:08',NULL),(417,39,'LENDERBANK00417',10,0.00,0.00,1,'2020-12-21 20:36:08','2020-12-21 20:36:08',NULL),(418,39,'LENDERBANK00418',11,0.00,0.00,1,'2020-12-21 20:36:08','2020-12-21 20:36:08',NULL),(419,40,'LENDERBANK00419',1,0.00,0.00,1,'2020-12-21 20:36:08','2020-12-21 20:36:08',NULL),(420,40,'LENDERBANK00420',2,0.00,0.00,1,'2020-12-21 20:36:08','2020-12-21 20:36:08',NULL),(421,40,'LENDERBANK00421',3,0.00,0.00,1,'2020-12-21 20:36:08','2020-12-21 20:36:08',NULL),(422,40,'LENDERBANK00422',4,0.00,0.00,1,'2020-12-21 20:36:08','2020-12-21 20:36:08',NULL),(423,40,'LENDERBANK00423',5,0.00,0.00,1,'2020-12-21 20:36:08','2020-12-21 20:36:08',NULL),(424,40,'LENDERBANK00424',6,0.00,0.00,1,'2020-12-21 20:36:08','2020-12-21 20:36:08',NULL),(425,40,'LENDERBANK00425',7,0.00,0.00,1,'2020-12-21 20:36:08','2020-12-21 20:36:08',NULL),(426,40,'LENDERBANK00426',8,0.00,0.00,1,'2020-12-21 20:36:08','2020-12-21 20:36:08',NULL),(427,40,'LENDERBANK00427',9,0.00,0.00,1,'2020-12-21 20:36:08','2020-12-21 20:36:08',NULL),(428,40,'LENDERBANK00428',10,0.00,0.00,1,'2020-12-21 20:36:08','2020-12-21 20:36:08',NULL),(429,40,'LENDERBANK00429',11,0.00,0.00,1,'2020-12-21 20:36:08','2020-12-21 20:36:08',NULL),(430,41,'LENDERBANK00430',1,0.00,0.00,1,'2020-12-21 20:36:08','2020-12-21 20:36:08',NULL),(431,41,'LENDERBANK00431',2,0.00,0.00,1,'2020-12-21 20:36:08','2020-12-21 20:36:08',NULL),(432,41,'LENDERBANK00432',3,0.00,0.00,1,'2020-12-21 20:36:08','2020-12-21 20:36:08',NULL),(433,41,'LENDERBANK00433',4,0.00,0.00,1,'2020-12-21 20:36:08','2020-12-21 20:36:08',NULL),(434,41,'LENDERBANK00434',5,0.00,0.00,1,'2020-12-21 20:36:08','2020-12-21 20:36:08',NULL),(435,41,'LENDERBANK00435',6,0.00,0.00,1,'2020-12-21 20:36:08','2020-12-21 20:36:08',NULL),(436,41,'LENDERBANK00436',7,0.00,0.00,1,'2020-12-21 20:36:08','2020-12-21 20:36:08',NULL),(437,41,'LENDERBANK00437',8,0.00,0.00,1,'2020-12-21 20:36:08','2020-12-21 20:36:08',NULL),(438,41,'LENDERBANK00438',9,0.00,0.00,1,'2020-12-21 20:36:08','2020-12-21 20:36:08',NULL),(439,41,'LENDERBANK00439',10,0.00,0.00,1,'2020-12-21 20:36:08','2020-12-21 20:36:08',NULL),(440,41,'LENDERBANK00440',11,0.00,0.00,1,'2020-12-21 20:36:08','2020-12-21 20:36:08',NULL),(441,42,'LENDERBANK00441',1,0.00,0.00,1,'2020-12-21 20:36:08','2020-12-21 20:36:08',NULL),(442,42,'LENDERBANK00442',2,0.00,0.00,1,'2020-12-21 20:36:08','2020-12-21 20:36:08',NULL),(443,42,'LENDERBANK00443',3,0.00,0.00,1,'2020-12-21 20:36:08','2020-12-21 20:36:08',NULL),(444,42,'LENDERBANK00444',4,0.00,0.00,1,'2020-12-21 20:36:08','2020-12-21 20:36:08',NULL),(445,42,'LENDERBANK00445',5,0.00,0.00,1,'2020-12-21 20:36:08','2020-12-21 20:36:08',NULL),(446,42,'LENDERBANK00446',6,0.00,0.00,1,'2020-12-21 20:36:08','2020-12-21 20:36:08',NULL),(447,42,'LENDERBANK00447',7,0.00,0.00,1,'2020-12-21 20:36:08','2020-12-21 20:36:08',NULL),(448,42,'LENDERBANK00448',8,0.00,0.00,1,'2020-12-21 20:36:08','2020-12-21 20:36:08',NULL),(449,42,'LENDERBANK00449',9,0.00,0.00,1,'2020-12-21 20:36:08','2020-12-21 20:36:08',NULL),(450,42,'LENDERBANK00450',10,0.00,0.00,1,'2020-12-21 20:36:08','2020-12-21 20:36:08',NULL),(451,42,'LENDERBANK00451',11,0.00,0.00,1,'2020-12-21 20:36:08','2020-12-21 20:36:08',NULL),(452,43,'LENDERBANK00452',1,0.00,0.00,1,'2020-12-21 20:36:08','2020-12-21 20:36:08',NULL),(453,43,'LENDERBANK00453',2,0.00,0.00,1,'2020-12-21 20:36:08','2020-12-21 20:36:08',NULL),(454,43,'LENDERBANK00454',3,0.00,0.00,1,'2020-12-21 20:36:08','2020-12-21 20:36:08',NULL),(455,43,'LENDERBANK00455',4,0.00,0.00,1,'2020-12-21 20:36:08','2020-12-21 20:36:08',NULL),(456,43,'LENDERBANK00456',5,0.00,0.00,1,'2020-12-21 20:36:08','2020-12-21 20:36:08',NULL),(457,43,'LENDERBANK00457',6,0.00,0.00,1,'2020-12-21 20:36:08','2020-12-21 20:36:08',NULL),(458,43,'LENDERBANK00458',7,0.00,0.00,1,'2020-12-21 20:36:08','2020-12-21 20:36:08',NULL),(459,43,'LENDERBANK00459',8,0.00,0.00,1,'2020-12-21 20:36:08','2020-12-21 20:36:08',NULL),(460,43,'LENDERBANK00460',9,0.00,0.00,1,'2020-12-21 20:36:08','2020-12-21 20:36:08',NULL),(461,43,'LENDERBANK00461',10,0.00,0.00,1,'2020-12-21 20:36:08','2020-12-21 20:36:08',NULL),(462,43,'LENDERBANK00462',11,0.00,0.00,1,'2020-12-21 20:36:08','2020-12-21 20:36:08',NULL),(463,44,'LENDERBANK00463',1,0.00,0.00,1,'2020-12-21 20:36:08','2020-12-21 20:36:08',NULL),(464,44,'LENDERBANK00464',2,0.00,0.00,1,'2020-12-21 20:36:08','2020-12-21 20:36:08',NULL),(465,44,'LENDERBANK00465',3,0.00,0.00,1,'2020-12-21 20:36:08','2020-12-21 20:36:08',NULL),(466,44,'LENDERBANK00466',4,0.00,0.00,1,'2020-12-21 20:36:08','2020-12-21 20:36:08',NULL),(467,44,'LENDERBANK00467',5,0.00,0.00,1,'2020-12-21 20:36:08','2020-12-21 20:36:08',NULL),(468,44,'LENDERBANK00468',6,0.00,0.00,1,'2020-12-21 20:36:08','2020-12-21 20:36:08',NULL),(469,44,'LENDERBANK00469',7,0.00,0.00,1,'2020-12-21 20:36:08','2020-12-21 20:36:08',NULL),(470,44,'LENDERBANK00470',8,0.00,0.00,1,'2020-12-21 20:36:08','2020-12-21 20:36:08',NULL),(471,44,'LENDERBANK00471',9,0.00,0.00,1,'2020-12-21 20:36:08','2020-12-21 20:36:08',NULL),(472,44,'LENDERBANK00472',10,0.00,0.00,1,'2020-12-21 20:36:08','2020-12-21 20:36:08',NULL),(473,44,'LENDERBANK00473',11,0.00,0.00,1,'2020-12-21 20:36:08','2020-12-21 20:36:08',NULL),(474,45,'LENDERBANK00474',1,0.00,0.00,1,'2020-12-21 20:36:08','2020-12-21 20:36:08',NULL),(475,45,'LENDERBANK00475',2,0.00,0.00,1,'2020-12-21 20:36:08','2020-12-21 20:36:08',NULL),(476,45,'LENDERBANK00476',3,0.00,0.00,1,'2020-12-21 20:36:08','2020-12-21 20:36:08',NULL),(477,45,'LENDERBANK00477',4,0.00,0.00,1,'2020-12-21 20:36:08','2020-12-21 20:36:08',NULL),(478,45,'LENDERBANK00478',5,0.00,0.00,1,'2020-12-21 20:36:08','2020-12-21 20:36:08',NULL),(479,45,'LENDERBANK00479',6,0.00,0.00,1,'2020-12-21 20:36:08','2020-12-21 20:36:08',NULL),(480,45,'LENDERBANK00480',7,0.00,0.00,1,'2020-12-21 20:36:08','2020-12-21 20:36:08',NULL),(481,45,'LENDERBANK00481',8,0.00,0.00,1,'2020-12-21 20:36:08','2020-12-21 20:36:08',NULL),(482,45,'LENDERBANK00482',9,0.00,0.00,1,'2020-12-21 20:36:08','2020-12-21 20:36:08',NULL),(483,45,'LENDERBANK00483',10,0.00,0.00,1,'2020-12-21 20:36:08','2020-12-21 20:36:08',NULL),(484,45,'LENDERBANK00484',11,0.00,0.00,1,'2020-12-21 20:36:08','2020-12-21 20:36:08',NULL),(485,46,'LENDERBANK00485',1,0.00,0.00,1,'2020-12-21 20:36:08','2020-12-21 20:36:08',NULL),(486,46,'LENDERBANK00486',2,0.00,0.00,1,'2020-12-21 20:36:08','2020-12-21 20:36:08',NULL),(487,46,'LENDERBANK00487',3,0.00,0.00,1,'2020-12-21 20:36:08','2020-12-21 20:36:08',NULL),(488,46,'LENDERBANK00488',4,0.00,0.00,1,'2020-12-21 20:36:08','2020-12-21 20:36:08',NULL),(489,46,'LENDERBANK00489',5,0.00,0.00,1,'2020-12-21 20:36:08','2020-12-21 20:36:08',NULL),(490,46,'LENDERBANK00490',6,0.00,0.00,1,'2020-12-21 20:36:08','2020-12-21 20:36:08',NULL),(491,46,'LENDERBANK00491',7,0.00,0.00,1,'2020-12-21 20:36:08','2020-12-21 20:36:08',NULL),(492,46,'LENDERBANK00492',8,0.00,0.00,1,'2020-12-21 20:36:08','2020-12-21 20:36:08',NULL),(493,46,'LENDERBANK00493',9,0.00,0.00,1,'2020-12-21 20:36:08','2020-12-21 20:36:08',NULL),(494,46,'LENDERBANK00494',10,0.00,0.00,1,'2020-12-21 20:36:08','2020-12-21 20:36:08',NULL),(495,46,'LENDERBANK00495',11,0.00,0.00,1,'2020-12-21 20:36:08','2020-12-21 20:36:08',NULL),(496,47,'LENDERBANK00496',1,0.00,0.00,1,'2020-12-21 20:36:08','2020-12-21 20:36:08',NULL),(497,47,'LENDERBANK00497',2,0.00,0.00,1,'2020-12-21 20:36:08','2020-12-21 20:36:08',NULL),(498,47,'LENDERBANK00498',3,0.00,0.00,1,'2020-12-21 20:36:08','2020-12-21 20:36:08',NULL),(499,47,'LENDERBANK00499',4,0.00,0.00,1,'2020-12-21 20:36:08','2020-12-21 20:36:08',NULL),(500,47,'LENDERBANK00500',5,0.00,0.00,1,'2020-12-21 20:36:08','2020-12-21 20:36:08',NULL),(501,47,'LENDERBANK00501',6,0.00,0.00,1,'2020-12-21 20:36:08','2020-12-21 20:36:08',NULL),(502,47,'LENDERBANK00502',7,0.00,0.00,1,'2020-12-21 20:36:08','2020-12-21 20:36:08',NULL),(503,47,'LENDERBANK00503',8,0.00,0.00,1,'2020-12-21 20:36:08','2020-12-21 20:36:08',NULL),(504,47,'LENDERBANK00504',9,0.00,0.00,1,'2020-12-21 20:36:08','2020-12-21 20:36:08',NULL),(505,47,'LENDERBANK00505',10,0.00,0.00,1,'2020-12-21 20:36:08','2020-12-21 20:36:08',NULL),(506,47,'LENDERBANK00506',11,0.00,0.00,1,'2020-12-21 20:36:08','2020-12-21 20:36:08',NULL),(507,48,'LENDERBANK00507',1,0.00,0.00,1,'2020-12-21 20:36:08','2020-12-21 20:36:08',NULL),(508,48,'LENDERBANK00508',2,0.00,0.00,1,'2020-12-21 20:36:08','2020-12-21 20:36:08',NULL),(509,48,'LENDERBANK00509',3,0.00,0.00,1,'2020-12-21 20:36:08','2020-12-21 20:36:08',NULL),(510,48,'LENDERBANK00510',4,0.00,0.00,1,'2020-12-21 20:36:08','2020-12-21 20:36:08',NULL),(511,48,'LENDERBANK00511',5,0.00,0.00,1,'2020-12-21 20:36:08','2020-12-21 20:36:08',NULL),(512,48,'LENDERBANK00512',6,0.00,0.00,1,'2020-12-21 20:36:08','2020-12-21 20:36:08',NULL),(513,48,'LENDERBANK00513',7,0.00,0.00,1,'2020-12-21 20:36:08','2020-12-21 20:36:08',NULL),(514,48,'LENDERBANK00514',8,0.00,0.00,1,'2020-12-21 20:36:08','2020-12-21 20:36:08',NULL),(515,48,'LENDERBANK00515',9,0.00,0.00,1,'2020-12-21 20:36:08','2020-12-21 20:36:08',NULL),(516,48,'LENDERBANK00516',10,0.00,0.00,1,'2020-12-21 20:36:08','2020-12-21 20:36:08',NULL),(517,48,'LENDERBANK00517',11,0.00,0.00,1,'2020-12-21 20:36:08','2020-12-21 20:36:08',NULL),(518,49,'LENDERBANK00518',1,0.00,0.00,1,'2020-12-21 20:36:08','2020-12-21 20:36:08',NULL),(519,49,'LENDERBANK00519',2,0.00,0.00,1,'2020-12-21 20:36:08','2020-12-21 20:36:08',NULL),(520,49,'LENDERBANK00520',3,0.00,0.00,1,'2020-12-21 20:36:08','2020-12-21 20:36:08',NULL),(521,49,'LENDERBANK00521',4,0.00,0.00,1,'2020-12-21 20:36:08','2020-12-21 20:36:08',NULL),(522,49,'LENDERBANK00522',5,0.00,0.00,1,'2020-12-21 20:36:08','2020-12-21 20:36:08',NULL),(523,49,'LENDERBANK00523',6,0.00,0.00,1,'2020-12-21 20:36:08','2020-12-21 20:36:08',NULL),(524,49,'LENDERBANK00524',7,0.00,0.00,1,'2020-12-21 20:36:08','2020-12-21 20:36:08',NULL),(525,49,'LENDERBANK00525',8,0.00,0.00,1,'2020-12-21 20:36:08','2020-12-21 20:36:08',NULL),(526,49,'LENDERBANK00526',9,0.00,0.00,1,'2020-12-21 20:36:08','2020-12-21 20:36:08',NULL),(527,49,'LENDERBANK00527',10,0.00,0.00,1,'2020-12-21 20:36:08','2020-12-21 20:36:08',NULL),(528,49,'LENDERBANK00528',11,0.00,0.00,1,'2020-12-21 20:36:08','2020-12-21 20:36:08',NULL),(529,50,'LENDERBANK00529',1,0.00,0.00,1,'2020-12-21 20:36:08','2020-12-21 20:36:08',NULL),(530,50,'LENDERBANK00530',2,0.00,0.00,1,'2020-12-21 20:36:08','2020-12-21 20:36:08',NULL),(531,50,'LENDERBANK00531',3,0.00,0.00,1,'2020-12-21 20:36:08','2020-12-21 20:36:08',NULL),(532,50,'LENDERBANK00532',4,0.00,0.00,1,'2020-12-21 20:36:08','2020-12-21 20:36:08',NULL),(533,50,'LENDERBANK00533',5,0.00,0.00,1,'2020-12-21 20:36:08','2020-12-21 20:36:08',NULL),(534,50,'LENDERBANK00534',6,0.00,0.00,1,'2020-12-21 20:36:08','2020-12-21 20:36:08',NULL),(535,50,'LENDERBANK00535',7,0.00,0.00,1,'2020-12-21 20:36:08','2020-12-21 20:36:08',NULL),(536,50,'LENDERBANK00536',8,0.00,0.00,1,'2020-12-21 20:36:08','2020-12-21 20:36:08',NULL),(537,50,'LENDERBANK00537',9,0.00,0.00,1,'2020-12-21 20:36:08','2020-12-21 20:36:08',NULL),(538,50,'LENDERBANK00538',10,0.00,0.00,1,'2020-12-21 20:36:08','2020-12-21 20:36:08',NULL),(539,50,'LENDERBANK00539',11,0.00,0.00,1,'2020-12-21 20:36:08','2020-12-21 20:36:08',NULL),(540,51,'LENDERBANK00540',1,0.00,0.00,1,'2020-12-21 20:36:08','2020-12-21 20:36:08',NULL),(541,51,'LENDERBANK00541',2,0.00,0.00,1,'2020-12-21 20:36:08','2020-12-21 20:36:08',NULL),(542,51,'LENDERBANK00542',3,0.00,0.00,1,'2020-12-21 20:36:08','2020-12-21 20:36:08',NULL),(543,51,'LENDERBANK00543',4,0.00,0.00,1,'2020-12-21 20:36:08','2020-12-21 20:36:08',NULL),(544,51,'LENDERBANK00544',5,0.00,0.00,1,'2020-12-21 20:36:08','2020-12-21 20:36:08',NULL),(545,51,'LENDERBANK00545',6,0.00,0.00,1,'2020-12-21 20:36:08','2020-12-21 20:36:08',NULL),(546,51,'LENDERBANK00546',7,0.00,0.00,1,'2020-12-21 20:36:08','2020-12-21 20:36:08',NULL),(547,51,'LENDERBANK00547',8,0.00,0.00,1,'2020-12-21 20:36:08','2020-12-21 20:36:08',NULL),(548,51,'LENDERBANK00548',9,0.00,0.00,1,'2020-12-21 20:36:08','2020-12-21 20:36:08',NULL),(549,51,'LENDERBANK00549',10,0.00,0.00,1,'2020-12-21 20:36:08','2020-12-21 20:36:08',NULL),(550,51,'LENDERBANK00550',11,0.00,0.00,1,'2020-12-21 20:36:08','2020-12-21 20:36:08',NULL),(761,52,'LENDERBANK00761',1,0.00,0.00,0,'2021-02-27 12:45:13','2021-02-27 12:45:13',NULL),(760,52,'LENDERBANK00760',2,0.00,0.00,0,'2021-02-27 12:45:13','2021-02-27 12:45:13',NULL),(759,52,'LENDERBANK00759',3,0.00,0.00,0,'2021-02-27 12:45:13','2021-02-27 12:45:13',NULL),(758,52,'LENDERBANK00758',4,0.00,0.00,0,'2021-02-27 12:45:13','2021-02-27 12:45:13',NULL),(757,52,'LENDERBANK00757',5,0.00,0.00,0,'2021-02-27 12:45:13','2021-02-27 12:45:13',NULL),(756,52,'LENDERBANK00756',6,0.00,0.00,0,'2021-02-27 12:45:13','2021-02-27 12:45:13',NULL),(755,52,'LENDERBANK00755',7,0.00,0.00,0,'2021-02-27 12:45:13','2021-02-27 12:45:13',NULL),(754,52,'LENDERBANK00754',8,10.00,0.00,0,'2021-02-27 12:45:13','2021-02-27 12:45:13',NULL),(753,52,'LENDERBANK00753',9,10.00,0.00,0,'2021-02-27 12:45:13','2021-02-27 12:45:13',NULL),(752,52,'LENDERBANK00752',10,0.00,0.00,1,'2021-02-27 12:45:13','2021-02-27 12:45:13',NULL),(751,52,'LENDERBANK00751',11,0.00,0.00,1,'2021-02-27 12:45:13','2021-02-27 12:45:13',NULL),(809,1,'LENDERBANK00809',1,41.00,10.00,1,'2021-03-22 17:03:26','2021-03-22 17:03:26',NULL),(808,1,'LENDERBANK00808',2,200.00,2.00,1,'2021-03-22 17:03:26','2021-03-22 17:03:26',NULL),(807,1,'LENDERBANK00807',3,9.00,9.00,1,'2021-03-22 17:03:26','2021-03-22 17:03:26',NULL),(806,1,'LENDERBANK00806',4,10.00,8.00,1,'2021-03-22 17:03:26','2021-03-22 17:03:26',NULL),(805,1,'LENDERBANK00805',5,11.00,11.00,1,'2021-03-22 17:03:26','2021-03-22 17:03:26',NULL),(804,1,'LENDERBANK00804',6,45.00,3.00,1,'2021-03-22 17:03:26','2021-03-22 17:03:26',NULL),(803,1,'LENDERBANK00803',7,0.00,0.00,1,'2021-03-22 17:03:26','2021-03-22 17:03:26',NULL),(802,1,'LENDERBANK00802',8,0.00,0.00,1,'2021-03-22 17:03:26','2021-03-22 17:03:26',NULL),(801,1,'LENDERBANK00801',9,0.00,0.00,1,'2021-03-22 17:03:26','2021-03-22 17:03:26',NULL),(800,1,'LENDERBANK00800',10,0.00,0.00,1,'2021-03-22 17:03:26','2021-03-22 17:03:26',NULL),(799,1,'LENDERBANK00799',11,0.00,0.00,1,'2021-03-22 17:03:26','2021-03-22 17:03:26',NULL);
/*!40000 ALTER TABLE `lender_banking` ENABLE KEYS */;
UNLOCK TABLES;
DROP TABLE IF EXISTS `lender_banking_detail_revisions`;
/*!40101 SET @saved_cs_client     = @@character_set_client */;
/*!40101 SET character_set_client = utf8 */;
CREATE TABLE `lender_banking_detail_revisions` (
  `id` int(10) unsigned NOT NULL AUTO_INCREMENT,
  `lender_banking_detail_id` int(11) NOT NULL,
  `lender_id` int(10) unsigned NOT NULL,
  `lender_banking_id` int(11) DEFAULT NULL,
  `banking_arrangment_id` int(10) unsigned NOT NULL,
  `sanction_amount` decimal(10,2) DEFAULT NULL,
  `outstanding_amount` decimal(10,2) DEFAULT NULL,
  `lender_banking_status` tinyint(1) NOT NULL DEFAULT '0',
  `created_at` timestamp NULL DEFAULT CURRENT_TIMESTAMP,
  `updated_at` timestamp NULL DEFAULT CURRENT_TIMESTAMP,
  `deleted_at` timestamp NULL DEFAULT CURRENT_TIMESTAMP,
  PRIMARY KEY (`id`)
) ENGINE=MyISAM AUTO_INCREMENT=5 DEFAULT CHARSET=utf8mb4 COLLATE=utf8mb4_unicode_ci;
/*!40101 SET character_set_client = @saved_cs_client */;

LOCK TABLES `lender_banking_detail_revisions` WRITE;
/*!40000 ALTER TABLE `lender_banking_detail_revisions` DISABLE KEYS */;
INSERT INTO `lender_banking_detail_revisions` VALUES (1,1,1,628,1,11.00,11.00,1,'2021-02-28 16:14:02','2021-03-12 13:39:57','2021-02-28 16:14:02'),(2,8,1,635,4,11.00,12.00,1,'2021-02-28 16:46:58','2021-02-28 22:17:20','2021-02-28 16:46:58'),(3,1,56,NULL,11,11.00,12.00,1,'2021-03-12 08:06:28','2021-03-12 13:39:57','2021-03-12 08:06:28'),(4,1,56,784,11,11.00,12.00,1,'2021-03-12 08:08:53','2021-03-12 13:39:57','2021-03-12 08:08:53');
/*!40000 ALTER TABLE `lender_banking_detail_revisions` ENABLE KEYS */;
UNLOCK TABLES;
DROP TABLE IF EXISTS `lender_banking_details`;
/*!40101 SET @saved_cs_client     = @@character_set_client */;
/*!40101 SET character_set_client = utf8 */;
CREATE TABLE `lender_banking_details` (
  `id` int(10) unsigned NOT NULL AUTO_INCREMENT,
  `lender_id` int(10) unsigned NOT NULL,
  `lender_banking_id` int(11) NOT NULL,
  `lender_banking_detail_code` varchar(100) COLLATE utf8mb4_unicode_ci DEFAULT NULL,
  `banking_arrangment_id` int(10) unsigned NOT NULL,
  `lender_banking_date` date DEFAULT NULL,
  `sanction_amount` decimal(10,2) DEFAULT NULL,
  `outstanding_amount` decimal(10,2) DEFAULT NULL,
  `lender_banking_status` tinyint(1) NOT NULL DEFAULT '0',
  `created_at` timestamp NULL DEFAULT NULL,
  `updated_at` timestamp NULL DEFAULT NULL,
  `deleted_at` timestamp NULL DEFAULT NULL,
  PRIMARY KEY (`id`),
  KEY `lender_banking` (`lender_banking_id`)
) ENGINE=MyISAM AUTO_INCREMENT=17 DEFAULT CHARSET=utf8mb4 COLLATE=utf8mb4_unicode_ci;
/*!40101 SET character_set_client = @saved_cs_client */;

LOCK TABLES `lender_banking_details` WRITE;
/*!40000 ALTER TABLE `lender_banking_details` DISABLE KEYS */;
/*!40000 ALTER TABLE `lender_banking_details` ENABLE KEYS */;
UNLOCK TABLES;
DROP TABLE IF EXISTS `lender_banking_revisions`;
/*!40101 SET @saved_cs_client     = @@character_set_client */;
/*!40101 SET character_set_client = utf8 */;
CREATE TABLE `lender_banking_revisions` (
  `id` int(10) unsigned NOT NULL AUTO_INCREMENT,
  `lender_banking_id` int(11) NOT NULL,
  `lender_id` int(10) unsigned NOT NULL,
  `banking_arrangment_id` int(10) unsigned NOT NULL,
  `sanction_amount` decimal(10,2) DEFAULT NULL,
  `outstanding_amount` decimal(10,2) DEFAULT NULL,
  `lender_banking_status` tinyint(1) NOT NULL DEFAULT '0',
  `created_at` timestamp NULL DEFAULT CURRENT_TIMESTAMP,
  `updated_at` timestamp NULL DEFAULT CURRENT_TIMESTAMP,
  `deleted_at` timestamp NULL DEFAULT CURRENT_TIMESTAMP,
  PRIMARY KEY (`id`)
) ENGINE=MyISAM AUTO_INCREMENT=19 DEFAULT CHARSET=utf8mb4 COLLATE=utf8mb4_unicode_ci;
/*!40101 SET character_set_client = @saved_cs_client */;

LOCK TABLES `lender_banking_revisions` WRITE;
/*!40000 ALTER TABLE `lender_banking_revisions` DISABLE KEYS */;
INSERT INTO `lender_banking_revisions` VALUES (1,726,1,1,1.00,1.00,1,'2020-12-04 10:57:48','2020-12-07 14:59:17','2020-12-04 10:57:48'),(2,726,1,1,1.00,1.00,1,'2020-12-04 10:58:22','2020-12-07 14:59:17','2020-12-04 10:58:22'),(3,726,1,1,2.00,2.00,1,'2020-12-04 10:58:54','2020-12-07 14:59:17','2020-12-04 10:58:54'),(4,725,1,2,2.00,2.00,1,'2020-12-04 11:18:33','2020-12-07 14:59:41','2020-12-04 11:18:33'),(5,725,1,2,2.00,2.00,1,'2020-12-04 11:19:01','2020-12-07 14:59:41','2020-12-04 11:19:01'),(6,726,1,1,2.00,2.00,1,'2020-12-04 11:19:26','2020-12-07 14:59:17','2020-12-04 11:19:26'),(7,726,1,1,0.00,0.00,0,'2020-12-07 09:30:46','2020-12-07 09:30:46','2020-12-07 09:30:46'),(8,746,52,3,2.00,2.00,1,'2020-12-07 09:48:53','2020-12-07 16:11:49','2020-12-07 09:48:53'),(9,746,52,3,3.00,3.00,1,'2020-12-07 10:41:22','2020-12-07 16:11:49','2020-12-07 10:41:22'),(10,296,28,10,7.00,3.00,1,'2021-01-16 11:16:43','2021-01-16 16:46:53','2021-01-16 11:16:43'),(11,293,28,7,4.00,6.00,1,'2021-01-16 11:17:07','2021-01-16 16:47:27','2021-01-16 11:17:07'),(12,292,28,6,3.00,2.00,1,'2021-01-16 11:17:21','2021-01-16 16:47:29','2021-01-16 11:17:21'),(13,616,1,1,50.00,10.00,1,'2021-02-11 10:26:01','2021-02-11 15:56:17','2021-02-11 10:26:01'),(14,615,1,2,200.00,2.00,1,'2021-02-11 10:26:49','2021-02-11 15:57:39','2021-02-11 10:26:49'),(15,627,52,1,45.00,0.00,0,'2021-02-19 07:05:56','2021-02-19 07:05:56','2021-02-19 07:05:56'),(16,638,1,1,40.00,10.00,1,'2021-02-24 05:35:54','2021-02-27 12:15:07','2021-02-24 05:35:54'),(17,638,1,1,41.00,10.00,1,'2021-02-27 06:45:00','2021-02-27 12:15:07','2021-02-27 06:45:00'),(18,798,1,1,10.00,8.00,0,'2021-03-12 10:40:22','2021-03-12 10:40:22','2021-03-12 10:40:22');
/*!40000 ALTER TABLE `lender_banking_revisions` ENABLE KEYS */;
UNLOCK TABLES;
DROP TABLE IF EXISTS `lender_type`;
/*!40101 SET @saved_cs_client     = @@character_set_client */;
/*!40101 SET character_set_client = utf8 */;
CREATE TABLE `lender_type` (
  `id` bigint(20) unsigned NOT NULL AUTO_INCREMENT,
  `parent_id` int(11) DEFAULT NULL,
  `name` varchar(191) COLLATE utf8mb4_unicode_ci NOT NULL,
  `lft` int(11) NOT NULL,
  `rgt` int(11) NOT NULL,
  `depth` int(11) NOT NULL,
  `created_at` timestamp NULL DEFAULT NULL,
  `updated_at` timestamp NULL DEFAULT NULL,
  PRIMARY KEY (`id`)
) ENGINE=MyISAM AUTO_INCREMENT=8 DEFAULT CHARSET=utf8mb4 COLLATE=utf8mb4_unicode_ci;
/*!40101 SET character_set_client = @saved_cs_client */;

LOCK TABLES `lender_type` WRITE;
/*!40000 ALTER TABLE `lender_type` DISABLE KEYS */;
INSERT INTO `lender_type` VALUES (1,NULL,'Private Bank',2,3,1,NULL,'2021-03-30 14:59:49'),(2,NULL,'Public Sector Bank',4,5,1,NULL,'2020-12-14 12:09:45'),(3,NULL,'Small Finance Bank',6,7,1,NULL,'2020-12-14 12:10:30'),(4,NULL,'Financial Institution',8,9,1,NULL,'2020-12-14 12:11:14'),(5,NULL,'Mutual Fund',10,11,1,NULL,'2020-12-14 12:11:59'),(6,NULL,'Development Financial Instituion/DF',12,13,1,NULL,'2020-12-14 12:12:41'),(7,NULL,'Others (with text Box)',14,15,1,NULL,'2020-12-14 12:13:25');
/*!40000 ALTER TABLE `lender_type` ENABLE KEYS */;
UNLOCK TABLES;
DROP TABLE IF EXISTS `lenders`;
/*!40101 SET @saved_cs_client     = @@character_set_client */;
/*!40101 SET character_set_client = utf8 */;
CREATE TABLE `lenders` (
  `id` bigint(20) unsigned NOT NULL AUTO_INCREMENT,
  `user_id` int(11) DEFAULT NULL,
  `name` varchar(191) COLLATE utf8mb4_unicode_ci NOT NULL,
  `email` varchar(191) COLLATE utf8mb4_unicode_ci DEFAULT NULL,
  `phone` varchar(15) COLLATE utf8mb4_unicode_ci DEFAULT NULL,
  `password` varchar(191) COLLATE utf8mb4_unicode_ci DEFAULT NULL,
  `is_banking_arrangement` int(1) DEFAULT NULL,
  `is_message_md` int(1) DEFAULT NULL,
  `is_insight` int(1) DEFAULT NULL,
  `is_current_deal` int(1) DEFAULT NULL,
  `is_document` int(1) DEFAULT NULL,
  `is_financial_summary` int(1) DEFAULT NULL,
  `is_newsletter` int(1) DEFAULT NULL,
  `is_contact_us` int(1) DEFAULT NULL,
  `is_sanction_letter` int(1) DEFAULT NULL,
  `is_onboard` enum('Onboarded','Pending','Approve') COLLATE utf8mb4_unicode_ci NOT NULL DEFAULT 'Pending',
  `created_at` timestamp NULL DEFAULT CURRENT_TIMESTAMP,
  `updated_at` timestamp NULL DEFAULT NULL,
  PRIMARY KEY (`id`),
  KEY `lenders_user_id_foreign` (`user_id`)
) ENGINE=MyISAM AUTO_INCREMENT=58 DEFAULT CHARSET=utf8mb4 COLLATE=utf8mb4_unicode_ci;
/*!40101 SET character_set_client = @saved_cs_client */;

LOCK TABLES `lenders` WRITE;
/*!40000 ALTER TABLE `lenders` DISABLE KEYS */;
INSERT INTO `lenders` VALUES (1,2,'A K Capital Services Limited','akcapital@skfin.in','9887501240','pass@123',1,1,1,1,1,1,1,1,0,'Onboarded','2020-12-07 19:42:01','2021-03-22 17:03:26'),(2,1,'Ess Kay Master Admin','esskayfincorp@gmail.com','9462045321','$2y$10$p21Y4gNJb3aQm3khFBEwTOvV50A1cnX6HJeS47qJXncmgM/duk1fu',1,1,1,1,1,1,1,1,0,'Onboarded','2020-12-07 19:42:01','0000-00-00 00:00:00'),(3,3,'Au Small Finance Bank','au.small.finance.bank@skfin.in','9999999998','$2y$10$p21Y4gNJb3aQm3khFBEwTOvV50A1cnX6HJeS47qJXncmgM/duk1fu',1,1,1,1,1,1,1,1,0,'Onboarded','2020-12-07 19:42:01','0000-00-00 00:00:00'),(4,4,'Avendus PPMLD','avendus.ppmld@skfin.in','9999999997','$2y$10$p21Y4gNJb3aQm3khFBEwTOvV50A1cnX6HJeS47qJXncmgM/duk1fu',1,1,1,1,1,1,1,1,0,'Onboarded','2020-12-07 19:42:01','0000-00-00 00:00:00'),(5,5,'Axis Bank','axis.bank@skfin.in','9999999996','$2y$10$p21Y4gNJb3aQm3khFBEwTOvV50A1cnX6HJeS47qJXncmgM/duk1fu',1,1,1,1,1,1,1,1,0,'Onboarded','2020-12-07 19:42:01','0000-00-00 00:00:00'),(6,6,'Bajaj Finance Limited','bajaj.finance.limited@skfin.in','9999999995','$2y$10$p21Y4gNJb3aQm3khFBEwTOvV50A1cnX6HJeS47qJXncmgM/duk1fu',1,1,1,1,1,1,1,1,0,'Onboarded','2020-12-07 19:42:01','0000-00-00 00:00:00'),(7,7,'Bank of Baroda','bank.of.baroda@skfin.in','9999999994','$2y$10$p21Y4gNJb3aQm3khFBEwTOvV50A1cnX6HJeS47qJXncmgM/duk1fu',1,1,1,1,1,1,1,1,0,'Onboarded','2020-12-07 19:42:01','0000-00-00 00:00:00'),(8,8,'Bank of India','bank.of.india@skfin.in','9999999993','$2y$10$p21Y4gNJb3aQm3khFBEwTOvV50A1cnX6HJeS47qJXncmgM/duk1fu',1,1,1,1,1,1,1,1,0,'Onboarded','2020-12-07 19:42:01','0000-00-00 00:00:00'),(9,9,'Bank of Maharashtra','bank.of.maharashtra@skfin.in','9999999992','$2y$10$p21Y4gNJb3aQm3khFBEwTOvV50A1cnX6HJeS47qJXncmgM/duk1fu',1,1,1,1,1,1,1,1,0,'Onboarded','2020-12-07 19:42:01','0000-00-00 00:00:00'),(10,10,'Capital Small Finance Bank Ltd','capital.small.finance.bank.ltd@skfin.in','9999999991','$2y$10$p21Y4gNJb3aQm3khFBEwTOvV50A1cnX6HJeS47qJXncmgM/duk1fu',1,1,1,1,1,1,1,1,0,'Onboarded','2020-12-07 19:42:01','0000-00-00 00:00:00'),(11,11,'CSB Bank','csb.bank@skfin.in','9999999990','$2y$10$p21Y4gNJb3aQm3khFBEwTOvV50A1cnX6HJeS47qJXncmgM/duk1fu',1,1,1,1,1,1,1,1,0,'Onboarded','2020-11-30 19:42:01','0000-00-00 00:00:00'),(12,12,'Dcb Bank Limited','dcb.bank.limited@skfin.in','9999999989','$2y$10$p21Y4gNJb3aQm3khFBEwTOvV50A1cnX6HJeS47qJXncmgM/duk1fu',1,1,1,1,1,1,1,1,0,'Onboarded','2020-11-30 19:42:01','0000-00-00 00:00:00'),(13,13,'Fedbank Financial Service Limited','fedbank.financial.service.limited@skfin.in','9999999988','$2y$10$p21Y4gNJb3aQm3khFBEwTOvV50A1cnX6HJeS47qJXncmgM/duk1fu',1,1,1,1,1,1,1,1,0,'Onboarded','2020-11-30 19:42:01','0000-00-00 00:00:00'),(14,14,'Federal Bank Limited','federal.bank.limited@skfin.in','9999999987','$2y$10$p21Y4gNJb3aQm3khFBEwTOvV50A1cnX6HJeS47qJXncmgM/duk1fu',1,1,1,1,1,1,1,1,0,'Onboarded','2020-11-30 19:42:01','0000-00-00 00:00:00'),(15,15,'FMO: Entrepreneurial Development Bank','fmo:.entrepreneurial.development.bank@skfin.in','9999999986','$2y$10$p21Y4gNJb3aQm3khFBEwTOvV50A1cnX6HJeS47qJXncmgM/duk1fu',1,1,1,1,1,1,1,1,0,'Onboarded','2020-11-30 19:42:01','0000-00-00 00:00:00'),(16,16,'Franklin Templeton','franklin.templeton@skfin.in','9999999985','$2y$10$p21Y4gNJb3aQm3khFBEwTOvV50A1cnX6HJeS47qJXncmgM/duk1fu',1,1,1,1,1,1,1,1,0,'Onboarded','2020-11-30 19:42:01','0000-00-00 00:00:00'),(17,17,'HDFC Bank Limited','hdfc.bank.limited@skfin.in','9999999984','$2y$10$p21Y4gNJb3aQm3khFBEwTOvV50A1cnX6HJeS47qJXncmgM/duk1fu',1,1,1,1,1,1,1,1,0,'Onboarded','2020-11-30 19:42:01','0000-00-00 00:00:00'),(18,18,'Hinduja Leyland Finance Limited','hinduja.leyland.finance.limited@skfin.in','9999999983','$2y$10$p21Y4gNJb3aQm3khFBEwTOvV50A1cnX6HJeS47qJXncmgM/duk1fu',1,1,1,1,1,1,1,1,0,'Onboarded','2020-11-30 19:42:01','0000-00-00 00:00:00'),(19,19,'ICICI Bank','icici.bank@skfin.in','9999999982','$2y$10$p21Y4gNJb3aQm3khFBEwTOvV50A1cnX6HJeS47qJXncmgM/duk1fu',1,1,1,1,1,1,1,1,0,'Onboarded','2020-11-30 19:42:01','0000-00-00 00:00:00'),(20,20,'IDFC First Bank Limited','idfc.first.bank.limited@skfin.in','9999999981','$2y$10$p21Y4gNJb3aQm3khFBEwTOvV50A1cnX6HJeS47qJXncmgM/duk1fu',1,1,1,1,1,1,1,1,0,'Onboarded','2020-11-30 19:42:01','0000-00-00 00:00:00'),(21,21,'IFMR Capital Finance Private Limited- NCD','ifmr.capital.finance.private.limited-.ncd@skfin.in','9999999980','$2y$10$p21Y4gNJb3aQm3khFBEwTOvV50A1cnX6HJeS47qJXncmgM/duk1fu',1,1,1,1,1,1,1,1,0,'Onboarded','2020-11-30 19:42:01','0000-00-00 00:00:00'),(22,22,'IFMR FIMPACT Long Term Multi Asset Class Fund','ifmr.fimpact.long.term.multi.asset.class.fund@skfin.in','9999999979','$2y$10$p21Y4gNJb3aQm3khFBEwTOvV50A1cnX6HJeS47qJXncmgM/duk1fu',1,1,1,1,1,1,1,1,0,'Onboarded','2020-11-30 19:42:01','0000-00-00 00:00:00'),(23,23,'Indian Bank','indian.bank@skfin.in','9999999978','$2y$10$p21Y4gNJb3aQm3khFBEwTOvV50A1cnX6HJeS47qJXncmgM/duk1fu',1,1,1,1,1,1,1,1,0,'Onboarded','2020-11-30 19:42:01','0000-00-00 00:00:00'),(24,24,'Indusind Bank Limited','indusind.bank.limited@skfin.in','9999999977','$2y$10$p21Y4gNJb3aQm3khFBEwTOvV50A1cnX6HJeS47qJXncmgM/duk1fu',1,1,1,1,1,1,1,1,0,'Onboarded','2020-11-30 19:42:01','0000-00-00 00:00:00'),(25,25,'Indian Overseas Bank','indian.overseas.bank@skfin.in','9999999976','$2y$10$p21Y4gNJb3aQm3khFBEwTOvV50A1cnX6HJeS47qJXncmgM/duk1fu',1,1,1,1,1,1,1,1,0,'Onboarded','2020-11-30 19:42:01','0000-00-00 00:00:00'),(26,26,'Karvy Capital','karvy.capital@skfin.in','9999999975','$2y$10$p21Y4gNJb3aQm3khFBEwTOvV50A1cnX6HJeS47qJXncmgM/duk1fu',1,1,1,1,1,1,1,1,0,'Onboarded','2020-10-15 19:42:01','0000-00-00 00:00:00'),(27,27,'KMPL','kmpl@skfin.in','9999999974','$2y$10$p21Y4gNJb3aQm3khFBEwTOvV50A1cnX6HJeS47qJXncmgM/duk1fu',1,1,1,1,1,1,1,1,0,'Onboarded','2020-10-15 19:42:01','0000-00-00 00:00:00'),(28,28,'Kotak Mahindra Bank Limited','kotak.mahindra.bank.limited@skfin.in','9999999973',NULL,1,1,1,1,1,1,1,1,0,'Onboarded','2020-10-15 19:42:01','2021-01-16 17:16:40'),(29,29,'Lakshmi Vilas Bank','lakshmi.vilas.bank@skfin.in','9999999972','$2y$10$p21Y4gNJb3aQm3khFBEwTOvV50A1cnX6HJeS47qJXncmgM/duk1fu',1,1,1,1,1,1,1,1,0,'Onboarded','2020-10-15 19:42:01','0000-00-00 00:00:00'),(30,30,'Magma Fincorp Limited','magma.fincorp.limited@skfin.in','9999999971','$2y$10$p21Y4gNJb3aQm3khFBEwTOvV50A1cnX6HJeS47qJXncmgM/duk1fu',1,1,1,1,1,1,1,1,0,'Onboarded','2020-10-15 19:42:01','0000-00-00 00:00:00'),(31,31,'Mahindra & Mahindra','mahindra..mahindra@skfin.in','9999999970','$2y$10$p21Y4gNJb3aQm3khFBEwTOvV50A1cnX6HJeS47qJXncmgM/duk1fu',1,1,1,1,1,1,1,1,0,'Onboarded','2020-10-15 19:42:01','0000-00-00 00:00:00'),(32,32,'Manappuram Finance Limited','manappuram.finance.limited@skfin.in','9999999969','$2y$10$p21Y4gNJb3aQm3khFBEwTOvV50A1cnX6HJeS47qJXncmgM/duk1fu',1,1,1,1,1,1,1,1,0,'Onboarded','2020-10-15 19:42:01','0000-00-00 00:00:00'),(33,33,'Mudra','mudra@skfin.in','9999999968','$2y$10$p21Y4gNJb3aQm3khFBEwTOvV50A1cnX6HJeS47qJXncmgM/duk1fu',1,1,1,1,1,1,1,1,0,'Onboarded','2020-10-15 19:42:01','0000-00-00 00:00:00'),(34,34,'Nabkisan Finance Limited','nabkisan.finance.limited@skfin.in','9999999967','$2y$10$p21Y4gNJb3aQm3khFBEwTOvV50A1cnX6HJeS47qJXncmgM/duk1fu',1,1,1,1,1,1,1,1,0,'Onboarded','2020-10-15 19:42:01','0000-00-00 00:00:00'),(35,35,'Nabsamruddhi Finance Limited','nabsamruddhi.finance.limited@skfin.in','9999999966','$2y$10$p21Y4gNJb3aQm3khFBEwTOvV50A1cnX6HJeS47qJXncmgM/duk1fu',1,1,1,1,1,1,1,1,0,'Onboarded','2020-10-15 19:42:01','0000-00-00 00:00:00'),(36,36,'Northern Arc Capital (Ifmr Fimpact Income Bu)','northern.arc.capital.ifmr.fimpact.income.bu@skfin.in','9999999965','$2y$10$p21Y4gNJb3aQm3khFBEwTOvV50A1cnX6HJeS47qJXncmgM/duk1fu',1,1,1,1,1,1,1,1,0,'Onboarded','2020-10-15 19:42:01','0000-00-00 00:00:00'),(37,37,'Poonawala Finance Private Limited','poonawala.finance.private.limited@skfin.in','9999999964','$2y$10$p21Y4gNJb3aQm3khFBEwTOvV50A1cnX6HJeS47qJXncmgM/duk1fu',1,1,1,1,1,1,1,1,0,'Onboarded','2020-10-15 19:42:01','0000-00-00 00:00:00'),(38,38,'Punjab & Sind Bank','punjab..sind.bank@skfin.in','9999999963','$2y$10$p21Y4gNJb3aQm3khFBEwTOvV50A1cnX6HJeS47qJXncmgM/duk1fu',1,1,1,1,1,1,1,1,0,'Onboarded','2020-10-15 19:42:01','0000-00-00 00:00:00'),(39,39,'Punjab National Bank','punjab.national.bank@skfin.in','9999999962','$2y$10$p21Y4gNJb3aQm3khFBEwTOvV50A1cnX6HJeS47qJXncmgM/duk1fu',1,1,1,1,1,1,1,1,0,'Onboarded','2020-10-15 19:42:01','0000-00-00 00:00:00'),(40,40,'RBL Bank Limited','rbl.bank.limited@skfin.in','9999999961','$2y$10$p21Y4gNJb3aQm3khFBEwTOvV50A1cnX6HJeS47qJXncmgM/duk1fu',1,1,1,1,1,1,1,1,0,'Onboarded','2020-10-15 19:42:01','0000-00-00 00:00:00'),(41,41,'Reliance Mutual Fund','reliance.mutual.fund@skfin.in','9999999960','$2y$10$p21Y4gNJb3aQm3khFBEwTOvV50A1cnX6HJeS47qJXncmgM/duk1fu',1,1,1,1,1,1,1,1,0,'Onboarded','2020-10-15 19:42:01','0000-00-00 00:00:00'),(42,42,'ResponsAbility','responsability@skfin.in','9999999959','$2y$10$p21Y4gNJb3aQm3khFBEwTOvV50A1cnX6HJeS47qJXncmgM/duk1fu',1,1,1,1,1,1,1,1,0,'Onboarded','2020-10-15 19:42:01','0000-00-00 00:00:00'),(43,43,'Small Industries Development Bank of India','small.industries.development.bank.of.india@skfin.in','9999999958','$2y$10$p21Y4gNJb3aQm3khFBEwTOvV50A1cnX6HJeS47qJXncmgM/duk1fu',1,1,1,1,1,1,1,1,0,'Onboarded','2020-10-15 19:42:01','0000-00-00 00:00:00'),(44,44,'State Bank of India','state.bank.of.india@skfin.in','9999999957','$2y$10$p21Y4gNJb3aQm3khFBEwTOvV50A1cnX6HJeS47qJXncmgM/duk1fu',1,1,1,1,1,1,1,1,0,'Onboarded','2020-10-15 19:42:01','0000-00-00 00:00:00'),(45,45,'State Bank of Mauritius','state.bank.of.mauritius@skfin.in','9999999956','$2y$10$p21Y4gNJb3aQm3khFBEwTOvV50A1cnX6HJeS47qJXncmgM/duk1fu',1,1,1,1,1,1,1,1,0,'Onboarded','2020-10-15 19:42:01','0000-00-00 00:00:00'),(46,46,'Tata Capital Finance Service Limited','tata.capital.finance.service.limited@skfin.in','9999999955','$2y$10$p21Y4gNJb3aQm3khFBEwTOvV50A1cnX6HJeS47qJXncmgM/duk1fu',1,1,1,1,1,1,1,1,0,'Onboarded','2020-09-30 19:42:01','0000-00-00 00:00:00'),(47,47,'The South Indian Bank Limited','the.south.indian.bank.limited@skfin.in','9999999954','$2y$10$p21Y4gNJb3aQm3khFBEwTOvV50A1cnX6HJeS47qJXncmgM/duk1fu',1,1,1,1,1,1,1,1,0,'Onboarded','2020-09-30 19:42:01','0000-00-00 00:00:00'),(48,48,'Ujjivan Small Finance Bank Ltd','ujjivan.small.finance.bank.ltd@skfin.in','9999999953','$2y$10$p21Y4gNJb3aQm3khFBEwTOvV50A1cnX6HJeS47qJXncmgM/duk1fu',1,1,1,1,1,1,1,1,0,'Onboarded','2020-09-30 19:42:01','0000-00-00 00:00:00'),(49,49,'Union Bank of India','union.bank.of.india@skfin.in','9999999952','$2y$10$p21Y4gNJb3aQm3khFBEwTOvV50A1cnX6HJeS47qJXncmgM/duk1fu',1,1,1,1,1,1,1,1,0,'Onboarded','2020-09-30 19:42:01','0000-00-00 00:00:00'),(50,50,'Utkarsh Small Finance Bank','utkarsh.small.finance.bank@skfin.in','9999999951','$2y$10$p21Y4gNJb3aQm3khFBEwTOvV50A1cnX6HJeS47qJXncmgM/duk1fu',1,1,1,1,1,1,1,1,0,'Onboarded','2020-09-30 19:42:01','0000-00-00 00:00:00'),(51,51,'Vivriti Capital Private Limited','vivriti.capital.private.limited@skfin.in','9999999950','$2y$10$p21Y4gNJb3aQm3khFBEwTOvV50A1cnX6HJeS47qJXncmgM/duk1fu',1,1,1,1,1,1,1,1,0,'Onboarded','2020-09-30 19:42:01','0000-00-00 00:00:00'),(52,52,'Volkswagen Finance Pvt Ltd.(T.L)','volkswagen.finance.pvt.ltd.t.l@skfin.in','9999999949',NULL,1,1,1,1,1,1,1,1,0,'Onboarded','2020-09-30 19:42:01','2020-12-14 12:51:43'),(57,74,'Demo','demo@skfin.in','9783094934',NULL,1,1,1,1,1,1,1,1,0,'Onboarded','2021-03-22 12:52:09','2021-03-22 14:18:59');
/*!40000 ALTER TABLE `lenders` ENABLE KEYS */;
UNLOCK TABLES;
DROP TABLE IF EXISTS `liquidity`;
/*!40101 SET @saved_cs_client     = @@character_set_client */;
/*!40101 SET character_set_client = utf8 */;
CREATE TABLE `liquidity` (
  `id` bigint(20) unsigned NOT NULL AUTO_INCREMENT,
  `quarter` varchar(191) COLLATE utf8mb4_unicode_ci NOT NULL,
  `amount1` decimal(8,2) DEFAULT NULL,
  `amount2` decimal(8,2) DEFAULT NULL,
  `amount3` decimal(8,2) DEFAULT NULL,
  `amount4` decimal(8,2) DEFAULT NULL,
  `amount5` decimal(8,2) DEFAULT NULL,
  `amount6` decimal(8,2) DEFAULT NULL,
  `amount7` decimal(8,2) DEFAULT NULL,
  `amount8` decimal(8,2) DEFAULT NULL,
  `amount9` decimal(8,2) DEFAULT NULL,
  `liquidity_status` tinyint(1) NOT NULL DEFAULT '0',
  `created_at` timestamp NULL DEFAULT NULL,
  `updated_at` timestamp NULL DEFAULT NULL,
  `deleted_at` timestamp NULL DEFAULT NULL,
  PRIMARY KEY (`id`)
) ENGINE=MyISAM AUTO_INCREMENT=5 DEFAULT CHARSET=utf8mb4 COLLATE=utf8mb4_unicode_ci;
/*!40101 SET character_set_client = @saved_cs_client */;

LOCK TABLES `liquidity` WRITE;
/*!40000 ALTER TABLE `liquidity` DISABLE KEYS */;
INSERT INTO `liquidity` VALUES (1,'Balance in Current account',1.99,64.46,11.18,8.58,90.42,73.72,5.97,38.95,2.76,1,'2021-03-10 04:31:53','2021-03-10 04:31:53',NULL),(2,'Unencumbered FDR',184.22,190.99,290.36,230.05,299.20,121.26,420.13,384.15,382.31,1,'2021-03-10 04:31:53','2021-03-10 04:31:53',NULL),(3,'Liquid fund',25.00,10.00,0.00,50.00,145.00,134.60,70.00,70.00,70.50,1,'2021-03-10 04:31:53','2021-03-10 04:31:53',NULL),(4,'Unutilized CC',32.13,80.09,57.28,66.17,76.93,70.50,61.61,68.85,77.82,1,'2021-03-10 04:31:53','2021-03-10 04:31:53',NULL);
/*!40000 ALTER TABLE `liquidity` ENABLE KEYS */;
UNLOCK TABLES;
DROP TABLE IF EXISTS `migrations`;
/*!40101 SET @saved_cs_client     = @@character_set_client */;
/*!40101 SET character_set_client = utf8 */;
CREATE TABLE `migrations` (
  `id` int(10) unsigned NOT NULL AUTO_INCREMENT,
  `migration` varchar(191) COLLATE utf8mb4_unicode_ci NOT NULL,
  `batch` int(11) NOT NULL,
  PRIMARY KEY (`id`)
) ENGINE=MyISAM AUTO_INCREMENT=91 DEFAULT CHARSET=utf8mb4 COLLATE=utf8mb4_unicode_ci;
/*!40101 SET character_set_client = @saved_cs_client */;

LOCK TABLES `migrations` WRITE;
/*!40000 ALTER TABLE `migrations` DISABLE KEYS */;
INSERT INTO `migrations` VALUES (1,'2014_10_12_000000_create_users_table',1),(2,'2014_10_12_100000_create_password_resets_table',1),(3,'2019_08_19_000000_create_failed_jobs_table',1),(4,'2015_08_04_131614_create_settings_table',2),(5,'2016_05_25_121918_create_pages_table',3),(6,'2017_04_10_195926_change_extras_to_longtext',3),(7,'2020_09_29_121544_create_permission_tables',4),(8,'2020_03_31_114745_remove_backpackuser_model',5),(9,'2020_09_29_125449_create_asset_classes_table',5),(10,'2020_09_29_145449_create_lenders_table',5),(11,'2020_09_29_145449_update_lenders1_table',6),(12,'2020_09_29_125449_create_document_category_table',7),(13,'2020_09_29_125449_create_document_table',8),(14,'2020_09_29_125449_create_email_sms_table',9),(15,'2020_09_29_125449_create_facility_type_table',10),(16,'2020_09_29_125449_create_instrument_type_table',10),(17,'2020_09_29_125449_create_lender_type_table',10),(18,'2020_09_29_145449_update_lenders2_table',11),(19,'2020_09_29_145449_update_lenders3_table',12),(20,'2020_09_29_145449_update_document_table',13),(21,'2020_09_29_145449_update_lender4_table',14),(22,'2013_04_09_062329_create_revisions_table',15),(23,'2015_03_07_311070_create_tracker_paths_table',16),(24,'2015_03_07_311071_create_tracker_queries_table',16),(25,'2015_03_07_311072_create_tracker_queries_arguments_table',16),(26,'2015_03_07_311073_create_tracker_routes_table',16),(27,'2015_03_07_311074_create_tracker_routes_paths_table',16),(28,'2015_03_07_311075_create_tracker_route_path_parameters_table',16),(29,'2015_03_07_311076_create_tracker_agents_table',16),(30,'2015_03_07_311077_create_tracker_cookies_table',16),(31,'2015_03_07_311078_create_tracker_devices_table',16),(32,'2015_03_07_311079_create_tracker_domains_table',16),(33,'2015_03_07_311080_create_tracker_referers_table',16),(34,'2015_03_07_311081_create_tracker_geoip_table',16),(35,'2015_03_07_311082_create_tracker_sessions_table',16),(36,'2015_03_07_311083_create_tracker_errors_table',16),(37,'2015_03_07_311084_create_tracker_system_classes_table',16),(38,'2015_03_07_311085_create_tracker_log_table',16),(39,'2015_03_07_311086_create_tracker_events_table',16),(40,'2015_03_07_311087_create_tracker_events_log_table',16),(41,'2015_03_07_311088_create_tracker_sql_queries_table',16),(42,'2015_03_07_311089_create_tracker_sql_query_bindings_table',16),(43,'2015_03_07_311090_create_tracker_sql_query_bindings_parameters_table',16),(44,'2015_03_07_311091_create_tracker_sql_queries_log_table',16),(45,'2015_03_07_311092_create_tracker_connections_table',16),(46,'2015_03_07_311093_create_tracker_tables_relations',16),(47,'2015_03_13_311094_create_tracker_referer_search_term_table',16),(48,'2015_03_13_311095_add_tracker_referer_columns',16),(49,'2015_11_23_311096_add_tracker_referer_column_to_log',16),(50,'2015_11_23_311097_create_tracker_languages_table',16),(51,'2015_11_23_311098_add_language_id_column_to_sessions',16),(52,'2015_11_23_311099_add_tracker_language_foreign_key_to_sessions',16),(53,'2015_11_23_311100_add_nullable_to_tracker_error',16),(54,'2017_01_31_311101_fix_agent_name',16),(55,'2017_06_20_311102_add_agent_name_hash',16),(56,'2017_12_13_150000_fix_query_arguments',16),(57,'2015_08_04_130507_create_article_tag_table',17),(58,'2015_08_04_130520_create_articles_table',17),(59,'2015_08_04_130551_create_categories_table',17),(60,'2015_08_04_131626_create_tags_table',17),(61,'2016_07_24_060017_add_slug_to_categories_table',17),(62,'2016_07_24_060101_add_slug_to_tags_table',17),(63,'2015_08_04_130520_create_contact_table',18),(64,'2015_08_04_130507_create_user_document_table',19),(65,'2015_08_04_130520_create_enquiry_table',20),(66,'2015_08_04_130507_create_lender_banking_table',21),(67,'2014_02_01_311070_create_firewall_table',22),(68,'2021_03_04_120154_create_insight_categories_table',23),(69,'2021_03_04_120305_create_insights_table',23),(70,'2021_03_04_120154_update_insight_table',24),(71,'2021_03_04_120305_create_operational_highlight_table',25),(72,'2021_03_04_120305_create_asset_quality_table',26),(73,'2021_03_04_120305_create_collection_efficiency_table',26),(74,'2021_03_04_120305_create_geographical_concentration_table',26),(75,'2021_03_04_120305_create_liquidity_table',26),(76,'2021_03_04_120305_create_net_worth_table',26),(77,'2021_03_04_120305_create_product_concentration_table',26),(78,'2021_03_04_120305_create_net_worth_infusion_table',27),(79,'2021_03_04_120154_create_current_deal_categories_table',28),(80,'2021_03_04_120305_create_current_deal_table',28),(81,'2021_03_04_120305_create_sanction_letter_table',29),(82,'2021_03_04_120305_create_covid_relief_borrower_table',30),(83,'2021_03_04_120305_create_covid_relief_lender_table',30),(84,'2021_03_12_134844_create_transaction_category_table',31),(85,'2021_03_12_135037_create_transactions_table',31),(86,'2021_03_12_135037_create_transactions_document_table',32),(87,'2021_03_12_135037_update_transactions_document_table',33),(88,'2021_03_12_135037_update_transactions_table',34),(89,'2021_03_12_135037_update_transaction_documents_table',35),(90,'2021_03_12_135037_update_sanction_letter_table',36);
/*!40000 ALTER TABLE `migrations` ENABLE KEYS */;
UNLOCK TABLES;
DROP TABLE IF EXISTS `model_has_permissions`;
/*!40101 SET @saved_cs_client     = @@character_set_client */;
/*!40101 SET character_set_client = utf8 */;
CREATE TABLE `model_has_permissions` (
  `permission_id` bigint(20) unsigned NOT NULL,
  `model_type` varchar(191) COLLATE utf8mb4_unicode_ci NOT NULL,
  `model_id` bigint(20) unsigned NOT NULL,
  PRIMARY KEY (`permission_id`,`model_id`,`model_type`),
  KEY `model_has_permissions_model_id_model_type_index` (`model_id`,`model_type`)
) ENGINE=MyISAM DEFAULT CHARSET=utf8mb4 COLLATE=utf8mb4_unicode_ci;
/*!40101 SET character_set_client = @saved_cs_client */;

LOCK TABLES `model_has_permissions` WRITE;
/*!40000 ALTER TABLE `model_has_permissions` DISABLE KEYS */;
INSERT INTO `model_has_permissions` VALUES (28,'App\\User',70),(30,'App\\User',70);
/*!40000 ALTER TABLE `model_has_permissions` ENABLE KEYS */;
UNLOCK TABLES;
DROP TABLE IF EXISTS `model_has_roles`;
/*!40101 SET @saved_cs_client     = @@character_set_client */;
/*!40101 SET character_set_client = utf8 */;
CREATE TABLE `model_has_roles` (
  `role_id` bigint(20) unsigned NOT NULL,
  `model_type` varchar(191) COLLATE utf8mb4_unicode_ci NOT NULL,
  `model_id` bigint(20) unsigned NOT NULL,
  PRIMARY KEY (`role_id`,`model_id`,`model_type`),
  KEY `model_has_roles_model_id_model_type_index` (`model_id`,`model_type`)
) ENGINE=MyISAM DEFAULT CHARSET=utf8mb4 COLLATE=utf8mb4_unicode_ci;
/*!40101 SET character_set_client = @saved_cs_client */;

LOCK TABLES `model_has_roles` WRITE;
/*!40000 ALTER TABLE `model_has_roles` DISABLE KEYS */;
INSERT INTO `model_has_roles` VALUES (1,'App\\User',1),(1,'App\\User',75),(4,'App\\User',2),(4,'App\\User',3),(4,'App\\User',4),(4,'App\\User',5),(4,'App\\User',6),(4,'App\\User',7),(4,'App\\User',8),(4,'App\\User',9),(4,'App\\User',10),(4,'App\\User',11),(4,'App\\User',12),(4,'App\\User',13),(4,'App\\User',14),(4,'App\\User',15),(4,'App\\User',16),(4,'App\\User',17),(4,'App\\User',18),(4,'App\\User',19),(4,'App\\User',20),(4,'App\\User',21),(4,'App\\User',22),(4,'App\\User',23),(4,'App\\User',24),(4,'App\\User',25),(4,'App\\User',26),(4,'App\\User',27),(4,'App\\User',28),(4,'App\\User',29),(4,'App\\User',30),(4,'App\\User',31),(4,'App\\User',32),(4,'App\\User',33),(4,'App\\User',34),(4,'App\\User',35),(4,'App\\User',36),(4,'App\\User',37),(4,'App\\User',38),(4,'App\\User',39),(4,'App\\User',40),(4,'App\\User',41),(4,'App\\User',42),(4,'App\\User',43),(4,'App\\User',44),(4,'App\\User',45),(4,'App\\User',46),(4,'App\\User',47),(4,'App\\User',48),(4,'App\\User',49),(4,'App\\User',50),(4,'App\\User',51),(4,'App\\User',57),(4,'App\\User',59),(4,'App\\User',60),(4,'App\\User',62),(4,'App\\User',74),(6,'App\\User',53),(7,'App\\User',54),(7,'App\\User',70),(8,'App\\User',55),(9,'App\\User',54),(9,'App\\User',70),(10,'App\\User',55),(11,'App\\User',61),(11,'App\\User',63),(11,'App\\User',64),(11,'App\\User',65),(11,'App\\User',66),(11,'App\\User',67),(12,'App\\User',68),(13,'App\\User',69),(14,'App\\User',70),(15,'App\\User',71),(16,'App\\User',73),(17,'App\\User',55),(18,'App\\User',70),(19,'App\\User',55),(20,'App\\User',70),(21,'App\\User',55);
/*!40000 ALTER TABLE `model_has_roles` ENABLE KEYS */;
UNLOCK TABLES;
DROP TABLE IF EXISTS `net_worth`;
/*!40101 SET @saved_cs_client     = @@character_set_client */;
/*!40101 SET character_set_client = utf8 */;
CREATE TABLE `net_worth` (
  `id` bigint(20) unsigned NOT NULL AUTO_INCREMENT,
  `particulars` varchar(191) COLLATE utf8mb4_unicode_ci NOT NULL,
  `amount1` decimal(8,2) DEFAULT NULL,
  `amount2` decimal(8,2) DEFAULT NULL,
  `amount3` decimal(8,2) DEFAULT NULL,
  `amount4` decimal(8,2) DEFAULT NULL,
  `amount5` decimal(8,2) DEFAULT NULL,
  `amount6` decimal(8,2) DEFAULT NULL,
  `amount7` decimal(8,2) DEFAULT NULL,
  `amount8` decimal(8,2) DEFAULT NULL,
  `amount9` decimal(8,2) DEFAULT NULL,
  `amount10` decimal(8,2) DEFAULT NULL,
  `amount11` decimal(8,2) DEFAULT NULL,
  `amount12` decimal(8,2) DEFAULT NULL,
  `net_worth_status` tinyint(1) NOT NULL DEFAULT '0',
  `created_at` timestamp NULL DEFAULT NULL,
  `updated_at` timestamp NULL DEFAULT NULL,
  `deleted_at` timestamp NULL DEFAULT NULL,
  PRIMARY KEY (`id`)
) ENGINE=MyISAM AUTO_INCREMENT=7 DEFAULT CHARSET=utf8mb4 COLLATE=utf8mb4_unicode_ci;
/*!40101 SET character_set_client = @saved_cs_client */;

LOCK TABLES `net_worth` WRITE;
/*!40000 ALTER TABLE `net_worth` DISABLE KEYS */;
INSERT INTO `net_worth` VALUES (1,'Opening Net worth',61.96,73.97,86.27,206.30,555.18,878.73,5.70,7.12,4.35,2.34,2.92,2.58,1,'2021-03-09 06:58:24','2021-03-09 06:58:24',NULL),(2,'Add: Capital Infusion',0.00,0.00,100.00,300.00,235.00,0.00,0.00,0.00,0.00,0.00,0.00,0.00,1,'2021-03-09 06:58:24','2021-03-09 06:58:24',NULL),(3,'Add: Profit for the year',12.01,12.30,21.95,52.23,78.54,47.78,0.00,0.00,0.00,0.00,0.00,0.00,1,'2021-03-09 06:58:24','2021-03-09 06:58:24',NULL),(4,'Add: IND AS adjustment/Others',0.00,0.00,0.00,0.00,10.01,0.20,0.00,0.00,0.00,0.00,0.00,0.00,1,'2021-03-09 06:58:24','2021-03-09 06:58:24',NULL),(5,'Less: Expenses related to capital infusion',0.00,0.00,1.92,3.34,0.00,0.00,0.00,0.00,0.00,0.00,0.00,0.00,1,'2021-03-09 06:58:24','2021-03-09 06:58:24',NULL),(6,'Closing Net worth ',73.97,86.27,206.30,555.18,878.73,926.71,5.70,7.12,4.35,2.34,2.92,2.58,1,'2021-03-09 06:58:24','2021-03-09 06:58:24',NULL);
/*!40000 ALTER TABLE `net_worth` ENABLE KEYS */;
UNLOCK TABLES;
DROP TABLE IF EXISTS `net_worth_infusions`;
/*!40101 SET @saved_cs_client     = @@character_set_client */;
/*!40101 SET character_set_client = utf8 */;
CREATE TABLE `net_worth_infusions` (
  `id` bigint(20) unsigned NOT NULL AUTO_INCREMENT,
  `month` varchar(191) COLLATE utf8mb4_unicode_ci NOT NULL,
  `capital_infusion` decimal(8,2) DEFAULT NULL,
  `investors` text COLLATE utf8mb4_unicode_ci,
  `net_worth_infusion_status` tinyint(1) NOT NULL DEFAULT '0',
  `created_at` timestamp NULL DEFAULT NULL,
  `updated_at` timestamp NULL DEFAULT NULL,
  `deleted_at` timestamp NULL DEFAULT NULL,
  PRIMARY KEY (`id`)
) ENGINE=MyISAM AUTO_INCREMENT=5 DEFAULT CHARSET=utf8mb4 COLLATE=utf8mb4_unicode_ci;
/*!40101 SET character_set_client = @saved_cs_client */;

LOCK TABLES `net_worth_infusions` WRITE;
/*!40000 ALTER TABLE `net_worth_infusions` DISABLE KEYS */;
INSERT INTO `net_worth_infusions` VALUES (1,'Dec 2017',100.00,'<ul class=\"list-unstyled pull-left text-left\">\r\n	<li style=\"\">Norwest Venture Partners</li>\r\n	<li style=\"\">Karma Holdings</li>\r\n	<li style=\"\">Barings</li>\r\n	<li style=\"\">Evolvence India&nbsp;</li>\r\n</ul>',1,'2021-03-09 07:54:38','2021-04-01 16:50:05',NULL),(2,'Aug 2018',18.82,'<ul class=\"list-unstyled pull-left text-left\">\r\n	<li style=\"\">Promoter</li>\r\n</ul>',1,'2021-03-09 07:54:38','2021-04-01 16:49:59',NULL),(3,'Oct 2018',281.18,'<ul class=\"list-unstyled pull-left text-left\">\r\n	<li style=\"\">TPG</li>\r\n	<li style=\"\">Norwest Venture Partners</li>\r\n	<li style=\"\">Evolvence India</li>\r\n</ul>',1,'2021-03-09 07:54:38','2021-04-01 16:49:54',NULL),(4,'Nov 2019',235.00,'<ul class=\"list-unstyled pull-left text-left\">\r\n	<li style=\"\">TPG</li>\r\n	<li style=\"\">Norwest Venture Partners</li>\r\n	<li style=\"\">Evolvence India</li>\r\n</ul>',1,'2021-03-09 07:54:38','2021-04-01 16:49:50',NULL);
/*!40000 ALTER TABLE `net_worth_infusions` ENABLE KEYS */;
UNLOCK TABLES;
DROP TABLE IF EXISTS `operational_highlights`;
/*!40101 SET @saved_cs_client     = @@character_set_client */;
/*!40101 SET character_set_client = utf8 */;
CREATE TABLE `operational_highlights` (
  `id` bigint(20) unsigned NOT NULL AUTO_INCREMENT,
  `operation_row1_value` varchar(191) COLLATE utf8mb4_unicode_ci DEFAULT NULL,
  `operation_row1_income` varchar(191) COLLATE utf8mb4_unicode_ci DEFAULT NULL,
  `operation_row1_income_percentage` varchar(50) COLLATE utf8mb4_unicode_ci DEFAULT NULL,
  `operation_row1_year` varchar(4) COLLATE utf8mb4_unicode_ci DEFAULT NULL,
  `operation_row2_value` varchar(191) COLLATE utf8mb4_unicode_ci DEFAULT NULL,
  `operation_row2_income` varchar(191) COLLATE utf8mb4_unicode_ci DEFAULT NULL,
  `operation_row2_income_percentage` varchar(50) COLLATE utf8mb4_unicode_ci DEFAULT NULL,
  `operation_row2_year` varchar(4) COLLATE utf8mb4_unicode_ci DEFAULT NULL,
  `operation_row3_value` varchar(191) COLLATE utf8mb4_unicode_ci DEFAULT NULL,
  `operational_highlight_status` tinyint(1) NOT NULL DEFAULT '0',
  `operation_row3_year` varchar(4) COLLATE utf8mb4_unicode_ci DEFAULT NULL,
  `created_at` timestamp NULL DEFAULT NULL,
  `updated_at` timestamp NULL DEFAULT NULL,
  `deleted_at` timestamp NULL DEFAULT NULL,
  PRIMARY KEY (`id`)
) ENGINE=MyISAM AUTO_INCREMENT=6 DEFAULT CHARSET=utf8mb4 COLLATE=utf8mb4_unicode_ci;
/*!40101 SET character_set_client = @saved_cs_client */;

LOCK TABLES `operational_highlights` WRITE;
/*!40000 ALTER TABLE `operational_highlights` DISABLE KEYS */;
INSERT INTO `operational_highlights` VALUES (1,'365 Cr.','Total Income','52.75','2019','582','Total Income','52.75','2020','582',1,'2021','2021-04-14 13:33:24','2021-04-15 12:51:27',NULL),(2,'262','Branches','52.75','2019','325','Branches','52.75','2020','325',1,'2021','2021-04-14 13:33:24','2021-04-14 13:33:24',NULL),(3,'63','Profit After tax','52.75','2019','179','Profit After tax','52.75','2020','179',1,'2021','2021-04-14 13:33:24','2021-04-14 13:33:24',NULL),(4,'1551','Annual Disbursement','52.75','2019','2194','Annual Disbursement','52.75','2020','2194',1,'2021','2021-04-14 13:33:24','2021-04-14 13:33:24',NULL),(5,'2002','AUM','52.75','2019','2986','AUM','52.75','2020','2986',1,'2021','2021-04-14 13:33:24','2021-04-14 13:33:24',NULL);
/*!40000 ALTER TABLE `operational_highlights` ENABLE KEYS */;
UNLOCK TABLES;
DROP TABLE IF EXISTS `pages`;
/*!40101 SET @saved_cs_client     = @@character_set_client */;
/*!40101 SET character_set_client = utf8 */;
CREATE TABLE `pages` (
  `id` int(10) unsigned NOT NULL AUTO_INCREMENT,
  `template` varchar(191) COLLATE utf8mb4_unicode_ci NOT NULL,
  `name` varchar(191) COLLATE utf8mb4_unicode_ci NOT NULL,
  `title` varchar(191) COLLATE utf8mb4_unicode_ci NOT NULL,
  `slug` varchar(191) COLLATE utf8mb4_unicode_ci NOT NULL,
  `content` text COLLATE utf8mb4_unicode_ci,
  `extras` longtext COLLATE utf8mb4_unicode_ci,
  `created_at` timestamp NULL DEFAULT NULL,
  `updated_at` timestamp NULL DEFAULT NULL,
  `deleted_at` timestamp NULL DEFAULT NULL,
  PRIMARY KEY (`id`)
) ENGINE=MyISAM AUTO_INCREMENT=13 DEFAULT CHARSET=utf8mb4 COLLATE=utf8mb4_unicode_ci;
/*!40101 SET character_set_client = @saved_cs_client */;

LOCK TABLES `pages` WRITE;
/*!40000 ALTER TABLE `pages` DISABLE KEYS */;
INSERT INTO `pages` VALUES (1,'services','Message From MD / CXOs','Message From MD / CXOs','home-mds','<div class=\"row\">\r\n<div class=\"col-sm-12\">\r\n<div class=\"center-content\">\r\n<div class=\"card-body\">\r\n<h1>Message From MD / CXOs</h1>\r\n\r\n<p>INVERTEDLEFT There are many variations of passages of Lorem Ipsum available, but the majority have suffered alteration in some form, by injected humour, or randomised words which don&#39;t look even slightly believable. If you are going to use a passage of Lorem Ipsum, you need to be sure there isn&#39;t anything embarrassing hidden in the middle of text. INVERTEDRIGHT</p>\r\n\r\n<h5 class=\"name\">- Rajendra K Setia</h5>\r\n\r\n<p class=\"designation\">CEO &amp; Managing Director</p>\r\n</div>\r\n\r\n<div class=\"msg-img\"><img alt=\"There are many variations of passages of lorem ipsum available\" class=\"img-fluid\" src=\"uploads/page/rks-md.png\" /></div>\r\n</div>\r\n</div>\r\n</div>','{\"meta_title\":\"EssKay Fincorp Limited | Home Page\",\"meta_description\":\"Home Page\",\"meta_keywords\":\"home, esskay. esskeyfincorp, ess kay, esskay fincorp\"}',NULL,'2021-03-20 17:27:20',NULL),(3,'services','Login Page','Login Page','login','<p>Login Page Content</p>','{\"meta_title\":\"EssKay Fincorp Limited | Login\",\"meta_description\":\"Login Page\",\"meta_keywords\":\"login, esskay login, esskeyfincorp, ess kay, esskay fincorp login\"}','2020-10-14 18:25:10','2020-10-14 18:25:43',NULL),(2,'about_us','Contact Us','Contact Us','Please feel free to connect with us , we will be happy to assist you.','<p>Contact page content</p>','',NULL,'2020-10-15 12:00:26',NULL),(4,'services','Register Page','Register Page','register','<p>Register Page Content</p>','{\"meta_title\":\"Register Page\",\"meta_description\":\"Register Page\",\"meta_keywords\":\"Register Page\"}','2020-10-14 23:55:10','2020-10-14 23:55:43',NULL),(5,'services','Enquiry Page','Enquiry Page','enquiry','<p>Enquiry Page Content</p>','{\"meta_title\":\"EssKay Fincorp Limited | Enquiry\",\"meta_description\":\"Enquiry Page\",\"meta_keywords\":\"Enquiry Page\"}','2020-10-15 05:25:10','2020-10-26 18:05:58',NULL),(6,'services','Forgot Password Page','Forgot Password Page','forgot','<p>Forgot Password Page</p>','{\"meta_title\":\"EssKay Fincorp Limited | Forgot Password\",\"meta_description\":\"Forgto Password Page\",\"meta_keywords\":\"Forgot Password Page\"}','2020-10-15 05:25:10','2020-10-26 18:08:39',NULL),(7,'services','Graph Section','Key Highlights and Trends','graph-section',NULL,'{\"meta_title\":\"EssKay Fincorp Limited | Graph\",\"meta_description\":\"Graph\",\"meta_keywords\":\"Graph\"}','2020-11-10 18:03:38','2020-12-04 18:16:46',NULL),(8,'about_us','Terms & Conditions','Terms & Conditions','terms','<p>About Ess Kay Fincorp Limited Ess Kay Fincorp Limited, a non-banking financial company, duly incorporated and registered under the provisions of Companies Act, 2013 having its registered office at &lsquo;G1-2&rsquo; New Market, Khasa Kothi, Jaipur-302001, Rajasthan, holding Corporate Identity Number [CIN] [U65923RJ1994PLC009051], (herein after referred to as &ldquo;Ess Kay&rdquo;, which expression shall unless repugnant to the context or meaning thereof, shall be deemed to mean and include its successor(s) and assign(s)). Ess Kay is a non-banking financial company registered with the Reserve Bank of India (&ldquo;RBI&rdquo;) and is inter alia engaged in the business of advancing vehicle/MSME finance and other financing facilities (&ldquo;Business&rdquo;). The trade logo Ess Kay and the URL https://investor.skfin.in is owned by Ess Kay (trade mark owner) and the same is used herein. https://investor.skfin.in (&ldquo;the Website&rdquo;) is maintained and run by Ess Kay. The information available on https://investor.skfin.in relates either to Ess Kay and/or its associated web pages/ sites which are linked to https://investor.skfin.in (&ldquo;hereinafter referred as the Website&rdquo;). Terms and Conditions and Acceptance Please read these Terms and Conditions (&ldquo;Terms of Use&rdquo;) carefully. Your Acceptance of the Terms of Use contained herein constitutes the Agreement for the Purpose as defined hereunder. The Acceptance of Terms of Use will be between You and Ess Kay (hereinafter referred as &ldquo;Facilities Provider&rdquo;) which is facilitating provision of the services, other than those which are otherwise specifically provided by Ess Kay on their respective web pages/sites to you. By accessing and using this Website you have confirmed that you have read, understood and bound yourself by these Terms of Use. These Terms of Use shall apply to the access and use of the Website and all associated web pages/sites which are linked with https://investor.skfin.in (&ldquo;Website&rdquo;). You will be subject to the rules, guidelines, policies, terms, and conditions applicable to any facilities that are provided by this Website and all associated web pages/ sites and they shall be deemed to be incorporated into these Terms of Use and shall be considered as part and parcel of these Terms of Use. In terms of the Information Technology Act, 2000 (as amended from time to time), this document is an electronic record. By accessing the Website and availing for facilities on the Website, the users (hereinafter referred to as &quot;you&quot;, or &quot;your&quot;) agree to be bound by these Terms of Use, the disclaimer (&lsquo;Disclaimer&rsquo;) as posted on the Website. This Agreement describes the terms governing the usage of the facilities provided to you on the Website. Clicking &ldquo;I ACCEPT&rdquo; OR &ldquo;I AGREE BUTTON&rdquo; OR SIMILAR BUTTON&quot; to &quot;Terms &amp; Conditions&quot;, shall be considered as your electronic acceptance of this Agreement under Information Technology Act 2000. Your continued usage of the facilities from time to time would also constitute acceptance of the Terms of Use including any updation or modification thereof and you would be bound by this Agreement until this Agreement is terminated as per provisions defined herein. Clicking &ldquo;I DO NOT ACCEPT OR SIMILAR BUTTON&rdquo; and consequently, you shall not be able to access the Website. Your electronic consent, accepting these Terms of Use, represents that you have the capacity to be bound by it, or if you are acting on behalf of any person, that you have the authority to bind such person. You also acknowledge and agree that, unless specifically provided otherwise, these Terms of Use only apply to this Website and facilities provided on this Website. Ess Kay may have its own individual web pages/sites which are owned by the Ess Kay and the facilities offered by the Ess Kay will be governed in accordance with the terms and conditions posted of those web pages/websites which you would be bound while availing the facilities/services of the said respective web pages/sites or otherwise in any other mode as the case may be. Changes to the Terms of Use You agree that these Terms of Use may be subject to change/modification for such reason as it may deem fit and proper, including but not limited to comply with changes in law or regulation, correct inaccuracies, omissions, errors or ambiguities, reflect changes in the process flow, scope and nature of the services, company reorganisation, market practice or customer requirements. Upon any change, the updated Terms of Use will be updated on the Website or any other means. Your continued use of the facilities on this Website constitutes acceptance of the changes and an Agreement to be bound by Terms of Use, as amended. You can review the most current version of the Terms of Use at any time, by clicking the Terms &amp; Conditions link on the Website. No fee of whatsoever nature is to be charged for the use of this Website. If you do not agree with any of these Terms of Use, you may not use this Website. Authorisation to Facilities Provider Whenever consent has been obtained/provided by you in any mode under these Terms and Conditions, for availing information/services related to Ess Kay, You agree and authorise Ess Kay to share/transfer/transmit your personal information within Ess Kay and other third parties, in so far as required for offering of facilities through this Website and for analytical / marketing purposes /report generations and/or to offer connected facilities on the Website and may also include transfer/sharing/transmitting of sensitive personal data or information only if it is deemed necessary for the performance of facilities and to provide you with various value added and ancillary facilities/services and information, to aid you in managing your money needs in the manner agreed under these Terms and Conditions and the privacy policy. You agree to receive e-mails/sms/phone calls and such other mode as permitted under law from Ess Kay or its third party service providers regarding the facilities updates, information/promotional offer and/or new product announcements and such other related information. You also agree and authorise Ess Kay/ third party service providers to contact you at the contact information provided for service related communication relating to your product or facilities offered even if your number is in National Do Not Call Registry. One ID at https://investor.skfin.in You shall be provided a unique ID on the Website for information of all financial and non-financial transactions with Ess Kay. One ID enables you to have a single login ID for viewing, downloading transaction details of all your product and service needs across Ess Kay. Once you are provided with the ONE ID, you can inspect, download and view all your financial products held with Ess Kay on single web page through verification / authentication procedure as applicable to your account/financial transactions held with Ess Kay. In case you forget the username or password, you can reset the password or login via registered phone number. Not an Investment Advisor, Planner, Broker or Tax Advisor The facilities on the Website are not intended to provide any legal, tax or financial or securities related advice. You agree and understand that the Website is not and shall never be construed as a financial planner, financial intermediary, investment advisor, broker or tax advisor. The facilities are intended only to assist you in your money transactions and decision-making and is broad and general in scope. Your personal financial situation is unique, and any information and advice obtained through the facilities may not be appropriate for your situation. Accordingly, before making any final decisions or implementing any financial strategy, you should consider obtaining additional information and advice from your advisor or other financial advisers who are fully aware of your individual circumstances. For more details, please also refer to the Disclaimers provided on the Website. Intellectual Property Rights This Website contains information, materials, including text, images, graphics, videos and sound (&ldquo;Materials&rdquo;), which is protected by copyright and/or other intellectual property rights. All copyright and other intellectual property rights in these Materials are either owned by Ess Kay or have been licensed to Ess Kay by the owner(s) of those rights so that it can use these Materials as part of this Website. Other than those Materials which belong to Third Parties, Ess Kay retains copyright on all Information, including text, graphics and sound and all trademarks displayed on this Website which are either owned by or licensed to by Ess Kay and/or used under license by Ess Kay. You shall not (a) distribute this information on any other server, or modify or re-use text or graphics on this system or another system. No reproduction of any part of the Website may be sold or distributed for commercial gain nor shall it be modified or incorporated in any other work, publication or web site, whether in hard copy or electronic format, including postings to any other web site; (b) remove any copyright, trade mark or other intellectual property notices contained in the original material from any material copied or printed off from the web site; link to this Website; without our express written consent. No Warranty Although all efforts are made to ensure that information and content provided as part of this Website is correct at the time of inclusion on the Website, however there is no guarantee to the accuracy of the Information. This Website makes no representations or warranties as to the fairness, completeness or accuracy of Information. There is no commitment to update or correct any information that appears on the Internet or on this Website. Information is supplied upon the condition that the persons receiving the same will make their own determination as to its suitability for their purposes prior to use or in connection with the making of any decision. Any use of this Website or the information is at your own risk. Neither Ess Kay, nor their directors, officers, employees or agents shall be liable for any loss, damage or expense arising out of any access to, use of, or reliance upon, this Website or the information, or any website linked to this Website. No Liability This Website is provided to you on an &quot;as is&quot; and &quot;where-is&quot; basis, without any warranty. Ess Kay, for itself and any third party providing information, Materials (defined later), facilities, or content to this Website, makes no representations or warranties, either express, implied, statutory or otherwise of merchantability, fitness for a particular purpose, or non-infringement of third party rights, with respect to the website, the information or any products or facilities to which the information refers. Ess Kay will not be liable to you or any third party for any damages of any kind, including but not limited to, direct, indirect, incidental, consequential or punitive damages, arising from or connected with the site, including but not limited to, your use of this site or your inability to use the site, even if Ess Kay has previously been advised of the possibility of such damages. Any access to information hosted on third party websites of billers/banks/merchants/Ess Kay etc. is not intended and shall not be treated as an offer to sell or the solicitation of an offer to buy any product/offering of Ess Kay or third parties. Ess Kay shall have absolutely no liability in connection with the information and Material posted on this Website including any liability for damage to your computer hardware, data, information, materials, or business resulting from the information and/or Material or the lack of information and/or Material available on the Website. In no event shall Ess Kay be liable for any for any special, incidental, consequential, exemplary or punitive damages for any loss, arising out of or in connection with (a) the use, misuse or the inability to use this Website; (b) unauthorized access to or alteration of your transmissions or data; (c) statements or conduct of any third party on the site; or (d) any other matter whatever nature relating to this Website. Further, Ess Kay cannot always foresee or anticipate technical or other difficulties. The facilities may contain errors, bugs, or other problems. These difficulties may result in loss of data, personalization settings or other facilities interruptions. The Website does not assume responsibility for the timeliness, deletion, mis-delivery, or failure to store any user data, communications, or personalization settings. Ess Kay shall not be liable, at any time, for any failure of performance, error, omission, interruption, deletion, defect, delay in operation or transmission, computer virus, communications line failure, theft or destruction or unauthorized access to, alteration of, or use of information contained at this Website. Manner of Use of Personal Information All Personal Information including Sensitive Personal Information provided/related to you, shall be stored/used/processed/transmitted expressly for the Purpose or facilities indicated thereon at the time of collection and in accordance with the Privacy Policy. Other than those otherwise indicated and agreed by You, this Website do not collect or store or share your Personal Information. Website will use Ess Kay their authorised third party vendors, agents, contractors, consultants or facilities providers (individually a &lsquo;Third Party Service Provider&rsquo; and collectively, the &ldquo;Third Party Service Providers&rdquo;) and to that extent you understand and authorise the Facilities Provider to share/transmit such information to Third Party Service Providers. Except in the manner as stated in the Privacy Policy, the Website will not disclose your Personal Information with any affiliated or unaffiliated third parties. You may receive e-mails /communications/notifications from the Third Party Services Providers regarding facilities updates, information/promotional e-mails/SMS and/or update announcements/services in such mode as permitted under law. on new product Use of Website in India This Website is controlled and operated from India and there is no representation that the Materials/information are appropriate or will be available for use in other locations. If you use this Website from outside the India, you are entirely responsible for compliance with all applicable local laws. There is no warranty or representation that a user in one region may obtain the facilities of this website in another region. Information published on the Website may contain references or cross references to products, programs and facilities offered by Ess Kay/third parties that are not announced or available in your country. Such references do not imply that it is intended to announce such products, programs or facilities in your country. You may consult your local advisors for information regarding the products, programs and services that may be available to you. In your use of the Website, you may enter into correspondence with, purchase goods and/or facilities from, or participate in promotions of advertisers or members or sponsors of the web site, including those of Ess Kay. Unless otherwise stated, any such correspondence, advertisement, purchase or promotion, including the delivery of and the payment for goods and/or facilities, and any other term, condition, warranty or representation associated with such correspondence, purchase or promotion, is solely between you and Ess Kay. You agree that Ess Kay has no liability, obligation or responsibility for any such correspondence, purchase or promotion between you and Ess Kay and/or third parties. Third party websites This Website may be linked to other websites on the World Wide Web that are not under the control of or maintained by Ess Kay. Such links do not indicate any responsibility or endorsement on our part for the external website concerned, its contents or the links displayed on it. These links are provided only as a convenience, in order to help you find relevant websites, facilities and/or products that may be of interest to you, quickly and easily. It is your responsibility to decide whether any facilities and/or products available through any of these websites are suitable for your purposes. Ess Kay is not responsible for the for any goods or facilities they supply or for the content of their websites and does not give or enter into any conditions, warranties or other terms or representations in relation to any of these or accept any liability in relation to any of these (including any liability arising out of any claim that the content of any external web site to which this web site includes a link infringes the intellectual property rights of any third party). Postings and monitoring Ess Kay does not routinely monitor your postings to the Website but reserves the right to do so if deemed necessary if it is related to the facilities offered on the web site and also to comply with law. However, in our efforts to promote good citizenship within the internet community, if Ess Kay becomes aware of inappropriate use of the Website or any of its facilities, any information, opinions, advice or offers posted by any person or entity logged in to the Website or any of its associated sites is to be construed as public conversation only, and Ess Kay shall not be liable or responsible for such public conversation. You agree that in such cases, we will respond in any way that, in our sole discretion, as deemed appropriate. You acknowledge that Ess Kay will have the right to report to law enforcement authorities any actions that may be considered illegal, as well as any information it receives of such illegal conduct. When requested, Ess Kay will co-operate fully with law enforcement agencies in any investigation of alleged illegal activity on the internet. Submissions and unauthorized use of any Materials contained on this Website may violate copyright laws, trademark laws, the laws of privacy and publicity, certain communications statutes and regulations and other applicable laws and regulations. You alone are responsible for your actions or the actions of any person using your user name and/or password. As such, you shall indemnify and hold Ess Kay and its officers, directors, employees, affiliates, agents, licensors, and business partners harmless from and against any and all loss, costs, damages, liabilities, and expenses (including attorneys&#39; fees) incurred in relation to, arising from, or for the purpose of avoiding, any claim or demand from a third party that your use of the Website or the use of the Website by any person using your user name and/or password (including without limitation your participation in the posting areas or your submissions) violates any applicable law or regulation, or the rights of any third party. We reserve the right to terminate access to this Website at any time and without notice. Further this limited license terminates automatically, without notice to you, if you breach any of these Terms of Use. Upon termination, you must immediately destroy any downloaded and printed Materials. If you come across any breaches/violation or offensive material you must report to us at jitesh.gupta@skfin.in Use of Cookies You agree and understand that the Website will automatically receive and collect certain anonymous information in standard usage logs through the Web server, including computer/computer resource-identification information obtained from &quot;cookies&quot; sent to your browser from a web server or other means as explained in the Privacy Policy. Facilities Changes and Discontinuation The Website reserves the right to discontinue or suspend, temporarily or permanently, the facilities. You agree that Ess Kay will not be liable to you in any manner whatsoever for any modification or discontinuance of the facilities. The format and content of this Website may change at any time. We may suspend the operation of this Website for support or maintenance work, in order to update the content or for any other reason. Ess Kay, and its directors, employees, associates, or other representatives shall not be liable for any damages or injury, arising out of or in connection with the use, or non-use including non- availability of the Website and also for any consequential loss or any damages caused because of non-performance of the system due to a computer virus, system failure, corruption of data, delay in operation or transmission, communication line failure, or any other reason whatsoever. The Website will not be responsible for any liability arising out of delay in providing any information on the Website. Compliance with the Law You agree that you will not: Use any robot, spider, scraper, deep link or other similar automated data gathering or extraction tools, programme, algorithm or methodology to access, acquire, copy or monitor the Website, or any portion of the Website. Use or attempt to use any engine, software, tool, agent, or other device or mechanism (including without limitation, browsers, spiders, robots, avatars or intelligent agents) to navigate or search the Website, other than the search engines generally available by third party web browsers Post or transmit any file which contains viruses, worms, Trojan horses or any other contaminating or destructive features, or that otherwise interferes with the proper working of the Website or the facilities. Attempt to decipher, decompile, disassemble, or reverse engineer any of the software, comprising or in any way making up a part of the Website or the facilities. You agree not to use the facilities for illegal purposes or for the transmission of material that is unlawful, harassing, libellous (untrue and damaging to others), invasive of another&#39;s privacy, abusive, threatening, or obscene, or that infringes the rights of others. Restrictions on Commercial Use or Resale Your right to use the facilities is personal to you; therefore, you agree not to resell or make any commercial use of the facilities. In addition, the Website welcomes your feedback as a user of the facilities. Any feedback you provide will become the confidential and proprietary information of the Website, and you agree that the Website may use in any manner and without limitation, all comments, suggestions, complaints, and other feedback you provide relating to the Website. The Website shall have a worldwide, royalty-free, non-exclusive, perpetual, and irrevocable right to use feedback for any purpose, including but not limited to incorporation of such feedback into the Website or other Website software or facilities. No Endorsements All product and facilities marks contained on or associated with the facilities that are not the Website marks are the trademarks of their respective owners. The Website would require you to respect the same. References to any such names, marks, products or facilities of third parties or hypertext links to third party sites or information does not imply the Website&rsquo;s endorsement, sponsorship or recommendation of the third party, information, product or facilities. Promotional Offers You may receive from time to time, announcement about offers with intent to promote this Website and/or facilities/products of Ess Kay (&ldquo;Promotional Offers&rdquo;). The Promotional Offer(s) would always be governed by these Terms of Use plus certain additional terms and conditions, if any prescribed. The said additional terms and conditions, if prescribed, would be specific to the corresponding Promotional Offer only and shall prevail over these Terms of Use, to the extent they may be in conflict with these Terms of Use. The Website reserves the right to withdraw, discontinue, modify, extend and suspend the Promotional Offer(s) and the terms governing it, at its sole discretion. Charges for use of Website There are no charges or fees to be paid by you for use of this Website. However, you are responsible for all telephone access fees and/or internet service fees that may be assessed by your telephone and/or internet service provider. You further agree to pay additional charges, if any levied by Third Party Service Provider(s), for the facilities provided by them through the Website (Additional Charges). No Endorsement You are advised to be cautious when browsing on the internet and to use good judgment and discretion when obtaining information or transmitting information. From this Website, users may visit or be directed to third party web sites. The Website makes no effort to review the content of these web sites, nor is the Website or its licensors responsible for the validity, legality, copyright compliance, or decency of the content contained in these sites. In addition, the Website does not endorse or control the content of any other user and is not responsible or liable for any content, even though it could be unlawful, harassing, libellous, privacy invading, abusive, threatening, harmful, vulgar, obscene or otherwise objectionable, or that it infringes or may infringe upon the intellectual property or other rights of another. You acknowledge that the Website does not pre-screen content, but that the Website will have the right (but not the obligation) in their sole discretion to refuse, edit, move or remove any content that is available via the facilities. Electronic Communications These Terms of Use and any notices or other communications regarding the Facilities may be provided to you electronically, and you agree to receive communications from the Website in electronic form. Electronic communications may be posted on the Website and/or delivered to your registered email address, mobile phones etc Ess Kay. All communications in electronic format will be considered to be in &quot;writing&quot;. Your consent to receive communications electronically is valid until you revoke your consent by notifying of your decision to do so. If you revoke your consent to receive communications electronically, Ess Kay shall have the right to terminate the facilities. Assignment You shall not assign your rights and obligations under this Agreement to any other party. The Website may assign or delegate its rights and/or obligations under this Agreement to any other party in future, directly or indirectly, or to an affiliated or group company. Legal Disclaimers The information provided on or through the Website is for general guidance and information purposes only and they do not in any manner indicate any assurance or opinion of any manner whatsoever. Any information may be prone to shortcomings, defects or inaccuracies due to technical reasons. Certain information on Website may be on the basis of our own appraisal of the applicable facts, law and regulations in force at the date hereof. The information (and opinions, if any) contained on the Website may have been obtained from public sources believed to be reliable and numerous factors may affect the information provided, which may or may not have been taken into account. The information provided may therefore vary (significantly) from information obtained from other sources or other market participants. Any reference to past performance in the information should not be taken as an indication of future performance. The information is dependent on various assumptions, individual preferences and other factors and thus, results or analyses cannot be construed to be entirely accurate and may not be suitable for all categories of users. Hence, they should not be solely relied on when making investment decisions. Your investment or financial decision shall always be at your own discretion and based on your independent research; and nothing contained on the Website or in any information would construe Ess Kay or any of its employees/authorized representative as having been in any way involved in your decision making process. Any information and commentaries provided on the Website are not meant to be an endorsement or offering of any stock or investment advice. Nothing contained herein is to be construed as a recommendation to use any product, process, equipment or formulation, in conflict with any patent, or otherwise and Ess Kays makes no representation or warranty, express or implied that, the use thereof will not infringe any patent, or otherwise. Information on this Website sourced from experts or third party service providers, which may also include reference to any Ess Kays Affiliate. However, any such information shall not be construed to represent that they belong or represent or are endorsed by the views of the Ess Kays. Any information provided or sourced from Ess Kays Affiliate belongs to them. Ess Kays is an independent entity and such information from any Ess Kays Affiliate are not in any manner intended or to be construed as being endorsed by Ess Kays. The information does not constitute investment or financial advice or advice to buy or sell, or to endorse or solicitation to buy or sell any securities or other financial instrument for any reason whatsoever. Nothing on the Website or information is intended to constitute legal, tax or investment advice, or an opinion regarding the appropriateness of any investment or a solicitation of any type. Investment in the securities market and any financial instruments are inherently risky and you shall always assume complete and full responsibility for the outcomes of all the financial or investment decisions that you make, including but not limited to loss of capital. You are therefore advised to obtain your own applicable legal, accounting, tax or other professional advice or facilities before taking or considering an investment or financial decision. No Solicitation No Information at this Website shall constitute an invitation to invest in Ess Kay. These are meant for general information only or to meet statutory requirements or disclosures. Ess Kays or any of its employees are in no way liable for the use of the information by you, when making any decision or investing or trading. Indemnification You agree to protect and fully compensate Ess Kays its subsidiaries, licensors, suppliers and facilities providers, employees, officers and directors, from any and all third party claims, liability, damages, expenses and costs (including but not limited to reasonable attorney&rsquo;s fees) caused by or arising from your use of the facilities, your violation of the Terms of Use or your infringement, or infringement by any other user of your account, of any intellectual property or other right of anyone. No Waiver Ess Kays or any of its third party service providers and processor bank/merchants etc. shall not be deemed to have waived any of its/their rights or remedies hereunder, unless such waiver is in writing. No delay or omission on the part of Ess Kays, in exercising any rights or remedies shall operate as a waiver of such rights or remedies or any other rights or remedies. A waiver on any one occasion shall not be construed as a bar or waiver of any rights or remedies on future occasions. Exclusive Agreement You agree that these Terms of Use are the complete and exclusive statement of agreement supersede any proposal or prior agreement, oral or written, and any other communications between you and Ess Kays and its Third Party Service Providers or any other person relating to the subject matter of these Terms of Use. These Terms of Use, as the same may be amended from time to time, will prevail over any subsequent oral communications between you and the Website and/or the processor bank. Termination Either party can terminate this Agreement by notifying the other party in writing. Upon such termination You will not be able to use the facilities of this Website. Governing Law and Jurisdiction The Website specifically prohibits you from usage of any of its facilities in any countries or jurisdictions that do not corroborate to all stipulations of these Terms of Use. The Website is specifically for users in the territory of India. In case of any dispute, either judicial or quasi- judicial, the same will be subject to the laws of India, with the courts in Jaipur (Metropolitan) Rajasthan having exclusive jurisdiction. These Terms and Conditions are governed by and to be interpreted in accordance with laws of India, without regard to the choice or conflicts of law provisions of any jurisdiction. You agree, in the event of any dispute arising in relation to these Terms and Conditions or any dispute arising in relation to the Website whether in contract or tort or otherwise, to submit to the jurisdiction of the courts located at Jaipur (Metropolitan) Rajasthan, India for the resolution of all such disputes.</p>','{\"meta_title\":\"EssKay Fincorp Limited | Graph\",\"meta_description\":\"Graph\",\"meta_keywords\":\"Graph\"}','2020-11-10 18:03:38','2020-12-09 15:04:15','2020-11-10 18:03:38'),(9,'services','disclaimer','Disclaimer','disclaimer','<p>DISCLAIMER This is one of the official website of Ess Kay Fincorp Limited and provides general and/or specific information about Ess Kay Fincorp Limited. All the text, graphics, trademarks and all other content displayed on this website are owned or licensed by Ess Kay Fincorp Limited. (Hereinafter called as &quot;Ess Kay&quot;). The information and content is based on the laws applicable in India. The information provided on or through the website is for general guidance and information purposes only and they do not in any manner indicate any assurance or opinion of any manner whatsoever. Any information may be prone to shortcomings, defects or inaccuracies due to technical reasons. Certain information on Website may be on the basis of our own appraisal of the applicable facts, law and regulations in force at the date hereof. While efforts are made to keep the information on this website accurate and timely, the same should not be construed as a statement of law or used for any legal purposes. Ess Kay does not guarantee or endorse the content, accuracy or completeness of the information, text, graphics, hyperlinks and other items contained herein or on any other server. This website and the materials, information, and references to services and products if any herein, including without limitations, text, graphics and links, are provided &quot;as is&quot; without representations or warranties of any kind, whether express or implied. The information (and opinions, if any) contained on the Website may have been obtained from sources believed to be reliable and numerous factors may affect the information provided, which may or may not have been taken into account. The information provided may therefore vary (significantly) from information obtained from other sources or other market participants. Any reference to past performance in the information should not be taken as an indication of future performance. The information is dependent on various assumptions, individual preferences and other factors and thus, results or analyses cannot be construed to be entirely accurate and may not be suitable for all categories of users. Hence, they should not be solely relied on when making investment decisions. Your investment or financial decision shall always be at your own discretion and based on your independent research; and nothing contained on the Website or in any information would construe Ess Kay or any of its employees/authorized representative as having been in any way involved in your decision making process. Any information and commentaries provided on the Website are not meant to be an endorsement or offering of any stock or investment advice. The information does not constitute investment or financial advice or advice to buy or sell, or to endorse or solicitation to buy or sell any securities or other financial instrument for any reason whatsoever. Nothing on the Website or information is intended to constitute legal, tax or investment advice, or an opinion regarding the appropriateness of any investment or a solicitation of any type. Investment in the securities market and any financial instruments are inherently risky and you shall always assume complete and full responsibility for the outcomes of all the financial or investment decisions that you make, including but not limited to loss of capital. You are therefore advised to obtain your own applicable legal, accounting, tax or other professional advice or facilities before taking or considering an investment or financial decision.</p>\r\n\r\n<p>To the fullest extent permissible, Ess Kay disclaims any warranties, express and/or implied, including but not limited to implied warranties of merchantability, fitness for a particular purpose, non-infringement, freedom from computer virus and warranties arising from course of dealing or course of performance. Ess Kay does not represent or warrant that the functions contained in the website will be uninterrupted or error free, that defects will be corrected or that the website or the server that makes the website available are free of viruses or other harmful components. Ess Kay does not make any warranties or representations regarding the use of the materials in the website in terms of their completeness, correctness, accuracy, adequacy, usefulness, timeliness, reliability or otherwise. The contents of this website are subject to change without notice. The contents on this website is subject to copyright protection unless otherwise specified. Commercial use of any of the contents of this website in any manner is prohibited without prior written permission from an authorised person of Ess Kay. No reproduction of any part of the website may be sold or distributed for commercial gain nor shall it be modified or incorporated in any other work, publication or website, whether in hardcopy or electronic format, including postings to any other website. Ess Kay reserves all other rights. Under no circumstances Ess Kay will be liable for any expense, loss or damage including without limitation any special, indirect, incidental or consequential damages that may arise from the use of or the inability to use, the website and/or the materials contained on the website irrespective of whether the materials contained on the website are provided by Ess Kay. The information posted on this website could include hypertext links or pointers to information created and maintained by third parties/other organizations. When you select a link to an outside website you are leaving the website of Ess Kay and are subject to privacy policies/security policies of the owners of the outside website. Information contained in any outside web site linked from this website has not been reviewed for accuracy or legal sufficiency. Ess Kay is not responsible for the content of any such external hyperlinks and references to any external links should not be construed as an endorsement of the links or their content. No information on this website shall constitute an invitation to invest in Ess Kay or any of its entities. Neither Ess Kay nor the entities of the Ess Kay, nor their respective officers, employees or agents shall be liable for any loss, damage or expense arising out of any access to or use of this website or any website linked to it, including, without limitation, any loss or profit, indirect, incidental or consequential loss. By viewing this website you are deemed to agree to jurisdiction of the courts at Jaipur (Metropolitan) Rajasthan, India in respect of any action arising therefrom or related thereto. By viewing this website you are deemed to agree to jurisdiction of the courts at Jaipur (Metropolitan) Rajasthan, India in respect of any action arising therefrom or related thereto.</p>','{\"meta_title\":\"Disclaimer\",\"meta_description\":null,\"meta_keywords\":\"Disclaimer\"}','2020-12-09 15:09:45','2020-12-09 15:10:07',NULL),(10,'services','Board of Directors','Board of Directors','board-director','<div class=\"row\">\r\n<div class=\"col-sm-12\">\r\n<div class=\"center-content\">\r\n<div class=\"card-body\">\r\n<p>INVERTEDLEFT&nbsp; He is a first generation entrepreneur who has strong decision making skills and is a good mentor to the employees. He is a Science graduate, having rich experience of more than 2 decades in finance sector business and vehicle financing. He is also the President of Rajasthan Finance Companies Association, institution for representing interest of finance companies in the State of Rajasthan. INVERTEDRIGHT</p>\r\n\r\n<h5 class=\"name\">- Mr. Rajendra Kumar Setia</h5>\r\n\r\n<p class=\"designation\">Managing Director &amp; Promoter</p>\r\n</div>\r\n\r\n<div class=\"msg-img\"><img alt=\"There are many variations of passages of lorem ipsum available\" class=\"img-fluid\" src=\"uploads/page/board-d-1.png\" /></div>\r\n</div>\r\n\r\n<div class=\"center-content two\">\r\n<div class=\"card-body\">\r\n<h1>Message From MD / CXOs</h1>\r\n\r\n<p>INVERTEDLEFT&nbsp; She is a whole-time Director of the company is Co-promoter of the Company. She has 6 years of experience in the industry. She actively participates in strategic decision making of the company. She is an eternal optimist and has promoted ethics in working environment by creating a work culture which provide a stabilized growth environment and motivation. INVERTEDRIGHT</p>\r\n\r\n<h5 class=\"name\">- Ms. Shalini Setia</h5>\r\n\r\n<p class=\"designation\">Whole-time Director</p>\r\n</div>\r\n\r\n<div class=\"msg-img\"><img alt=\"There are many variations of passages of lorem ipsum available\" class=\"img-fluid\" src=\"uploads/page/board-d-2.png\" /></div>\r\n</div>\r\n\r\n<div class=\"center-content\">\r\n<div class=\"card-body\">\r\n<h1>Message From MD / CXOs</h1>\r\n\r\n<p>INVERTEDLEFT&nbsp; Ms. Debanshi Basu is a Chartered Accountant having 17 years of experience across private equity, investment banking, audit and corporate finance. She has spent the last eleven years with Baring Private Equity India across investments and portfolio management primarily in the banking and financial service sectors and has led fund investments in various other sectors. She led investments in Manappuram Finance, Muthoot Finance and others and is involved actively managing these portfolios. She was part of Goldman Sachs&#39; first investment banking team in Mumbai and worked with their M&amp;A and capital markets team for around five years. INVERTEDRIGHT</p>\r\n\r\n<h5 class=\"name\">- Ms. Debanshi Basu</h5>\r\n\r\n<p class=\"designation\">Nominee Director</p>\r\n</div>\r\n\r\n<div class=\"msg-img\"><img alt=\"There are many variations of passages of lorem ipsum available\" class=\"img-fluid\" src=\"uploads/page/board-d-3.png\" /></div>\r\n</div>\r\n\r\n<div class=\"center-content two\">\r\n<div class=\"card-body\">\r\n<h1>Message From MD / CXOs</h1>\r\n\r\n<p>INVERTEDLEFT&nbsp; A postgraduate in Economics from Agra University, joined Allahabad Bank as Management Trainee in 1978 and worked in different capacities in various branches of Allahabad Bank holding important assignments. He is a versatile banker having 34 years of rich experience in Credit, Forex and other General Banking Operations. He has completed his term of office as Executive Director of corporation bank.INVERTEDRIGHT</p>\r\n\r\n<h5 class=\"name\">- Mr. Amar Lal Daultani</h5>\r\n\r\n<p class=\"designation\">Independent Director</p>\r\n</div>\r\n\r\n<div class=\"msg-img\"><img alt=\"There are many variations of passages of lorem ipsum available\" class=\"img-fluid\" src=\"uploads/page/board-d-4.png\" /></div>\r\n</div>\r\n\r\n<div class=\"center-content\">\r\n<div class=\"card-body\">\r\n<h1>Message From MD / CXOs</h1>\r\n\r\n<p>INVERTEDLEFT&nbsp; Mr. Anand Raghavan, a Chartered Accountant by Profession has over 30+ years of experience with different entities like Sundaram Finance &amp; Ernst &amp; Young LLP. He is currently serving as special advisor in Ernst &amp; Young LLP along-with directorship in reputed organization such as MMTC Limited, Five Star Business Limited, Five Star Housing Finance Private Limited and Sterling Holiday Resort Limited. INVERTEDRIGHT</p>\r\n\r\n<h5 class=\"name\">- Mr. Anand Raghavan</h5>\r\n\r\n<p class=\"designation\">Independent Director</p>\r\n</div>\r\n\r\n<div class=\"msg-img\"><img alt=\"There are many variations of passages of lorem ipsum available\" class=\"img-fluid\" src=\"uploads/page/board-d-5.png\" /></div>\r\n</div>\r\n\r\n<div class=\"center-content two\">\r\n<div class=\"card-body\">\r\n<h1>Message From MD / CXOs</h1>\r\n\r\n<p>INVERTEDLEFT&nbsp; Mr. Akshay Tanna is a Partner with TPG Growth in Mumbai and has been with TPG since 2011. Akshay is a member of the Firm&rsquo;s Diversity &amp; Inclusion Council. Prior to joining TPG in 2011, Akshay worked for Merrill Lynch and Deutsche Bank in the Financial Institutions Investment Banking Group. Akshay graduated from the Wharton School of the University of Pennsylvania with Honors. He currently serves on the Boards of Big Tree Entertainment Pvt Ltd (BookMyShow), Dodla Dairy Ltd, FSN E-Commerce Ventures Pvt Ltd (Nykaa), Landmark Insurance Brokers Pvt Ltd, Lenskart Solutions Pvt Ltd, and Livspace Pte Ltd.&nbsp; INVERTEDRIGHT</p>\r\n\r\n<h5 class=\"name\">- Mr. Akshay Tanna</h5>\r\n\r\n<p class=\"designation\">Nominee Director</p>\r\n</div>\r\n\r\n<div class=\"msg-img\"><img alt=\"There are many variations of passages of lorem ipsum available\" class=\"img-fluid\" src=\"uploads/page/board-d-6.png\" /></div>\r\n</div>\r\n</div>\r\n</div>','{\"meta_title\":\"EssKay Fincorp Limited | Home Page\",\"meta_description\":\"Home Page\",\"meta_keywords\":\"home, esskay. esskeyfincorp, ess kay, esskay fincorp\"}',NULL,'2021-03-23 13:09:03',NULL),(11,'services','Key Managerial Person','Key Managerial Person','key-managerial-person','<div class=\"row\">\r\n<div class=\"col-sm-12\">\r\n<div class=\"center-content\">\r\n<div class=\"card-body\">\r\n<h1>Message From MD / CXOs</h1>\r\n\r\n<p>INVERTEDLEFT Mr. Atul Arora is Chartered accountant by profession, started his career with Taurian Manganese &amp; Ferro Alloy CISA a mining company based in Ivory coast, After 2 years of international finance exposure he has joined Ess Kay Fincorp Limited in 2010. With his diverse experience gained through range of assignments handled during his stint with the company has grown along and currently holds position of Chief Financial Officer in the company. INVERTEDRIGHT</p>\r\n\r\n<h5 class=\"name\">- Mr. Atul Arora</h5>\r\n\r\n<p class=\"designation\">CHIEF FINANCIAL OFFICER</p>\r\n</div>\r\n\r\n<div class=\"msg-img\"><img alt=\"There are many variations of passages of lorem ipsum available\" class=\"img-fluid\" src=\"uploads/page/key-mp-1.png\" /></div>\r\n</div>\r\n\r\n<div class=\"center-content two\">\r\n<div class=\"card-body\">\r\n<h1>Message From MD / CXOs</h1>\r\n\r\n<p>INVERTEDLEFT Mr. Girish Dangayach is a Chartered Accountant and Certified Digital Strategist from Columbia University with more than 13 years of strong experience. Previously Girish worked with Genpact, Deloitte, Accenture, KPMG and Infosys. Girish helped many global leading fortune 500 companies to transform their business processes in the area of Sales Operations, Finance, Customer Service, Procurement, HR and Manufacturing. At SK, Girish is working to build best in class processes and introducing new age digital technologies to enhance experience for customer and colleagues INVERTEDRIGHT</p>\r\n\r\n<h5 class=\"name\">- Mr. Girish Dangayach</h5>\r\n\r\n<p class=\"designation\">CHIEF DIGITAL OFFICER</p>\r\n</div>\r\n\r\n<div class=\"msg-img\"><img alt=\"There are many variations of passages of lorem ipsum available\" class=\"img-fluid\" src=\"uploads/page/key-mp-2.png\" /></div>\r\n</div>\r\n\r\n<div class=\"center-content\">\r\n<div class=\"card-body\">\r\n<h1>Message From MD / CXOs</h1>\r\n\r\n<p>INVERTEDLEFT Mr. Pratit Vijayvergia is an IT professional with almost 18 years of vibrant experience.<br />\r\nWith his best skills, he evolved as an entrepreneur by setting his own organization named TechnoXpert Infosystems and worked as a CEO for almost a decade. During his entrepreneurship, he has provided the technology solutions and consultancy for organizations and benchmarked the level of profitability through his expertise to major clients from the BFSI and Automobile sectors.<br />\r\nAs CTO, his role is to infuse the latest technology into our services across all divisions. His mix of business and technical expertise positions him perfectly to continue putting Ess Kay at the forefront of the disciplines in which we operate. INVERTEDRIGHT</p>\r\n\r\n<h5 class=\"name\">- Mr. Pratit Vijayvargiya</h5>\r\n\r\n<p class=\"designation\">CHIEF TECHNICAL OFFICER</p>\r\n</div>\r\n\r\n<div class=\"msg-img\"><img alt=\"There are many variations of passages of lorem ipsum available\" class=\"img-fluid\" src=\"uploads/page/key-mp-3.png\" /></div>\r\n</div>\r\n\r\n<div class=\"center-content two\">\r\n<div class=\"card-body\">\r\n<h1>Message From MD / CXOs</h1>\r\n\r\n<p>INVERTEDLEFT He is MBA Finance / B-Com(Hon) having 17 years of experience in Finance Industry (Rajasthan &amp; Gujarat State). He started career with Ess Kay Fincorp in year 1999 as a sales manager &amp; with continue growth currently holding position of Senior Vice President (Western Region) in the company. INVERTEDRIGHT</p>\r\n\r\n<h5 class=\"name\">- Mr. Ritesh Sharma</h5>\r\n\r\n<p class=\"designation\">CHIEF OPERATING OFFICER-WEST</p>\r\n</div>\r\n\r\n<div class=\"msg-img\"><img alt=\"There are many variations of passages of lorem ipsum available\" class=\"img-fluid\" src=\"uploads/page/key-mp-4.png\" /></div>\r\n</div>\r\n\r\n<div class=\"center-content\">\r\n<div class=\"card-body\">\r\n<h1>Message From MD / CXOs</h1>\r\n\r\n<p>INVERTEDLEFT Mr. Sameer Arora a Civil Engineer by qualification has 27+ years of experience. He started his career as an entrepreneur and joined Ess Kay Fincorp in the year 2007 with ~10 years of extensive experience in the field of sales, collection and operations. With his diversified skill set he carries specialized hold on sales and marketing of financial products. He is one of the main drivers of devising new product strategies and overlooking its implementation on the ground. INVERTEDRIGHT</p>\r\n\r\n<h5 class=\"name\">- Mr. Sameer Arora</h5>\r\n\r\n<p class=\"designation\">CHIEF OPERATING OFFICER- NORTH</p>\r\n</div>\r\n\r\n<div class=\"msg-img\"><img alt=\"There are many variations of passages of lorem ipsum available\" class=\"img-fluid\" src=\"uploads/page/key-mp-5.png\" /></div>\r\n</div>\r\n\r\n<div class=\"center-content two\">\r\n<div class=\"card-body\">\r\n<h1>Message From MD / CXOs</h1>\r\n\r\n<p>INVERTEDLEFT Abhijit Sharma a Graduate in Law from Rajasthan University, having experience of more than 15+ years in the field of collection. He started his Career in with ICICI Bank and has worked with Airtel and Indiabulls in various positions predominantly in the state of Rajasthan and Gujarat. He is associated with of Ess Kay Fincorp since 2010 and through his acumen and ability has scaled to the level of Senior Manager (Collection). INVERTEDRIGHT</p>\r\n\r\n<h5 class=\"name\">- Mr. Abhijeet Sharma</h5>\r\n\r\n<p class=\"designation\">STATE COLLECTION MANAGER</p>\r\n</div>\r\n\r\n<div class=\"msg-img\"><img alt=\"There are many variations of passages of lorem ipsum available\" class=\"img-fluid\" src=\"uploads/page/key-mp-6.png\" /></div>\r\n</div>\r\n\r\n<div class=\"center-content\">\r\n<div class=\"card-body\">\r\n<h1>Message From MD / CXOs</h1>\r\n\r\n<p>INVERTEDLEFT Amarpreet Singh Batra, having over 15 years of experience with reputed corporates. He holds a B.Tech Degree in Mechanical Stream from SSBT&#39;s College, Jalgaon Maharashtra. Prior to joining Ess Kay ,he was heading Rajasthan State as General Manager in Magma Fincorp Limited. INVERTEDRIGHT</p>\r\n\r\n<h5 class=\"name\">- Mr. Amarpreet Singh Batra</h5>\r\n\r\n<p class=\"designation\">NATIONAL BUSINESS HEAD-MACHINES</p>\r\n</div>\r\n\r\n<div class=\"msg-img\"><img alt=\"There are many variations of passages of lorem ipsum available\" class=\"img-fluid\" src=\"uploads/page/key-mp-7.png\" /></div>\r\n</div>\r\n\r\n<div class=\"center-content two\">\r\n<div class=\"card-body\">\r\n<h1>Message From MD / CXOs</h1>\r\n\r\n<p>INVERTEDLEFT Ms. Anagha Bangur a Company Secretary by qualification, has served in salt manufacturing company viz. with Saboo Sodium Chloro Limited which was listed on Bombay Stock Exchange. Anagha Joined Esskay Fincorp in 2013. Has experience in formulation of Group Financial Policies, Corporate Laws, Merchant Banking, Equity and Debt Listing and ensuring adherence to the statutory regulations of listed, non listed Companies. INVERTEDRIGHT</p>\r\n\r\n<h5 class=\"name\">- Ms. Anagha Bangur</h5>\r\n\r\n<p class=\"designation\">COMPANY SECRETARY</p>\r\n</div>\r\n\r\n<div class=\"msg-img\"><img alt=\"There are many variations of passages of lorem ipsum available\" class=\"img-fluid\" src=\"uploads/page/key-mp-8.png\" /></div>\r\n</div>\r\n\r\n<div class=\"center-content\">\r\n<div class=\"card-body\">\r\n<h1>Message From MD / CXOs</h1>\r\n\r\n<p>INVERTEDLEFT Anil is EDPHRM from XLRI and MBA HR from Annamalai university , having experience of 15+ years in HR Domain with Asset Finance / Banking Industry. He has worked with Mahindra Finance, L&amp; T Finance, IndusInd Bank ,Infosys etc with proven track record on Talent management and HR practices setup across the geography INVERTEDRIGHT</p>\r\n\r\n<h5 class=\"name\">- Mr. Anil Sharma</h5>\r\n\r\n<p class=\"designation\">NATIONAL HEAD - HUMAN RESOURCES</p>\r\n</div>\r\n\r\n<div class=\"msg-img\"><img alt=\"There are many variations of passages of lorem ipsum available\" class=\"img-fluid\" src=\"uploads/page/key-mp-9.png\" /></div>\r\n</div>\r\n\r\n<div class=\"center-content two\">\r\n<div class=\"card-body\">\r\n<h1>Message From MD / CXOs</h1>\r\n\r\n<p>INVERTEDLEFT Mr. Harendra started his career with Ess Kay Fincorp Limited in the year 1995. He moved on to different organization through his career and has worked with organization like GE, ICICI Bank Limited and Kotak Mahindra Bank. He started his career as an executive level manager but with his ability and understanding of geography and business has now attained the position of State Collection Manager for the state of Rajasthan. He has worked in various sphere of Collection /Debts Recovery and Risk Management during his entire stint with various organization. INVERTEDRIGHT</p>\r\n\r\n<h5 class=\"name\">- Mr. Harendra Singh Rathore</h5>\r\n\r\n<p class=\"designation\">STATE COLLECTION MANAGER</p>\r\n</div>\r\n\r\n<div class=\"msg-img\"><img alt=\"There are many variations of passages of lorem ipsum available\" class=\"img-fluid\" src=\"uploads/page/key-mp-10.png\" /></div>\r\n</div>\r\n\r\n<div class=\"center-content\">\r\n<div class=\"card-body\">\r\n<h1>Message From MD / CXOs</h1>\r\n\r\n<p>INVERTEDLEFT A Chartered Accountant and a Company Secretary by qualification, has 5 years of core accounting and auditing experience. He started his career as an Internal Audit Head in the company and is now acting as the Associate Vice President (Accounts) of the company. INVERTEDRIGHT</p>\r\n\r\n<h5 class=\"name\">- Mr. Honey Jain</h5>\r\n\r\n<p class=\"designation\">CHIEF ACCOUNTS OFFICER</p>\r\n</div>\r\n\r\n<div class=\"msg-img\"><img alt=\"There are many variations of passages of lorem ipsum available\" class=\"img-fluid\" src=\"uploads/page/key-mp-11.png\" /></div>\r\n</div>\r\n\r\n<div class=\"center-content two\">\r\n<div class=\"card-body\">\r\n<h1>Message From MD / CXOs</h1>\r\n\r\n<p>INVERTEDLEFT Mihir Vaishnav graduated from Mumbai University and pursued MBA Has corporate experience of 24 years having worked with Times Group, 20th Century Finance, GMAC, IDBI Bank, TVS Credit, and ICICI Bank. He has worked in domain of Retail Assets and Liabilities having handled product range of 20k to 2 cr which includes financing of Two Wheeler, Auto, Commercial Vehicle, Construction Equipment, Mortgage (HL &amp; SME). INVERTEDRIGHT</p>\r\n\r\n<h5 class=\"name\">- Mr. Mihir Vaishnav</h5>\r\n\r\n<p class=\"designation\">NATIONAL BUSINESS HEAD-SME</p>\r\n</div>\r\n\r\n<div class=\"msg-img\"><img alt=\"There are many variations of passages of lorem ipsum available\" class=\"img-fluid\" src=\"uploads/page/key-mp-12.png\" /></div>\r\n</div>\r\n\r\n<div class=\"center-content\">\r\n<div class=\"card-body\">\r\n<h1>Message From MD / CXOs</h1>\r\n\r\n<p>INVERTEDLEFT Rajeev Yadav PGDBM (Marketing) and a Law graduate by qualification. He has in all a total experience of 15+ years. He started his career with Cipla Limited in the year 2000 and then moved on to Hinduja Leyland Ltd, Mahindra Finance and ICICI Bank Limited. He has diversified experience of sales, compliance, collection, banking regulations of NBFCs and Bank. He heads legal department for the company and currently takes care of all the legal matters on behalf of the company INVERTEDRIGHT</p>\r\n\r\n<h5 class=\"name\">- Mr. Rajeev Yadav</h5>\r\n\r\n<p class=\"designation\">NATIONAL LEGAL HEAD</p>\r\n</div>\r\n\r\n<div class=\"msg-img\"><img alt=\"There are many variations of passages of lorem ipsum available\" class=\"img-fluid\" src=\"uploads/page/key-mp-13.png\" /></div>\r\n</div>\r\n\r\n<div class=\"center-content two\">\r\n<div class=\"card-body\">\r\n<h1>Message From MD / CXOs</h1>\r\n\r\n<p>INVERTEDLEFT With 5 years of field experience he joined Ess Kay in 2008 as an operation executive, with his dedication and continuous skill up-gradation, he currently holds the position on Operation Head. INVERTEDRIGHT</p>\r\n\r\n<h5 class=\"name\">- Mr. Ritesh Kumar</h5>\r\n\r\n<p class=\"designation\">NATIONAL HEAD - OPERATIONS</p>\r\n</div>\r\n\r\n<div class=\"msg-img\"><img alt=\"There are many variations of passages of lorem ipsum available\" class=\"img-fluid\" src=\"uploads/page/key-mp-14.png\" /></div>\r\n</div>\r\n\r\n<div class=\"center-content\">\r\n<div class=\"card-body\">\r\n<h1>Message From MD / CXOs</h1>\r\n\r\n<p>INVERTEDLEFT Mr. Vivek Singh is a Post Graduate with specialization in the field of finance, accounts, tax and international business. He is a Chartered accountant and PGDIB in International Business from India Institute of Foreign Trade (New Delhi). He started his career with Traxun Towers Limited and has spent almost 14+ years in the field of Corporate Finance in the past while working with Corporate Group&#39;s such as RPG Enterprise, Ladder up Finance Limited and Reliance ADAG. INVERTEDRIGHT</p>\r\n\r\n<h5 class=\"name\">- Mr. Vivek Singh</h5>\r\n\r\n<p class=\"designation\">HEAD - TREASURY</p>\r\n</div>\r\n\r\n<div class=\"msg-img\"><img alt=\"There are many variations of passages of lorem ipsum available\" class=\"img-fluid\" src=\"uploads/page/key-mp-15.png\" /></div>\r\n</div>\r\n\r\n<div class=\"center-content two\">\r\n<div class=\"card-body\">\r\n<h1>Message From MD / CXOs</h1>\r\n\r\n<p>INVERTEDLEFT Mr Yash Setia, started his Career with Esskay in 2017, is involved in all business strategies and growth plans of the company. A HR College of Commerce and Economics Mumbai graduate, he has the acumen on data and technology and responsible for business development as well as profitable collection. INVERTEDRIGHT</p>\r\n\r\n<h5 class=\"name\">- Mr. Yash Setia</h5>\r\n\r\n<p class=\"designation\">HEAD-BUSINESS STRATEGY</p>\r\n</div>\r\n\r\n<div class=\"msg-img\"><img alt=\"There are many variations of passages of lorem ipsum available\" class=\"img-fluid\" src=\"uploads/page/key-mp-16.png\" /></div>\r\n</div>\r\n</div>\r\n</div>','{\"meta_title\":\"EssKay Fincorp Limited | Home Page\",\"meta_description\":\"Home Page\",\"meta_keywords\":\"home, esskay. esskeyfincorp, ess kay, esskay fincorp\"}',NULL,'2021-03-03 20:00:59',NULL),(12,'services','Video Page','Video Page','home','<div class=\"about-video-area d-none hide\">\r\n<div class=\"row h-100\">\r\n<div class=\"col-md-7 col-sm-12\">\r\n<div class=\"about-content h-100 justify-content-center d-flex\">Lorem Ipsum is simply dummy text of the printing and typesetting industry.</div>\r\n</div>\r\n\r\n<div class=\"col-md-5 col-sm-12\">\r\n<div class=\"about-video\">\r\n<div class=\"made-sk-box\">\r\n<div class=\"more-about-video\"><iframe allow=\"accelerometer; autoplay; clipboard-write; encrypted-media; gyroscope; picture-in-picture\" allowfullscreen=\"\" frameborder=\"0\" id=\"sk_frame1\" src=\"https://www.youtube.com/embed/9xwazD5SyVg\"></iframe>\r\n\r\n<div class=\"more-video-cont\" id=\"sk_video_cont\"><button class=\"speechmax-icon\" id=\"sk_video1\" type=\"button\"><img alt=\"\" src=\"public/assets/images/video-bg.png\" /> <img alt=\"\" class=\"play-btn-about\" src=\"public/assets/images/play-btn.svg\" /></button></div>\r\n</div>\r\n</div>\r\n</div>\r\n</div>\r\n</div>\r\n</div>','{\"meta_title\":\"EssKay Fincorp Limited | Home Page\",\"meta_description\":\"Home Page\",\"meta_keywords\":\"home, esskay. esskeyfincorp, ess kay, esskay fincorp\"}',NULL,'2021-03-23 11:15:19',NULL);
/*!40000 ALTER TABLE `pages` ENABLE KEYS */;
UNLOCK TABLES;
DROP TABLE IF EXISTS `password_resets`;
/*!40101 SET @saved_cs_client     = @@character_set_client */;
/*!40101 SET character_set_client = utf8 */;
CREATE TABLE `password_resets` (
  `email` varchar(191) COLLATE utf8mb4_unicode_ci NOT NULL,
  `token` varchar(191) COLLATE utf8mb4_unicode_ci NOT NULL,
  `created_at` timestamp NULL DEFAULT NULL,
  KEY `password_resets_email_index` (`email`)
) ENGINE=MyISAM DEFAULT CHARSET=utf8mb4 COLLATE=utf8mb4_unicode_ci;
/*!40101 SET character_set_client = @saved_cs_client */;

LOCK TABLES `password_resets` WRITE;
/*!40000 ALTER TABLE `password_resets` DISABLE KEYS */;
/*!40000 ALTER TABLE `password_resets` ENABLE KEYS */;
UNLOCK TABLES;
DROP TABLE IF EXISTS `permissions`;
/*!40101 SET @saved_cs_client     = @@character_set_client */;
/*!40101 SET character_set_client = utf8 */;
CREATE TABLE `permissions` (
  `id` bigint(20) unsigned NOT NULL AUTO_INCREMENT,
  `name` varchar(191) COLLATE utf8mb4_unicode_ci NOT NULL,
  `guard_name` varchar(191) COLLATE utf8mb4_unicode_ci NOT NULL,
  `created_at` timestamp NULL DEFAULT NULL,
  `updated_at` timestamp NULL DEFAULT NULL,
  PRIMARY KEY (`id`)
) ENGINE=MyISAM AUTO_INCREMENT=116 DEFAULT CHARSET=utf8mb4 COLLATE=utf8mb4_unicode_ci;
/*!40101 SET character_set_client = @saved_cs_client */;

LOCK TABLES `permissions` WRITE;
/*!40000 ALTER TABLE `permissions` DISABLE KEYS */;
INSERT INTO `permissions` VALUES (1,'create_asset_class','web',NULL,NULL),(2,'list_asset_class','web',NULL,NULL),(3,'list_email_sms','web','2020-10-02 11:33:03','2020-10-02 11:33:03'),(4,'create_lender','web','2020-10-02 11:33:03','2020-10-02 11:33:03'),(5,'list_lender','web','2020-10-02 11:33:03','2020-10-02 11:33:03'),(6,'create_document','web','2020-10-02 11:33:03','2020-10-02 11:33:03'),(7,'list_document','web','2020-10-02 11:33:03','2020-10-02 11:33:03'),(8,'create_file_manager','web','2020-10-02 11:33:03','2020-10-02 11:33:03'),(18,'list_dashboard','web',NULL,NULL),(9,'list_file_manager','web','2020-10-02 11:33:03','2020-10-02 11:33:03'),(10,'create_lender_type','web',NULL,NULL),(11,'list_lender_type','web',NULL,NULL),(12,'create_instrument_type','web',NULL,NULL),(13,'list_instrument_type','web',NULL,NULL),(14,'create_facility_type','web',NULL,NULL),(15,'list_facility_type','web',NULL,NULL),(16,'create_document_category','web',NULL,NULL),(17,'list_document_category','web',NULL,NULL),(19,'list_log','web',NULL,NULL),(20,'list_user_log','web','2020-11-21 15:17:44','2020-11-21 15:17:44'),(21,'create_user_log','web','2020-11-21 15:18:00','2020-11-21 15:18:00'),(22,'maker_banking_arrangment','web',NULL,NULL),(23,'checker_banking_arrangment','web',NULL,NULL),(24,'maker_document','web','2020-11-21 15:17:44','2020-11-21 15:17:44'),(25,'checker_document','web','2020-11-21 15:18:00','2020-11-21 15:18:00'),(26,'list_banking_arrangment','web','2020-11-26 18:10:22','2020-11-26 18:10:22'),(27,'list_lender_banking','web','2020-11-28 14:11:21','2020-11-28 14:11:21'),(28,'maker_insight_category','web','2020-11-28 14:11:21','2020-11-28 14:11:21'),(29,'checker_insight_category','web','2020-11-28 14:11:21','2020-11-28 14:11:21'),(30,'list_insight_category','web','2020-11-28 14:11:21','2020-11-28 14:11:21'),(31,'maker_insight','web','2020-11-28 14:11:21','2020-11-28 14:11:21'),(32,'checker_insight','web','2020-11-28 14:11:21','2020-11-28 14:11:21'),(33,'list_insight','web','2020-11-28 14:11:21','2020-11-28 14:11:21'),(34,'create_trustee_type','web',NULL,NULL),(35,'list_trustee_type','web',NULL,NULL),(36,'list_trustee','web','2020-10-02 11:33:03','2020-10-02 11:33:03'),(37,'maker_operational_highlight','web','2020-11-28 14:11:21','2020-11-28 14:11:21'),(38,'checker_operational_highlight','web','2020-11-28 14:11:21','2020-11-28 14:11:21'),(39,'list_operational_highlight','web','2020-11-28 14:11:21','2020-11-28 14:11:21'),(40,'maker_geographical_concentration','web','2020-11-28 14:11:21','2020-11-28 14:11:21'),(41,'checker_geographical_concentration','web','2020-11-28 14:11:21','2020-11-28 14:11:21'),(42,'list_geographical_concentration','web','2020-11-28 14:11:21','2020-11-28 14:11:21'),(43,'maker_product_concentration','web','2020-11-28 14:11:21','2020-11-28 14:11:21'),(44,'checker_product_concentration','web','2020-11-28 14:11:21','2020-11-28 14:11:21'),(45,'list_product_concentration','web','2020-11-28 14:11:21','2020-11-28 14:11:21'),(46,'maker_asset_quality','web','2020-11-28 14:11:21','2020-11-28 14:11:21'),(47,'checker_asset_quality','web','2020-11-28 14:11:21','2020-11-28 14:11:21'),(48,'list_asset_quality','web','2020-11-28 14:11:21','2020-11-28 14:11:21'),(49,'maker_collection_efficiency','web','2020-11-28 14:11:21','2020-11-28 14:11:21'),(50,'checker_collection_efficiency','web','2020-11-28 14:11:21','2020-11-28 14:11:21'),(51,'list_collection_efficiency','web','2020-11-28 14:11:21','2020-11-28 14:11:21'),(52,'maker_net_worth','web','2020-11-28 14:11:21','2020-11-28 14:11:21'),(53,'checker_net_worth','web','2020-11-28 14:11:21','2020-11-28 14:11:21'),(54,'list_net_worth','web','2020-11-28 14:11:21','2020-11-28 14:11:21'),(55,'maker_liquidity','web','2020-11-28 14:11:21','2020-11-28 14:11:21'),(56,'checker_liquidity','web','2020-11-28 14:11:21','2020-11-28 14:11:21'),(57,'list_liquidity','web','2020-11-28 14:11:21','2020-11-28 14:11:21'),(58,'maker_net_worth_infusion','web','2020-11-28 14:11:21','2020-11-28 14:11:21'),(59,'checker_net_worth_infusion','web','2020-11-28 14:11:21','2020-11-28 14:11:21'),(60,'list_net_worth_infusion','web','2020-11-28 14:11:21','2020-11-28 14:11:21'),(61,'maker_current_deal_category','web','2020-11-28 14:11:21','2020-11-28 14:11:21'),(62,'checker_current_deal_category','web','2020-11-28 14:11:21','2020-11-28 14:11:21'),(63,'list_current_deal_category','web','2020-11-28 14:11:21','2020-11-28 14:11:21'),(64,'maker_current_deal','web','2020-11-28 14:11:21','2020-11-28 14:11:21'),(65,'checker_current_deal','web','2020-11-28 14:11:21','2020-11-28 14:11:21'),(66,'list_current_deal','web','2020-11-28 14:11:21','2020-11-28 14:11:21'),(67,'maker_sanction_letter','web','2020-11-28 14:11:21','2020-11-28 14:11:21'),(68,'checker_sanction_letter1','web','2020-11-28 14:11:21','2020-11-28 14:11:21'),(69,'list_sanction_letter','web','2020-11-28 14:11:21','2020-11-28 14:11:21'),(70,'maker_covid_relief','web','2020-11-28 14:11:21','2020-11-28 14:11:21'),(71,'checker_covid_relief','web','2020-11-28 14:11:21','2020-11-28 14:11:21'),(72,'list_covid_relief','web','2020-11-28 14:11:21','2020-11-28 14:11:21'),(73,'maker_covid_relief_borrower','web','2020-11-28 14:11:21','2020-11-28 14:11:21'),(74,'checker_covid_relief_borrower','web','2020-11-28 14:11:21','2020-11-28 14:11:21'),(75,'list_covid_relief_borrower','web','2020-11-28 14:11:21','2020-11-28 14:11:21'),(76,'maker_transaction_category','web','2020-11-28 14:11:21','2020-11-28 14:11:21'),(77,'checker_transaction_category','web','2020-11-28 14:11:21','2020-11-28 14:11:21'),(78,'list_transaction_category','web','2020-11-28 14:11:21','2020-11-28 14:11:21'),(79,'maker_transaction','web','2020-11-28 14:11:21','2020-11-28 14:11:21'),(80,'checker_transaction','web','2020-11-28 14:11:21','2020-11-28 14:11:21'),(81,'list_transaction','web','2020-11-28 14:11:21','2020-11-28 14:11:21'),(82,'maker_transaction_document','web','2020-11-28 14:11:21','2020-11-28 14:11:21'),(83,'checker_transaction_document','web','2020-11-28 14:11:21','2020-11-28 14:11:21'),(84,'list_transaction_document','web','2020-11-28 14:11:21','2020-11-28 14:11:21'),(85,'maker_transaction_document_type','web','2020-11-28 14:11:21','2020-11-28 14:11:21'),(86,'checker_transaction_document_type','web','2020-11-28 14:11:21','2020-11-28 14:11:21'),(87,'list_transaction_document_type','web','2020-11-28 14:11:21','2020-11-28 14:11:21'),(88,'checker_sanction_letter2','web','2020-11-28 14:11:21','2020-11-28 14:11:21'),(89,'checker_sanction_letter3','web','2020-11-28 14:11:21','2020-11-28 14:11:21'),(90,'maker_accept_transaction','web','2020-11-28 14:11:21','2020-11-28 14:11:21'),(91,'checker_accept_transaction','web','2020-11-28 14:11:21','2020-11-28 14:11:21'),(92,'list_accept_transaction','web','2020-11-28 14:11:21','2020-11-28 14:11:21'),(93,'maker_reject_transaction','web','2020-11-28 14:11:21','2020-11-28 14:11:21'),(94,'checker_reject_transaction','web','2020-11-28 14:11:21','2020-11-28 14:11:21'),(95,'list_reject_transaction','web','2020-11-28 14:11:21','2020-11-28 14:11:21'),(96,'maker_accept_transaction_document','web','2020-11-28 14:11:21','2020-11-28 14:11:21'),(97,'checker_accept_transaction_document','web','2020-11-28 14:11:21','2020-11-28 14:11:21'),(98,'list_accept_transaction_document','web','2020-11-28 14:11:21','2020-11-28 14:11:21'),(99,'maker_reject_transaction_document','web','2020-11-28 14:11:21','2020-11-28 14:11:21'),(100,'checker_reject_transaction_document','web','2020-11-28 14:11:21','2020-11-28 14:11:21'),(101,'list_reject_transaction_document','web','2020-11-28 14:11:21','2020-11-28 14:11:21'),(102,'maker_approve_sanction_letter','web','2020-11-28 14:11:21','2020-11-28 14:11:21'),(103,'checker_approve_sanction_letter','web','2020-11-28 14:11:21','2020-11-28 14:11:21'),(104,'list_approve_sanction_letter','web','2020-11-28 14:11:21','2020-11-28 14:11:21'),(105,'maker_reject_sanction_letter','web','2020-11-28 14:11:21','2020-11-28 14:11:21'),(106,'checker_reject_sanction_letter','web','2020-11-28 14:11:21','2020-11-28 14:11:21'),(107,'list_reject_sanction_letter','web','2020-11-28 14:11:21','2020-11-28 14:11:21'),(108,'create_accept_document','web','2020-10-02 11:33:03','2020-10-02 11:33:03'),(109,'list_accept_document','web','2020-10-02 11:33:03','2020-10-02 11:33:03'),(110,'maker_accept_document','web','2020-11-21 15:17:44','2020-11-21 15:17:44'),(111,'checker_accept_document','web','2020-11-21 15:18:00','2020-11-21 15:18:00'),(112,'create_reject_document','web','2020-10-02 11:33:03','2020-10-02 11:33:03'),(113,'list_reject_document','web','2020-10-02 11:33:03','2020-10-02 11:33:03'),(114,'maker_reject_document','web','2020-11-21 15:17:44','2020-11-21 15:17:44'),(115,'checker_reject_document','web','2020-11-21 15:18:00','2020-11-21 15:18:00');
/*!40000 ALTER TABLE `permissions` ENABLE KEYS */;
UNLOCK TABLES;
DROP TABLE IF EXISTS `product_concentrations`;
/*!40101 SET @saved_cs_client     = @@character_set_client */;
/*!40101 SET character_set_client = utf8 */;
CREATE TABLE `product_concentrations` (
  `id` bigint(20) unsigned NOT NULL AUTO_INCREMENT,
  `product_diversification` varchar(191) COLLATE utf8mb4_unicode_ci NOT NULL,
  `amount1` decimal(8,2) DEFAULT NULL,
  `amount_percentage1` decimal(8,2) DEFAULT NULL,
  `amount2` decimal(8,2) DEFAULT NULL,
  `amount_percentage2` decimal(8,2) DEFAULT NULL,
  `amount3` decimal(8,2) DEFAULT NULL,
  `amount_percentage3` decimal(8,2) DEFAULT NULL,
  `amount4` decimal(8,2) DEFAULT NULL,
  `amount_percentage4` decimal(8,2) DEFAULT NULL,
  `amount5` decimal(8,2) DEFAULT NULL,
  `amount_percentage5` decimal(8,2) DEFAULT NULL,
  `amount6` decimal(8,2) DEFAULT NULL,
  `amount_percentage6` decimal(8,2) DEFAULT NULL,
  `amount7` decimal(8,2) DEFAULT NULL,
  `amount_percentage7` decimal(8,2) DEFAULT NULL,
  `amount8` decimal(8,2) DEFAULT NULL,
  `amount_percentage8` decimal(8,2) DEFAULT NULL,
  `amount9` decimal(8,2) DEFAULT NULL,
  `amount_percentage9` decimal(8,2) DEFAULT NULL,
  `product_concentration_status` tinyint(1) NOT NULL DEFAULT '0',
  `created_at` timestamp NULL DEFAULT NULL,
  `updated_at` timestamp NULL DEFAULT NULL,
  `deleted_at` timestamp NULL DEFAULT NULL,
  PRIMARY KEY (`id`)
) ENGINE=MyISAM AUTO_INCREMENT=6 DEFAULT CHARSET=utf8mb4 COLLATE=utf8mb4_unicode_ci;
/*!40101 SET character_set_client = @saved_cs_client */;

LOCK TABLES `product_concentrations` WRITE;
/*!40000 ALTER TABLE `product_concentrations` DISABLE KEYS */;
INSERT INTO `product_concentrations` VALUES (1,'Commercial Vehicle',397.00,75.00,484.00,59.00,690.00,54.00,1085.00,54.00,1655.00,55.00,1562.00,55.00,1716.00,52.00,2042.00,51.00,2365.00,49.00,1,'2021-03-08 08:58:04','2021-03-08 09:00:37',NULL),(2,'Tractor',58.00,11.00,155.00,19.00,251.00,20.00,360.00,18.00,523.00,18.00,474.00,17.00,561.00,17.00,640.00,16.00,772.00,16.00,1,'2021-03-08 08:58:04','2021-03-08 08:58:04',NULL),(3,'Car',58.00,11.00,116.00,14.00,194.00,15.00,288.00,14.00,478.00,16.00,454.00,16.00,561.00,17.00,681.00,17.00,820.00,17.00,1,'2021-03-08 08:58:04','2021-03-08 08:58:04',NULL),(4,'Two Wheeler ',3.00,1.00,18.00,2.00,33.00,3.00,63.00,3.00,69.00,2.00,59.00,2.00,99.00,3.00,160.00,4.00,193.00,4.00,1,'2021-03-08 08:58:04','2021-03-08 08:58:04',NULL),(5,'SME',9.00,2.00,52.00,6.00,114.00,9.00,205.00,10.00,263.00,9.00,282.00,10.00,363.00,11.00,480.00,12.00,676.00,14.00,1,'2021-03-08 08:58:04','2021-03-08 08:58:04',NULL);
/*!40000 ALTER TABLE `product_concentrations` ENABLE KEYS */;
UNLOCK TABLES;
DROP TABLE IF EXISTS `revisions`;
/*!40101 SET @saved_cs_client     = @@character_set_client */;
/*!40101 SET character_set_client = utf8 */;
CREATE TABLE `revisions` (
  `id` int(10) unsigned NOT NULL AUTO_INCREMENT,
  `revisionable_type` varchar(191) COLLATE utf8mb4_unicode_ci NOT NULL,
  `revisionable_id` int(11) NOT NULL,
  `user_id` int(11) DEFAULT NULL,
  `key` varchar(191) COLLATE utf8mb4_unicode_ci NOT NULL,
  `old_value` text COLLATE utf8mb4_unicode_ci,
  `new_value` text COLLATE utf8mb4_unicode_ci,
  `created_at` timestamp NULL DEFAULT NULL,
  `updated_at` timestamp NULL DEFAULT NULL,
  PRIMARY KEY (`id`),
  KEY `revisions_revisionable_id_revisionable_type_index` (`revisionable_id`,`revisionable_type`)
) ENGINE=MyISAM AUTO_INCREMENT=438 DEFAULT CHARSET=utf8mb4 COLLATE=utf8mb4_unicode_ci;
/*!40101 SET character_set_client = @saved_cs_client */;

LOCK TABLES `revisions` WRITE;
/*!40000 ALTER TABLE `revisions` DISABLE KEYS */;
INSERT INTO `revisions` VALUES (1,'App\\Models\\Lender',1,1,'name','Munjal Mayank','Munjal Mayank1','2020-10-13 09:57:32','2020-10-13 09:57:32'),(2,'App\\Models\\Document',5,1,'document_name','Doc1001','Doc10011','2020-10-13 09:59:21','2020-10-13 09:59:21'),(3,'App\\Models\\Document',5,1,'document_filename','uploads/documents/tiger_logo.png','uploads/documents/og-bhaskar.2b005b41.jpeg','2020-10-13 09:59:21','2020-10-13 09:59:21'),(4,'App\\Models\\Document',5,1,'document_date',NULL,'2020','2020-10-14 13:12:46','2020-10-14 13:12:46'),(5,'App\\Models\\Lender',2,1,'name','Ess Kay Admin','Ess Kay Master Admin','2020-10-14 15:43:53','2020-10-14 15:43:53'),(6,'App\\Models\\Document',1,2,'expiry_date','2021-10-24','2021-10-25','2020-10-24 21:48:01','2020-10-24 21:48:01'),(7,'App\\Models\\Lender',52,1,'email','cc@skfin.in','cchs@skfin.in','2020-10-31 14:24:00','2020-10-31 14:24:00'),(8,'App\\Models\\Lender',52,1,'password','$2y$10$p21Y4gNJb3aQm3khFBEwTOvV50A1cnX6HJeS47qJXncmgM/duk1fu','$2y$10$Yd5t8qlmHGGENGq4DuVyUewoP9hk4wLkq.HlUxxnTS3RVZ5FpppxW','2020-10-31 14:24:00','2020-10-31 14:24:00'),(9,'App\\Models\\Lender',52,1,'password','$2y$10$Yd5t8qlmHGGENGq4DuVyUewoP9hk4wLkq.HlUxxnTS3RVZ5FpppxW','$2y$10$r94NodBzfkPftLuNQurJ1ehlCG9Kf7P15qF1jm5PkVhhkhwebQ7VW','2020-10-31 14:24:52','2020-10-31 14:24:52'),(10,'App\\Models\\Lender',52,1,'password','$2y$10$r94NodBzfkPftLuNQurJ1ehlCG9Kf7P15qF1jm5PkVhhkhwebQ7VW','$2y$10$bhjD89uWPPsEmsKNoC.iKOD.TVbYVK1uttsa.TNNKBJ9wsBM86Mz6','2020-11-02 13:42:46','2020-11-02 13:42:46'),(11,'App\\Models\\Lender',52,1,'password','$2y$10$bhjD89uWPPsEmsKNoC.iKOD.TVbYVK1uttsa.TNNKBJ9wsBM86Mz6','$2y$10$Iq8fi5fc5XD/8zTZLPSpCOiD4DIXiGKxB37sn5sJcVAOwIQLeFyra','2020-11-02 13:49:09','2020-11-02 13:49:09'),(12,'App\\Models\\Lender',52,1,'password','$2y$10$Iq8fi5fc5XD/8zTZLPSpCOiD4DIXiGKxB37sn5sJcVAOwIQLeFyra','123456','2020-11-02 13:50:12','2020-11-02 13:50:12'),(13,'App\\Models\\Lender',52,1,'password','123456','12345678','2020-11-02 14:20:39','2020-11-02 14:20:39'),(14,'App\\Models\\Lender',1,1,'password','$2y$10$p21Y4gNJb3aQm3khFBEwTOvV50A1cnX6HJeS47qJXncmgM/duk1fu','akcapital','2020-11-04 18:30:13','2020-11-04 18:30:13'),(15,'App\\Models\\Document',6,1,'document_date',NULL,'2020','2020-11-09 11:29:35','2020-11-09 11:29:35'),(16,'App\\Models\\Document',6,1,'expiry_date',NULL,'2020-11-09','2020-11-09 11:29:35','2020-11-09 11:29:35'),(17,'App\\Models\\Document',8,1,'document_date',NULL,'2020','2020-11-09 15:22:44','2020-11-09 15:22:44'),(18,'App\\Models\\Document',8,1,'expiry_date',NULL,'2020-11-09','2020-11-09 15:22:44','2020-11-09 15:22:44'),(19,'App\\Models\\Lender',1,1,'is_message_md',NULL,'1','2020-11-24 12:43:18','2020-11-24 12:43:18'),(20,'App\\Models\\Lender',1,1,'is_document',NULL,'1','2020-11-24 12:43:18','2020-11-24 12:43:18'),(21,'App\\Models\\Lender',1,1,'is_financial_summary',NULL,'0','2020-11-24 12:43:18','2020-11-24 12:43:18'),(22,'App\\Models\\Lender',1,1,'is_newsletter',NULL,'0','2020-11-24 12:43:18','2020-11-24 12:43:18'),(23,'App\\Models\\Lender',1,1,'is_contact_us',NULL,'0','2020-11-24 12:43:18','2020-11-24 12:43:18'),(24,'App\\Models\\Lender',1,1,'is_contact_us','0','1','2020-11-24 12:47:53','2020-11-24 12:47:53'),(25,'App\\Models\\Lender',1,1,'is_financial_summary','0','1','2020-11-24 12:58:52','2020-11-24 12:58:52'),(26,'App\\Models\\Lender',1,1,'is_newsletter','0','1','2020-11-24 12:58:52','2020-11-24 12:58:52'),(27,'App\\Models\\Lender',1,1,'is_contact_us','1','0','2020-11-24 12:58:52','2020-11-24 12:58:52'),(28,'App\\Models\\Lender',1,1,'is_contact_us','0','1','2020-11-24 12:59:05','2020-11-24 12:59:05'),(29,'App\\Models\\Document',9,1,'expiry_date','2020-11-28','2020-11-25','2020-11-28 16:34:32','2020-11-28 16:34:32'),(30,'App\\Models\\Document',9,1,'document_status','1','0','2020-11-28 16:34:32','2020-11-28 16:34:32'),(31,'App\\Models\\Document',9,1,'document_status','1','0','2020-11-28 17:10:16','2020-11-28 17:10:16'),(32,'App\\Models\\Document',9,1,'expiry_date','2020-11-25','2020-11-09','2020-11-28 17:12:30','2020-11-28 17:12:30'),(33,'App\\Models\\Document',9,1,'document_status','1','0','2020-11-28 17:12:30','2020-11-28 17:12:30'),(34,'App\\Models\\Document',11,1,'document_filename','uploads/logo/logo.png','uploads/logo/logo1.png','2020-11-28 17:38:27','2020-11-28 17:38:27'),(35,'App\\Models\\Document',11,1,'document_status','1','0','2020-11-28 17:38:27','2020-11-28 17:38:27'),(36,'App\\Models\\Document',11,1,'document_filename','uploads/logo/logo1.png','uploads/logo/logo.png','2020-11-28 17:45:39','2020-11-28 17:45:39'),(37,'App\\Models\\Document',11,1,'document_filename','uploads/logo/logo.png','uploads/documents/Brief Introduction about company.pdf','2020-11-30 11:00:51','2020-11-30 11:00:51'),(38,'App\\Models\\Document',11,1,'document_heading',NULL,'Brief Introduction about company','2020-11-30 11:01:27','2020-11-30 11:01:27'),(39,'App\\Models\\Document',11,1,'document_name','Test','Brief Introduction about company','2020-11-30 11:01:27','2020-11-30 11:01:27'),(40,'App\\Models\\Document',11,1,'document_heading','Brief Introduction about company','Brief introduction about company','2020-11-30 11:02:52','2020-11-30 11:02:52'),(41,'App\\Models\\Document',11,1,'document_name','Brief Introduction about company','Brief introduction about company','2020-11-30 11:02:52','2020-11-30 11:02:52'),(42,'App\\Models\\Document',11,1,'document_status','1','0','2020-11-30 11:02:52','2020-11-30 11:02:52'),(43,'App\\Models\\Document',12,1,'document_heading',NULL,'Financial Statement','2020-11-30 11:13:48','2020-11-30 11:13:48'),(44,'App\\Models\\Document',12,1,'document_status','1','0','2020-11-30 11:13:48','2020-11-30 11:13:48'),(45,'App\\Models\\LenderBanking',726,1,'sanction_amount','89.90','0.00','2020-11-30 13:00:08','2020-11-30 13:00:08'),(46,'App\\Models\\LenderBanking',726,1,'outstanding_amount','50.50','0.00','2020-11-30 13:00:08','2020-11-30 13:00:08'),(47,'App\\Models\\LenderBanking',725,1,'sanction_amount','3.94','0.00','2020-11-30 13:00:26','2020-11-30 13:00:26'),(48,'App\\Models\\LenderBanking',725,1,'outstanding_amount','3.90','0.00','2020-11-30 13:00:26','2020-11-30 13:00:26'),(49,'App\\Models\\LenderBanking',723,1,'sanction_amount','0.67','10.00','2020-11-30 13:00:59','2020-11-30 13:00:59'),(50,'App\\Models\\LenderBanking',723,1,'outstanding_amount','0.67','10.00','2020-11-30 13:00:59','2020-11-30 13:00:59'),(51,'App\\Models\\LenderBanking',721,1,'sanction_amount','4.57','0.00','2020-11-30 13:01:55','2020-11-30 13:01:55'),(52,'App\\Models\\LenderBanking',721,1,'outstanding_amount','4.55','0.00','2020-11-30 13:01:55','2020-11-30 13:01:55'),(53,'App\\Models\\LenderBanking',719,1,'sanction_amount','2.67','0.00','2020-11-30 13:02:15','2020-11-30 13:02:15'),(54,'App\\Models\\LenderBanking',719,1,'outstanding_amount','2.50','0.00','2020-11-30 13:02:15','2020-11-30 13:02:15'),(55,'App\\Models\\Document',2,1,'document_category_id','2','17','2020-11-30 13:49:59','2020-11-30 13:49:59'),(56,'App\\Models\\Document',2,1,'document_sub_category_id','11','22','2020-11-30 13:49:59','2020-11-30 13:49:59'),(57,'App\\Models\\Document',2,1,'document_guide',NULL,'Lorem ipsum dolor sit amet, consectetur','2020-11-30 13:49:59','2020-11-30 13:49:59'),(58,'App\\Models\\Document',2,1,'document_status','1','0','2020-11-30 13:49:59','2020-11-30 13:49:59'),(59,'App\\Models\\Document',16,1,'document_heading','Shareholding Pattern with Profile of Investors','Shareholding Pattern with Profile of Investors - Hi this is the test <br> Hi this is the test','2020-12-03 16:34:25','2020-12-03 16:34:25'),(60,'App\\Models\\Document',16,1,'document_date','2020','2018','2020-12-03 16:34:25','2020-12-03 16:34:25'),(61,'App\\Models\\Document',16,1,'document_status','1','0','2020-12-03 16:34:25','2020-12-03 16:34:25'),(62,'App\\Models\\Document',16,1,'document_heading','Shareholding Pattern with Profile of Investors - Hi this is the test <br> Hi this is the test','Shareholding Pattern with Profile of Investors','2020-12-03 16:36:51','2020-12-03 16:36:51'),(63,'App\\Models\\Document',16,1,'document_heading','Shareholding Pattern with Profile of Investors','Shareholding Pattern with Profile of Investors - uguygyugyugyuyguyg','2020-12-03 16:48:57','2020-12-03 16:48:57'),(64,'App\\Models\\Document',16,1,'document_status','1','0','2020-12-03 16:48:57','2020-12-03 16:48:57'),(65,'App\\Models\\Document',16,1,'document_status','1','0','2020-12-03 17:39:37','2020-12-03 17:39:37'),(66,'App\\Models\\Document',16,1,'document_heading','Shareholding Pattern with Profile of Investors - uguygyugyugyuyguyg','Shareholding Pattern with Profile of Investors','2020-12-03 17:46:21','2020-12-03 17:46:21'),(67,'App\\Models\\Document',16,1,'document_status','1','0','2020-12-03 17:46:21','2020-12-03 17:46:21'),(68,'App\\Models\\Document',17,1,'document_status','1','0','2020-12-03 17:47:22','2020-12-03 17:47:22'),(69,'App\\Models\\Document',16,1,'document_heading','Shareholding Pattern with Profile of Investors','Shareholding Pattern with Profile of Investors1','2020-12-04 16:22:54','2020-12-04 16:22:54'),(70,'App\\Models\\Document',16,1,'document_name','Shareholding Pattern with Profile of Investors','Shareholding Pattern with Profile of Investors1','2020-12-04 16:22:54','2020-12-04 16:22:54'),(71,'App\\Models\\Document',16,1,'document_status','1','0','2020-12-04 16:22:54','2020-12-04 16:22:54'),(72,'App\\Models\\Document',16,1,'document_heading','Shareholding Pattern with Profile of Investors1','Shareholding Pattern with Profile of Investors','2020-12-04 16:24:00','2020-12-04 16:24:00'),(73,'App\\Models\\Document',16,1,'document_name','Shareholding Pattern with Profile of Investors1','Shareholding Pattern with Profile of Investors','2020-12-04 16:24:00','2020-12-04 16:24:00'),(74,'App\\Models\\Document',16,1,'document_status','1','0','2020-12-04 16:24:00','2020-12-04 16:24:00'),(75,'App\\Models\\LenderBanking',726,1,'sanction_amount','0.00','1.00','2020-12-04 16:27:48','2020-12-04 16:27:48'),(76,'App\\Models\\LenderBanking',726,1,'outstanding_amount','0.00','1','2020-12-04 16:27:48','2020-12-04 16:27:48'),(77,'App\\Models\\LenderBanking',726,1,'lender_banking_status','1','0','2020-12-04 16:27:48','2020-12-04 16:27:48'),(78,'App\\Models\\LenderBanking',726,1,'sanction_amount','1.00','2.00','2020-12-04 16:28:54','2020-12-04 16:28:54'),(79,'App\\Models\\LenderBanking',726,1,'outstanding_amount','1.00','2','2020-12-04 16:28:54','2020-12-04 16:28:54'),(80,'App\\Models\\LenderBanking',726,1,'lender_banking_status','1','0','2020-12-04 16:28:54','2020-12-04 16:28:54'),(81,'App\\Models\\LenderBanking',725,1,'sanction_amount','0.00','2.00','2020-12-04 16:48:33','2020-12-04 16:48:33'),(82,'App\\Models\\LenderBanking',725,1,'outstanding_amount','0.00','02.00','2020-12-04 16:48:33','2020-12-04 16:48:33'),(83,'App\\Models\\LenderBanking',725,1,'lender_banking_status','1','0','2020-12-04 16:48:33','2020-12-04 16:48:33'),(84,'App\\Models\\LenderBanking',726,1,'lender_banking_status','1','0','2020-12-04 16:49:26','2020-12-04 16:49:26'),(85,'App\\Models\\LenderBanking',726,1,'sanction_amount','2.00','0.00','2020-12-07 15:00:46','2020-12-07 15:00:46'),(86,'App\\Models\\LenderBanking',726,1,'outstanding_amount','2.00','0.00','2020-12-07 15:00:46','2020-12-07 15:00:46'),(87,'App\\Models\\LenderBanking',726,1,'lender_banking_status','1','0','2020-12-07 15:00:46','2020-12-07 15:00:46'),(88,'App\\Models\\LenderBanking',726,55,'outstanding_amount','0.00','2.00','2020-12-07 15:02:52','2020-12-07 15:02:52'),(89,'App\\Models\\LenderBanking',726,55,'outstanding_amount','2.00','0.00','2020-12-07 15:03:06','2020-12-07 15:03:06'),(90,'App\\Models\\Document',28,1,'document_heading',NULL,'Director list with DIN','2020-12-07 15:07:38','2020-12-07 15:07:38'),(91,'App\\Models\\Document',28,1,'document_guide',NULL,'Director list with DIN','2020-12-07 15:07:38','2020-12-07 15:07:38'),(92,'App\\Models\\Document',28,1,'document_status','1','0','2020-12-07 15:07:38','2020-12-07 15:07:38'),(93,'App\\Models\\Lender',52,1,'password','12345678',NULL,'2020-12-07 15:09:36','2020-12-07 15:09:36'),(94,'App\\Models\\Lender',52,1,'is_message_md',NULL,'0','2020-12-07 15:09:36','2020-12-07 15:09:36'),(95,'App\\Models\\Lender',52,1,'is_document',NULL,'1','2020-12-07 15:09:36','2020-12-07 15:09:36'),(96,'App\\Models\\Lender',52,1,'is_financial_summary',NULL,'0','2020-12-07 15:09:36','2020-12-07 15:09:36'),(97,'App\\Models\\Lender',52,1,'is_newsletter',NULL,'0','2020-12-07 15:09:36','2020-12-07 15:09:36'),(98,'App\\Models\\Lender',52,1,'is_contact_us',NULL,'0','2020-12-07 15:09:36','2020-12-07 15:09:36'),(99,'App\\Models\\Document',27,1,'document_guide',NULL,'Director list with DIN','2020-12-07 15:13:09','2020-12-07 15:13:09'),(100,'App\\Models\\Document',27,1,'document_status','1','0','2020-12-07 15:13:09','2020-12-07 15:13:09'),(101,'App\\Models\\LenderBanking',746,1,'sanction_amount','0.00','2','2020-12-07 15:18:53','2020-12-07 15:18:53'),(102,'App\\Models\\LenderBanking',746,1,'outstanding_amount','0.00','02.00','2020-12-07 15:18:53','2020-12-07 15:18:53'),(103,'App\\Models\\LenderBanking',726,1,'lender_banking_status','0','1','2020-12-07 15:43:53','2020-12-07 15:43:53'),(104,'App\\Models\\LenderBanking',746,1,'sanction_amount','2.00','3.00','2020-12-07 16:11:22','2020-12-07 16:11:22'),(105,'App\\Models\\LenderBanking',746,1,'outstanding_amount','2.00','3.00','2020-12-07 16:11:22','2020-12-07 16:11:22'),(106,'App\\Models\\LenderBanking',746,1,'lender_banking_status','1','0','2020-12-07 16:11:22','2020-12-07 16:11:22'),(107,'App\\Models\\Lender',1,1,'is_message_md','1','0','2020-12-08 09:55:51','2020-12-08 09:55:51'),(108,'App\\Models\\Lender',1,1,'is_financial_summary','1','0','2020-12-08 09:55:51','2020-12-08 09:55:51'),(109,'App\\Models\\Lender',1,1,'is_newsletter','1','0','2020-12-08 09:55:51','2020-12-08 09:55:51'),(110,'App\\Models\\Document',29,1,'document_status','1','0','2020-12-09 13:22:58','2020-12-09 13:22:58'),(111,'App\\Models\\Document',30,1,'document_status','1','0','2020-12-09 13:32:17','2020-12-09 13:32:17'),(112,'App\\Models\\Document',30,1,'document_status','1','0','2020-12-09 13:32:58','2020-12-09 13:32:58'),(113,'App\\Models\\Lender',28,1,'email','cc@skfin.in','kotak@skfin.in','2020-12-09 14:52:35','2020-12-09 14:52:35'),(114,'App\\Models\\Lender',28,1,'password','$2y$10$p21Y4gNJb3aQm3khFBEwTOvV50A1cnX6HJeS47qJXncmgM/duk1fu','12345678','2020-12-09 14:52:35','2020-12-09 14:52:35'),(115,'App\\Models\\Lender',28,1,'is_message_md',NULL,'0','2020-12-09 14:52:35','2020-12-09 14:52:35'),(116,'App\\Models\\Lender',28,1,'is_document',NULL,'0','2020-12-09 14:52:35','2020-12-09 14:52:35'),(117,'App\\Models\\Lender',28,1,'is_financial_summary',NULL,'0','2020-12-09 14:52:35','2020-12-09 14:52:35'),(118,'App\\Models\\Lender',28,1,'is_newsletter',NULL,'0','2020-12-09 14:52:35','2020-12-09 14:52:35'),(119,'App\\Models\\Lender',28,1,'is_contact_us',NULL,'0','2020-12-09 14:52:35','2020-12-09 14:52:35'),(120,'App\\Models\\Lender',28,1,'password','12345678',NULL,'2020-12-09 14:55:55','2020-12-09 14:55:55'),(121,'App\\Models\\Lender',28,1,'is_message_md','0','1','2020-12-09 14:55:55','2020-12-09 14:55:55'),(122,'App\\Models\\Lender',28,1,'is_document','0','1','2020-12-09 14:55:55','2020-12-09 14:55:55'),(123,'App\\Models\\Lender',28,1,'is_newsletter','0','1','2020-12-09 14:55:55','2020-12-09 14:55:55'),(124,'App\\Models\\Lender',28,1,'is_contact_us','0','1','2020-12-09 14:55:55','2020-12-09 14:55:55'),(125,'App\\Models\\Document',30,1,'document_heading','Projections','Projections for September','2020-12-09 15:31:06','2020-12-09 15:31:06'),(126,'App\\Models\\Document',30,1,'document_status','1','0','2020-12-09 15:31:06','2020-12-09 15:31:06'),(127,'App\\Models\\Document',30,1,'document_status','1','0','2020-12-09 17:55:30','2020-12-09 17:55:30'),(128,'App\\Models\\Document',29,1,'document_status','1','0','2020-12-09 17:56:00','2020-12-09 17:56:00'),(129,'App\\Models\\Document',28,1,'document_status','1','0','2020-12-09 17:56:24','2020-12-09 17:56:24'),(130,'App\\Models\\Document',23,1,'document_status','1','0','2020-12-09 17:57:21','2020-12-09 17:57:21'),(131,'App\\Models\\Document',22,1,'document_status','1','0','2020-12-09 17:57:57','2020-12-09 17:57:57'),(132,'App\\Models\\Document',21,1,'document_status','1','0','2020-12-09 17:58:26','2020-12-09 17:58:26'),(133,'App\\Models\\Document',20,1,'document_status','1','0','2020-12-09 17:58:50','2020-12-09 17:58:50'),(134,'App\\Models\\Document',19,1,'document_status','1','0','2020-12-09 17:59:10','2020-12-09 17:59:10'),(135,'App\\Models\\Document',18,1,'document_status','1','0','2020-12-09 17:59:36','2020-12-09 17:59:36'),(136,'App\\Models\\Document',16,1,'document_status','1','0','2020-12-09 18:01:44','2020-12-09 18:01:44'),(137,'App\\Models\\Lender',28,1,'is_financial_summary','0','1','2020-12-09 18:07:14','2020-12-09 18:07:14'),(138,'App\\Models\\Document',13,1,'document_status','1','0','2020-12-09 22:14:05','2020-12-09 22:14:05'),(139,'App\\Models\\Document',16,1,'document_status','1','0','2020-12-09 22:18:55','2020-12-09 22:18:55'),(140,'App\\Models\\Document',28,1,'document_status','1','0','2020-12-12 10:29:05','2020-12-12 10:29:05'),(141,'App\\Models\\Document',28,55,'document_status','0','1','2020-12-12 10:47:03','2020-12-12 10:47:03'),(142,'App\\Models\\Lender',52,1,'is_banking_arrangement','0','1','2020-12-12 12:35:34','2020-12-12 12:35:34'),(143,'App\\Models\\Document',30,1,'document_status','1','0','2020-12-12 13:29:47','2020-12-12 13:29:47'),(144,'App\\Models\\Document',30,1,'document_status','1','0','2020-12-12 13:33:51','2020-12-12 13:33:51'),(145,'App\\Models\\Document',28,1,'document_filename','uploads/documents/March 2019.pdf','uploads/documents/Brief Introduction about company.pdf','2020-12-12 13:45:57','2020-12-12 13:45:57'),(146,'App\\Models\\Document',28,1,'document_status','1','0','2020-12-12 13:45:57','2020-12-12 13:45:57'),(147,'App\\Models\\Document',28,1,'document_filename','uploads/documents/Brief Introduction about company.pdf','uploads/documents/March 2019.pdf','2020-12-12 13:46:49','2020-12-12 13:46:49'),(148,'App\\Models\\Lender',52,1,'is_message_md','0','1','2020-12-14 12:50:07','2020-12-14 12:50:07'),(149,'App\\Models\\Lender',52,1,'is_message_md','1','0','2020-12-14 12:51:43','2020-12-14 12:51:43'),(150,'App\\Models\\Lender',52,1,'is_document','1','0','2020-12-14 12:51:43','2020-12-14 12:51:43'),(151,'App\\Models\\Document',30,1,'document_guide',NULL,'Director list with DIN','2020-12-14 13:10:25','2020-12-14 13:10:25'),(152,'App\\Models\\Document',30,1,'document_status','1','0','2020-12-14 13:10:25','2020-12-14 13:10:25'),(153,'App\\Models\\Document',30,1,'document_status','1','0','2020-12-15 12:21:30','2020-12-15 12:21:30'),(154,'App\\Models\\Document',30,1,'document_date','2020','2019','2020-12-15 12:40:12','2020-12-15 12:40:12'),(155,'App\\Models\\Document',30,1,'document_status','1','0','2020-12-15 12:40:12','2020-12-15 12:40:12'),(156,'App\\Models\\Document',30,1,'document_status','1','0','2020-12-15 12:48:14','2020-12-15 12:48:14'),(157,'App\\Models\\Document',30,1,'document_status','1','0','2020-12-15 12:54:39','2020-12-15 12:54:39'),(158,'App\\Models\\Document',30,1,'document_status','1','0','2020-12-15 13:00:06','2020-12-15 13:00:06'),(159,'App\\Models\\Document',30,1,'document_date','2019','2020','2020-12-15 13:00:49','2020-12-15 13:00:49'),(160,'App\\Models\\Document',29,1,'document_date','2020','2019','2020-12-15 13:03:35','2020-12-15 13:03:35'),(161,'App\\Models\\Document',29,1,'document_status','1','0','2020-12-15 13:03:35','2020-12-15 13:03:35'),(162,'App\\Models\\Document',12,1,'document_date','2020','2018','2020-12-15 13:06:29','2020-12-15 13:06:29'),(163,'App\\Models\\Document',12,1,'document_status','1','0','2020-12-15 13:06:29','2020-12-15 13:06:29'),(164,'App\\Models\\Document',12,1,'document_date','2018','2020','2020-12-15 13:08:38','2020-12-15 13:08:38'),(165,'App\\Models\\Document',12,1,'document_status','1','0','2020-12-15 13:08:38','2020-12-15 13:08:38'),(166,'App\\Models\\Document',23,1,'document_date','2020','2019','2020-12-15 13:21:17','2020-12-15 13:21:17'),(167,'App\\Models\\Document',23,1,'document_status','1','0','2020-12-15 13:21:17','2020-12-15 13:21:17'),(168,'App\\Models\\Document',23,1,'document_date','2019','2020','2020-12-15 13:22:36','2020-12-15 13:22:36'),(169,'App\\Models\\Document',14,1,'document_date','2020','2019','2020-12-15 13:37:36','2020-12-15 13:37:36'),(170,'App\\Models\\Document',14,1,'expiry_date','2020-10-31','2020-10-30','2020-12-15 13:37:36','2020-12-15 13:37:36'),(171,'App\\Models\\Document',14,1,'document_status','1','0','2020-12-15 13:37:36','2020-12-15 13:37:36'),(172,'App\\Models\\Document',14,1,'document_date','2019','2020','2020-12-15 13:38:12','2020-12-15 13:38:12'),(173,'App\\Models\\Document',6,1,'document_date','2020','2019','2020-12-15 13:39:20','2020-12-15 13:39:20'),(174,'App\\Models\\Document',6,1,'expiry_date','2020-11-09','2020-11-10','2020-12-15 13:39:20','2020-12-15 13:39:20'),(175,'App\\Models\\Document',6,1,'document_status','1','0','2020-12-15 13:39:20','2020-12-15 13:39:20'),(176,'App\\Models\\Document',6,1,'expiry_date','2020-11-10','2020-11-09','2020-12-15 13:40:17','2020-12-15 13:40:17'),(177,'App\\Models\\Document',24,1,'document_date','2015','2020','2020-12-15 13:43:31','2020-12-15 13:43:31'),(178,'App\\Models\\Document',24,1,'document_status','1','0','2020-12-15 13:43:31','2020-12-15 13:43:31'),(179,'App\\Models\\Document',24,1,'document_date','2020','2015','2020-12-15 13:43:50','2020-12-15 13:43:50'),(180,'App\\Models\\Document',6,1,'document_date','2019','2020','2020-12-15 13:45:50','2020-12-15 13:45:50'),(181,'App\\Models\\Document',6,1,'document_status','1','0','2020-12-15 13:45:50','2020-12-15 13:45:50'),(182,'App\\Models\\Lender',1,1,'is_banking_arrangement','0','1','2020-12-15 13:49:05','2020-12-15 13:49:05'),(183,'App\\Models\\Lender',1,1,'is_message_md','0','1','2020-12-15 13:49:05','2020-12-15 13:49:05'),(184,'App\\Models\\Lender',1,1,'is_financial_summary','0','1','2020-12-15 13:49:05','2020-12-15 13:49:05'),(185,'App\\Models\\Lender',1,1,'is_newsletter','0','1','2020-12-15 13:49:05','2020-12-15 13:49:05'),(186,'App\\Models\\Lender',1,1,'is_banking_arrangement','1','0','2020-12-15 13:49:51','2020-12-15 13:49:51'),(187,'App\\Models\\Lender',1,1,'is_message_md','1','0','2020-12-15 13:49:51','2020-12-15 13:49:51'),(188,'App\\Models\\Lender',1,1,'is_financial_summary','1','0','2020-12-15 13:49:51','2020-12-15 13:49:51'),(189,'App\\Models\\Lender',1,1,'is_message_md','0','1','2020-12-15 13:50:32','2020-12-15 13:50:32'),(190,'App\\Models\\Lender',1,1,'is_newsletter','1','0','2020-12-15 13:50:32','2020-12-15 13:50:32'),(191,'App\\Models\\Lender',1,1,'is_banking_arrangement','0','1','2020-12-15 13:51:06','2020-12-15 13:51:06'),(192,'App\\Models\\Lender',1,1,'is_financial_summary','0','1','2020-12-15 13:51:06','2020-12-15 13:51:06'),(193,'App\\Models\\Lender',1,1,'is_newsletter','0','1','2020-12-15 13:51:06','2020-12-15 13:51:06'),(194,'App\\Models\\Lender',1,1,'is_banking_arrangement','1','0','2020-12-15 13:52:02','2020-12-15 13:52:02'),(195,'App\\Models\\Lender',1,1,'is_message_md','1','0','2020-12-15 13:52:02','2020-12-15 13:52:02'),(196,'App\\Models\\Lender',1,1,'is_financial_summary','1','0','2020-12-15 13:52:02','2020-12-15 13:52:02'),(197,'App\\Models\\Lender',1,1,'is_newsletter','1','0','2020-12-15 13:52:02','2020-12-15 13:52:02'),(198,'App\\Models\\Lender',1,1,'is_banking_arrangement','0','1','2020-12-15 13:56:51','2020-12-15 13:56:51'),(199,'App\\Models\\Lender',1,1,'is_message_md','0','1','2020-12-15 13:56:51','2020-12-15 13:56:51'),(200,'App\\Models\\Lender',1,1,'is_financial_summary','0','1','2020-12-15 13:56:51','2020-12-15 13:56:51'),(201,'App\\Models\\Lender',1,1,'is_newsletter','0','1','2020-12-15 13:56:51','2020-12-15 13:56:51'),(202,'App\\Models\\Document',6,1,'document_date','2020','2019','2020-12-15 14:01:56','2020-12-15 14:01:56'),(203,'App\\Models\\Lender',1,1,'is_banking_arrangement','1','0','2020-12-15 14:05:00','2020-12-15 14:05:00'),(204,'App\\Models\\Lender',1,1,'is_message_md','1','0','2020-12-15 14:05:00','2020-12-15 14:05:00'),(205,'App\\Models\\Lender',1,1,'is_financial_summary','1','0','2020-12-15 14:05:00','2020-12-15 14:05:00'),(206,'App\\Models\\Lender',1,1,'is_newsletter','1','0','2020-12-15 14:05:00','2020-12-15 14:05:00'),(207,'App\\Models\\Document',7,1,'document_date','2020','2019','2020-12-15 14:05:30','2020-12-15 14:05:30'),(208,'App\\Models\\Document',7,1,'document_status','1','0','2020-12-15 14:05:30','2020-12-15 14:05:30'),(209,'App\\Models\\Document',7,1,'document_date','2019','2020','2020-12-15 14:05:41','2020-12-15 14:05:41'),(210,'App\\Models\\Document',7,1,'document_date','2020','2018','2020-12-15 14:26:19','2020-12-15 14:26:19'),(211,'App\\Models\\Document',7,1,'document_status','1','0','2020-12-15 14:26:19','2020-12-15 14:26:19'),(212,'App\\Models\\Document',7,1,'document_date','2018','2020','2020-12-15 14:27:08','2020-12-15 14:27:08'),(213,'App\\Models\\Document',8,1,'document_date','2020','2019','2020-12-15 14:28:22','2020-12-15 14:28:22'),(214,'App\\Models\\Document',8,1,'document_status','1','0','2020-12-15 14:28:22','2020-12-15 14:28:22'),(215,'App\\Models\\Document',8,1,'document_date','2019','2020','2020-12-15 14:32:25','2020-12-15 14:32:25'),(216,'App\\Models\\Document',8,1,'document_date','2020','2019','2020-12-15 14:34:58','2020-12-15 14:34:58'),(217,'App\\Models\\Document',8,1,'document_status','1','0','2020-12-15 14:34:58','2020-12-15 14:34:58'),(218,'App\\Models\\Document',19,1,'document_date','2020','2019','2020-12-15 14:42:53','2020-12-15 14:42:53'),(219,'App\\Models\\Document',19,1,'document_status','1','0','2020-12-15 14:42:53','2020-12-15 14:42:53'),(220,'App\\Models\\Document',31,1,'document_sub_category_id','28','44','2020-12-16 12:42:24','2020-12-16 12:42:24'),(221,'App\\Models\\Document',31,1,'document_status','1','0','2020-12-16 12:42:24','2020-12-16 12:42:24'),(222,'App\\Models\\Document',30,1,'document_category_id','31','0','2020-12-16 12:44:33','2020-12-16 12:44:33'),(223,'App\\Models\\Document',30,1,'expiry_date','2020-09-01','2020-09-02','2020-12-16 12:44:33','2020-12-16 12:44:33'),(224,'App\\Models\\Document',30,1,'document_status','1','0','2020-12-16 12:44:33','2020-12-16 12:44:33'),(225,'App\\Models\\Document',30,1,'expiry_date','2020-09-02','2020-09-01','2020-12-16 12:45:21','2020-12-16 12:45:21'),(226,'App\\Models\\Document',30,1,'document_status','1','0','2020-12-16 12:45:21','2020-12-16 12:45:21'),(227,'App\\Models\\Document',30,1,'document_guide','Director list with DIN',NULL,'2020-12-16 12:46:17','2020-12-16 12:46:17'),(228,'App\\Models\\Document',30,1,'document_status','1','0','2020-12-16 12:46:17','2020-12-16 12:46:17'),(229,'App\\Models\\Document',29,1,'document_category_id','28','0','2020-12-16 12:46:38','2020-12-16 12:46:38'),(230,'App\\Models\\Document',29,1,'document_status','1','0','2020-12-16 12:46:38','2020-12-16 12:46:38'),(231,'App\\Models\\Document',30,1,'document_category_id','0','43','2020-12-16 12:47:32','2020-12-16 12:47:32'),(232,'App\\Models\\Document',30,1,'document_sub_category_id',NULL,'44','2020-12-16 12:47:32','2020-12-16 12:47:32'),(233,'App\\Models\\Document',30,1,'document_status','1','0','2020-12-16 12:47:32','2020-12-16 12:47:32'),(234,'App\\Models\\Document',30,1,'expiry_date','2020-09-01','2020-12-16','2020-12-16 12:49:12','2020-12-16 12:49:12'),(235,'App\\Models\\Document',30,1,'document_status','1','0','2020-12-16 12:49:12','2020-12-16 12:49:12'),(236,'App\\Models\\Document',30,1,'document_category_id','43','0','2020-12-16 12:49:58','2020-12-16 12:49:58'),(237,'App\\Models\\Document',30,1,'document_sub_category_id','44',NULL,'2020-12-16 12:49:58','2020-12-16 12:49:58'),(238,'App\\Models\\Document',30,1,'document_status','1','0','2020-12-16 12:49:58','2020-12-16 12:49:58'),(239,'App\\Models\\Document',30,1,'document_category_id','0','43','2020-12-16 12:51:22','2020-12-16 12:51:22'),(240,'App\\Models\\Document',30,1,'document_sub_category_id',NULL,'31','2020-12-16 12:51:22','2020-12-16 12:51:22'),(241,'App\\Models\\Document',30,1,'document_status','1','0','2020-12-16 12:51:22','2020-12-16 12:51:22'),(242,'App\\Models\\Document',29,1,'document_category_id','0','43','2020-12-16 12:52:08','2020-12-16 12:52:08'),(243,'App\\Models\\Document',29,1,'document_sub_category_id',NULL,'28','2020-12-16 12:52:08','2020-12-16 12:52:08'),(244,'App\\Models\\Document',29,1,'expiry_date','2020-09-01','2020-12-16','2020-12-16 12:52:08','2020-12-16 12:52:08'),(245,'App\\Models\\Document',29,1,'document_status','1','0','2020-12-16 12:52:08','2020-12-16 12:52:08'),(246,'App\\Models\\Document',30,1,'document_guide',NULL,'Director list with DIN','2020-12-16 12:56:00','2020-12-16 12:56:00'),(247,'App\\Models\\Document',30,1,'document_status','1','0','2020-12-16 12:56:00','2020-12-16 12:56:00'),(248,'App\\Models\\Document',29,1,'document_status','1','0','2020-12-16 12:57:16','2020-12-16 12:57:16'),(249,'App\\Models\\Document',30,1,'document_guide','Director list with DIN',NULL,'2020-12-16 12:59:32','2020-12-16 12:59:32'),(250,'App\\Models\\Document',30,1,'document_status','1','0','2020-12-16 12:59:32','2020-12-16 12:59:32'),(251,'App\\Models\\Document',32,1,'document_sub_category_id',NULL,'44','2020-12-16 13:02:42','2020-12-16 13:02:42'),(252,'App\\Models\\Document',32,1,'document_status','1','0','2020-12-16 13:02:42','2020-12-16 13:02:42'),(253,'App\\Models\\Document',32,1,'document_status','1','0','2020-12-16 13:03:55','2020-12-16 13:03:55'),(254,'App\\Models\\Document',32,1,'document_status','1','0','2020-12-16 13:04:48','2020-12-16 13:04:48'),(255,'App\\Models\\Lender',53,1,'user_id','58',NULL,'2020-12-21 14:59:57','2020-12-21 14:59:57'),(256,'App\\Models\\Lender',53,1,'phone','9549198673',NULL,'2020-12-21 14:59:57','2020-12-21 14:59:57'),(257,'App\\Models\\Lender',53,1,'password','$2y$10$vGJJGythxP6IVR4UYYkjF.YVENzzgUvYfLhW5I009E5pk6ibgPaVu','Micro@123','2020-12-21 14:59:57','2020-12-21 14:59:57'),(258,'App\\Models\\Lender',53,1,'phone',NULL,'9549198673','2020-12-21 15:01:07','2020-12-21 15:01:07'),(259,'App\\Models\\Lender',1,1,'phone','9999999999','9462045321','2020-12-28 17:28:56','2020-12-28 17:28:56'),(260,'App\\Models\\Lender',1,1,'phone','9462045321','9887501240','2020-12-28 17:29:24','2020-12-28 17:29:24'),(261,'App\\Models\\Lender',53,1,'name','Micro','Micro Prixs','2020-12-28 18:39:13','2020-12-28 18:39:13'),(262,'App\\Models\\Lender',53,1,'password','Micro@123','123456','2020-12-28 18:39:13','2020-12-28 18:39:13'),(263,'App\\Models\\LenderBanking',296,1,'sanction_amount','0.00','7','2021-01-16 16:46:43','2021-01-16 16:46:43'),(264,'App\\Models\\LenderBanking',296,1,'outstanding_amount','0.00','3','2021-01-16 16:46:43','2021-01-16 16:46:43'),(265,'App\\Models\\LenderBanking',296,1,'lender_banking_status','1','0','2021-01-16 16:46:43','2021-01-16 16:46:43'),(266,'App\\Models\\LenderBanking',293,1,'sanction_amount','0.00','4','2021-01-16 16:47:07','2021-01-16 16:47:07'),(267,'App\\Models\\LenderBanking',293,1,'outstanding_amount','0.00','6','2021-01-16 16:47:07','2021-01-16 16:47:07'),(268,'App\\Models\\LenderBanking',293,1,'lender_banking_status','1','0','2021-01-16 16:47:07','2021-01-16 16:47:07'),(269,'App\\Models\\LenderBanking',292,1,'sanction_amount','0.00','3','2021-01-16 16:47:21','2021-01-16 16:47:21'),(270,'App\\Models\\LenderBanking',292,1,'outstanding_amount','0.00','2','2021-01-16 16:47:21','2021-01-16 16:47:21'),(271,'App\\Models\\LenderBanking',292,1,'lender_banking_status','1','0','2021-01-16 16:47:21','2021-01-16 16:47:21'),(272,'App\\Models\\Lender',28,1,'is_banking_arrangement','0','1','2021-01-16 17:16:40','2021-01-16 17:16:40'),(273,'App\\Models\\Lender',1,1,'password',NULL,'12345678','2021-01-16 17:18:13','2021-01-16 17:18:13'),(274,'App\\Models\\LenderBanking',616,1,'sanction_amount','10.00','50.00','2021-02-11 15:56:00','2021-02-11 15:56:00'),(275,'App\\Models\\LenderBanking',616,1,'lender_banking_status','1','0','2021-02-11 15:56:00','2021-02-11 15:56:00'),(276,'App\\Models\\LenderBanking',615,1,'sanction_amount','2.00','200.00','2021-02-11 15:56:49','2021-02-11 15:56:49'),(277,'App\\Models\\LenderBanking',615,1,'lender_banking_status','1','0','2021-02-11 15:56:49','2021-02-11 15:56:49'),(278,'App\\Models\\Lender',1,1,'password','12345678',NULL,'2021-02-11 16:20:00','2021-02-11 16:20:00'),(279,'App\\Models\\LenderBanking',627,1,'sanction_amount','0.00','45.00','2021-02-19 12:35:56','2021-02-19 12:35:56'),(280,'App\\Models\\LenderBanking',627,1,'lender_banking_status','1','0','2021-02-19 12:35:56','2021-02-19 12:35:56'),(281,'App\\Models\\LenderBanking',627,1,'sanction_amount','45.00','0.00','2021-02-19 12:36:36','2021-02-19 12:36:36'),(282,'App\\Models\\LenderBanking',638,1,'sanction_amount','50.00','40.00','2021-02-24 11:05:54','2021-02-24 11:05:54'),(283,'App\\Models\\LenderBanking',638,1,'lender_banking_status','1','0','2021-02-24 11:05:54','2021-02-24 11:05:54'),(284,'App\\Models\\Document',33,1,'document_status','1','0','2021-02-24 11:09:00','2021-02-24 11:09:00'),(285,'App\\Models\\Document',33,1,'document_status','1','0','2021-02-25 19:51:14','2021-02-25 19:51:14'),(286,'App\\Models\\LenderBanking',638,1,'sanction_amount','40.00','41.00','2021-02-27 12:15:00','2021-02-27 12:15:00'),(287,'App\\Models\\LenderBanking',638,1,'lender_banking_status','1','0','2021-02-27 12:15:00','2021-02-27 12:15:00'),(288,'App\\Models\\LenderBanking',52,1,'lender_banking_sanction','0.00','10.00','2021-02-27 12:24:17','2021-02-27 12:24:17'),(289,'App\\Models\\LenderBanking',52,1,'lender_banking_sanction','0.00','10.00','2021-02-27 12:27:20','2021-02-27 12:27:20'),(290,'App\\Models\\LenderBanking',52,1,'lender_banking_sanction',NULL,'0','2021-02-27 12:36:23','2021-02-27 12:36:23'),(291,'App\\Models\\LenderBanking',52,1,'lender_banking_outstanding',NULL,'0','2021-02-27 12:36:23','2021-02-27 12:36:23'),(292,'App\\Models\\LenderBanking',52,1,'lender_banking_sanction',NULL,'0','2021-02-27 12:36:23','2021-02-27 12:36:23'),(293,'App\\Models\\LenderBanking',52,1,'lender_banking_outstanding',NULL,'0','2021-02-27 12:36:23','2021-02-27 12:36:23'),(294,'App\\Models\\LenderBanking',52,1,'lender_banking_sanction',NULL,'0','2021-02-27 12:36:23','2021-02-27 12:36:23'),(295,'App\\Models\\LenderBanking',52,1,'lender_banking_outstanding',NULL,'0','2021-02-27 12:36:23','2021-02-27 12:36:23'),(296,'App\\Models\\LenderBanking',52,1,'lender_banking_sanction',NULL,'0','2021-02-27 12:36:23','2021-02-27 12:36:23'),(297,'App\\Models\\LenderBanking',52,1,'lender_banking_outstanding',NULL,'0','2021-02-27 12:36:23','2021-02-27 12:36:23'),(298,'App\\Models\\LenderBanking',52,1,'lender_banking_sanction',NULL,'0','2021-02-27 12:36:23','2021-02-27 12:36:23'),(299,'App\\Models\\LenderBanking',52,1,'lender_banking_outstanding',NULL,'0','2021-02-27 12:36:23','2021-02-27 12:36:23'),(300,'App\\Models\\LenderBanking',52,1,'lender_banking_sanction',NULL,'0','2021-02-27 12:36:23','2021-02-27 12:36:23'),(301,'App\\Models\\LenderBanking',52,1,'lender_banking_outstanding',NULL,'0','2021-02-27 12:36:23','2021-02-27 12:36:23'),(302,'App\\Models\\LenderBanking',52,1,'lender_banking_sanction',NULL,'0','2021-02-27 12:36:23','2021-02-27 12:36:23'),(303,'App\\Models\\LenderBanking',52,1,'lender_banking_outstanding',NULL,'0','2021-02-27 12:36:23','2021-02-27 12:36:23'),(304,'App\\Models\\LenderBankingDetail',8,1,'lender_banking_date',NULL,'2021-02-28','2021-02-28 22:16:58','2021-02-28 22:16:58'),(305,'App\\Models\\LenderBankingDetail',8,1,'lender_banking_status','1','0','2021-02-28 22:16:58','2021-02-28 22:16:58'),(306,'App\\Models\\Lender',1,1,'is_insight',NULL,'1','2021-03-05 14:22:54','2021-03-05 14:22:54'),(307,'App\\Models\\Lender',1,1,'is_current_deal',NULL,'1','2021-03-05 14:22:54','2021-03-05 14:22:54'),(308,'App\\Models\\Trustee',1,1,'email','trustee1@gmail.com','trustee11@gmail.com','2021-03-06 05:29:29','2021-03-06 05:29:29'),(309,'App\\Models\\Trustee',1,1,'phone','9876543210','9876543211','2021-03-06 05:29:29','2021-03-06 05:29:29'),(310,'App\\Models\\Trustee',1,1,'password','$2y$10$irjvRsUZxCRK88PAtx91oegYIMzzrOlc5Oj284P76DdhUj8Ydmno2',NULL,'2021-03-06 05:29:29','2021-03-06 05:29:29'),(311,'App\\Models\\Trustee',1,1,'is_onboard','Approve','Yet to onboarded','2021-03-06 05:29:29','2021-03-06 05:29:29'),(312,'App\\Models\\Trustee',1,1,'is_onboard','','Yet to onboarded','2021-03-06 05:49:42','2021-03-06 05:49:42'),(313,'App\\Models\\Trustee',1,1,'password',NULL,'12345678','2021-03-06 05:54:21','2021-03-06 05:54:21'),(314,'App\\Models\\Trustee',1,1,'is_onboard','','Onboarded','2021-03-06 05:54:21','2021-03-06 05:54:21'),(315,'App\\Models\\NetWorthInfusion',1,1,'investors','<div style=\"margin-left:18px; text-indent:-.19in; text-align:left\"><span style=\"language:en-US\"><span style=\"unicode-bidi:embed\"><span style=\"word-break:normal\"><span style=\"punctuation-wrap:hanging\"><span style=\"font-size:11.0pt\"><span style=\"font-family:Arial\">&bull;</span></span><span style=\"font-size:11.0pt\"><span style=\"font-family:&quot;Lato Light&quot;\"><span style=\"color:#135352\"><span style=\"language:fr\">Norwest Venture Partners</span></span></span></span></span></span></span></span></div>\r\n\r\n<div style=\"margin-left:18px; text-indent:-.19in; text-align:left\"><span style=\"language:en-US\"><span style=\"unicode-bidi:embed\"><span style=\"word-break:normal\"><span style=\"punctuation-wrap:hanging\"><span style=\"font-size:11.0pt\"><span style=\"font-family:Arial\">&bull;</span></span><span style=\"font-size:11.0pt\"><span style=\"font-family:&quot;Lato Light&quot;\"><span style=\"color:#135352\"><span style=\"language:en-IN\">Karma Holdings</span></span></span></span></span></span></span></span></div>\r\n\r\n<div style=\"margin-left:18px; text-indent:-.19in; text-align:left\"><span style=\"language:en-US\"><span style=\"unicode-bidi:embed\"><span style=\"word-break:normal\"><span style=\"punctuation-wrap:hanging\"><span style=\"font-size:11.0pt\"><span style=\"font-family:Arial\">&bull;</span></span><span style=\"font-size:11.0pt\"><span style=\"font-family:&quot;Lato Light&quot;\"><span style=\"color:#135352\"><span style=\"language:en-US\">Barings</span></span></span></span></span></span></span></span></div>\r\n\r\n<div style=\"margin-left:18px; text-indent:-.19in; text-align:left\"><span style=\"language:en-US\"><span style=\"unicode-bidi:embed\"><span style=\"word-break:normal\"><span style=\"punctuation-wrap:hanging\"><span style=\"font-size:11.0pt\"><span style=\"font-family:Arial\">&bull;</span></span><span style=\"font-size:11.0pt\"><span style=\"font-family:&quot;Lato Light&quot;\"><span style=\"color:#135352\"><span style=\"language:en-IN\">Evolvence India </span></span></span></span></span></span></span></span></div>','<ul>\r\n	<li style=\"\">Norwest Venture Partners</li>\r\n	<li style=\"\">Karma Holdings</li>\r\n	<li style=\"\">Barings</li>\r\n	<li style=\"\">Evolvence India&nbsp;</li>\r\n</ul>','2021-03-10 03:46:52','2021-03-10 03:46:52'),(316,'App\\Models\\NetWorthInfusion',1,1,'net_worth_infusion_status','0','1','2021-03-10 03:47:12','2021-03-10 03:47:12'),(317,'App\\Models\\Liquidity',1,1,'amount1','1.98','1.99','2021-03-10 03:57:46','2021-03-10 03:57:46'),(318,'App\\Models\\Liquidity',1,1,'amount2','1.99','64.46','2021-03-10 03:57:46','2021-03-10 03:57:46'),(319,'App\\Models\\Liquidity',1,1,'amount3','1.97','11.18','2021-03-10 03:57:46','2021-03-10 03:57:46'),(320,'App\\Models\\Liquidity',1,1,'amount4',NULL,'8.58','2021-03-10 03:57:46','2021-03-10 03:57:46'),(321,'App\\Models\\Liquidity',1,1,'amount5',NULL,'90.42','2021-03-10 03:57:46','2021-03-10 03:57:46'),(322,'App\\Models\\Liquidity',1,1,'amount6',NULL,'73.72','2021-03-10 03:57:46','2021-03-10 03:57:46'),(323,'App\\Models\\Liquidity',1,1,'amount7',NULL,'5.97','2021-03-10 03:57:46','2021-03-10 03:57:46'),(324,'App\\Models\\Liquidity',1,1,'amount8',NULL,'38.95','2021-03-10 03:57:46','2021-03-10 03:57:46'),(325,'App\\Models\\Liquidity',1,1,'amount9',NULL,'2.76','2021-03-10 03:57:46','2021-03-10 03:57:46'),(326,'App\\Models\\Liquidity',1,1,'liquidity_status','0','1','2021-03-10 03:58:19','2021-03-10 03:58:19'),(327,'App\\Models\\CurrentDeal',1,1,'status','0','1','2021-03-10 06:56:53','2021-03-10 06:56:53'),(328,'App\\Models\\SanctionLetter',1,1,'approved_by1','0','1','2021-03-11 09:50:22','2021-03-11 09:50:22'),(329,'App\\Models\\SanctionLetter',1,1,'approved_by2','0','1','2021-03-11 09:50:22','2021-03-11 09:50:22'),(330,'App\\Models\\SanctionLetter',1,1,'approved_by3','0','1','2021-03-11 09:50:22','2021-03-11 09:50:22'),(331,'App\\Models\\SanctionLetter',1,1,'status','0','1','2021-03-11 09:50:22','2021-03-11 09:50:22'),(332,'App\\Models\\CovidReliefLender',8,1,'bank_name','  Vivriti Capital Private Limited','Vivriti Capital Private Limited','2021-03-11 16:58:41','2021-03-11 16:58:41'),(333,'App\\Models\\CovidReliefLender',8,1,'covid_relief_lender_status','0','1','2021-03-11 16:59:01','2021-03-11 16:59:01'),(334,'App\\Models\\LenderBanking',56,1,'lender_banking_sanction',NULL,'0.00','2021-03-12 13:21:58','2021-03-12 13:21:58'),(335,'App\\Models\\LenderBanking',56,1,'lender_banking_outstanding',NULL,'0.00','2021-03-12 13:21:58','2021-03-12 13:21:58'),(336,'App\\Models\\LenderBanking',56,1,'lender_banking_sanction',NULL,'10.00','2021-03-12 13:21:58','2021-03-12 13:21:58'),(337,'App\\Models\\LenderBanking',56,1,'lender_banking_outstanding',NULL,'1.00','2021-03-12 13:21:58','2021-03-12 13:21:58'),(338,'App\\Models\\LenderBanking',56,1,'lender_banking_sanction',NULL,'10.00','2021-03-12 13:21:58','2021-03-12 13:21:58'),(339,'App\\Models\\LenderBanking',56,1,'lender_banking_outstanding',NULL,'10.00','2021-03-12 13:21:58','2021-03-12 13:21:58'),(340,'App\\Models\\Lender',56,1,'password','$2y$10$rHkER4DzZTc5w4hsvAnare6cx4KRw4mA6v8AnHxFYGsKDiIr3M53m','12345678','2021-03-12 13:21:58','2021-03-12 13:21:58'),(341,'App\\Models\\Lender',56,1,'is_onboard','Approve','Yet to onboarded','2021-03-12 13:21:58','2021-03-12 13:21:58'),(342,'App\\Models\\LenderBankingDetail',1,1,'lender_banking_id','628',NULL,'2021-03-12 13:36:28','2021-03-12 13:36:28'),(343,'App\\Models\\LenderBankingDetail',1,1,'lender_banking_status','1','0','2021-03-12 13:36:28','2021-03-12 13:36:28'),(344,'App\\Models\\LenderBankingDetail',1,1,'lender_banking_id','0','784','2021-03-12 13:38:53','2021-03-12 13:38:53'),(345,'App\\Models\\LenderBanking',1,1,'lender_banking_outstanding','10.00','8.00','2021-03-12 13:41:56','2021-03-12 13:41:56'),(346,'App\\Models\\TransactionCategory',1,1,'is_timeline','0','1','2021-03-12 08:50:36','2021-03-12 08:50:36'),(347,'App\\Models\\Transaction',6,1,'transaction_date','2021-03-15','2021-03-14','2021-03-15 03:34:24','2021-03-15 03:34:24'),(348,'App\\Models\\TransactionDocument',1,1,'document_guide',NULL,'Capital Statement','2021-03-15 04:02:21','2021-03-15 04:02:21'),(349,'App\\Models\\TransactionDocument',1,1,'document_type','Monthly Payment Report','Monthly Payout Report','2021-03-15 04:10:08','2021-03-15 04:10:08'),(350,'App\\Models\\TransactionDocument',1,1,'document_status','1','0','2021-03-15 04:10:08','2021-03-15 04:10:08'),(351,'App\\Models\\TransactionDocument',1,1,'document_status','1','0','2021-03-15 04:12:26','2021-03-15 04:12:26'),(352,'App\\Models\\Trustee',1,1,'password','12345678',NULL,'2021-03-15 11:22:31','2021-03-15 11:22:31'),(353,'App\\Models\\Trustee',1,61,'is_transaction','1','0','2021-03-15 11:44:58','2021-03-15 11:44:58'),(354,'App\\Models\\Trustee',1,61,'is_transaction','0','1','2021-03-15 11:48:04','2021-03-15 11:48:04'),(355,'App\\Models\\Transaction',7,1,'transaction_category_id','1','3','2021-03-15 11:59:50','2021-03-15 11:59:50'),(356,'App\\Models\\Transaction',7,1,'transaction_code','TRANX','ESSKAYTRANS00008','2021-03-15 11:59:50','2021-03-15 11:59:50'),(357,'App\\Models\\TransactionDocument',1,68,'document_status','1','0','2021-03-15 08:15:21','2021-03-15 08:15:21'),(358,'App\\Models\\TransactionDocument',1,1,'transaction_document_type_id','0','1','2021-03-15 10:37:02','2021-03-15 10:37:02'),(359,'App\\Models\\TransactionDocument',1,1,'document_status','1','0','2021-03-15 10:37:02','2021-03-15 10:37:02'),(360,'App\\Models\\Transaction',2,68,'transaction_code','ESSKAYTRANS00002','ESSKAYTRANS00003','2021-03-15 17:22:00','2021-03-15 17:22:00'),(361,'App\\Models\\Transaction',2,1,'user_id','0','68','2021-03-15 12:41:54','2021-03-15 12:41:54'),(362,'App\\Models\\Transaction',1,1,'user_id','0','68','2021-03-15 12:42:07','2021-03-15 12:42:07'),(363,'App\\Models\\TransactionDocument',1,68,'document_filename','uploads/transaction_document/India-Kolkata-locator-map.png','uploads/transaction_document/kolkatahistory-191123122751.pdf','2021-03-16 12:36:12','2021-03-16 12:36:12'),(364,'App\\Models\\GeographicalConcentration',7,1,'geographical_diversification','Chattisgarh','Rajasthan','2021-03-17 16:37:09','2021-03-17 16:37:09'),(365,'App\\Models\\GeographicalConcentration',7,1,'geographical_concentration_status','0','1','2021-03-17 16:37:09','2021-03-17 16:37:09'),(366,'App\\Models\\TransactionDocument',1,1,'transaction_id','1','2','2021-03-18 07:36:27','2021-03-18 07:36:27'),(367,'App\\Models\\TransactionDocument',5,1,'transaction_document_type_id','1','2','2021-03-18 10:41:34','2021-03-18 10:41:34'),(368,'App\\Models\\TransactionDocument',8,1,'transaction_document_type_id','8','7','2021-03-18 10:43:10','2021-03-18 10:43:10'),(369,'App\\Models\\TransactionDocument',9,1,'transaction_document_type_id','7',NULL,'2021-03-18 10:43:55','2021-03-18 10:43:55'),(370,'App\\Models\\TransactionDocument',9,1,'document_type','Executed Report','Monthly Payout Report','2021-03-18 10:43:55','2021-03-18 10:43:55'),(371,'App\\Models\\SanctionLetter',4,1,'bank_name','HDFC','HDFC Bank','2021-03-19 13:06:13','2021-03-19 13:06:13'),(372,'App\\Models\\SanctionLetter',4,1,'facility_amount','ifhiuefh','5 Crore','2021-03-19 13:06:13','2021-03-19 13:06:13'),(373,'App\\Models\\Lender',57,1,'password','$2y$10$fSu9US4fwj2.OtopTHlbs.QfsLQG.CysVZ7na5TF3I223E5h7CPvi','demo@321','2021-03-22 13:22:19','2021-03-22 13:22:19'),(374,'App\\Models\\Lender',57,1,'password','demo@321',NULL,'2021-03-22 14:18:59','2021-03-22 14:18:59'),(375,'App\\Models\\Lender',57,1,'is_banking_arrangement','0','1','2021-03-22 14:18:59','2021-03-22 14:18:59'),(376,'App\\Models\\Lender',57,1,'is_message_md','0','1','2021-03-22 14:18:59','2021-03-22 14:18:59'),(377,'App\\Models\\Lender',57,1,'is_insight','0','1','2021-03-22 14:18:59','2021-03-22 14:18:59'),(378,'App\\Models\\Lender',57,1,'is_current_deal','0','1','2021-03-22 14:18:59','2021-03-22 14:18:59'),(379,'App\\Models\\Lender',57,1,'is_document','0','1','2021-03-22 14:18:59','2021-03-22 14:18:59'),(380,'App\\Models\\Lender',57,1,'is_financial_summary','0','1','2021-03-22 14:18:59','2021-03-22 14:18:59'),(381,'App\\Models\\Lender',57,1,'is_newsletter','0','1','2021-03-22 14:18:59','2021-03-22 14:18:59'),(382,'App\\Models\\Lender',57,1,'is_contact_us','0','1','2021-03-22 14:18:59','2021-03-22 14:18:59'),(383,'App\\Models\\Lender',1,1,'password',NULL,'pass@123','2021-03-22 17:03:26','2021-03-22 17:03:26'),(384,'App\\Models\\Document',35,1,'document_status','1','0','2021-03-23 12:53:24','2021-03-23 12:53:24'),(385,'App\\Models\\Trustee',1,1,'password',NULL,'pass@123','2021-03-23 13:23:15','2021-03-23 13:23:15'),(386,'App\\Models\\OperationalHighlight',5,1,'operation_row3_year',NULL,'2021','2021-03-24 17:57:47','2021-03-24 17:57:47'),(387,'App\\Models\\TransactionDocument',1,1,'transaction_id','1','8','2021-03-25 11:25:17','2021-03-25 11:25:17'),(388,'App\\Models\\Document',36,75,'expiry_date','2021-03-30','2021-03-31','2021-03-30 15:23:19','2021-03-30 15:23:19'),(389,'App\\Models\\Document',36,75,'document_status','1','0','2021-03-30 15:23:19','2021-03-30 15:23:19'),(390,'App\\Models\\Document',36,75,'document_status','1','0','2021-03-30 15:24:09','2021-03-30 15:24:09'),(391,'App\\Models\\Document',36,75,'document_filename','uploads/articles/blog_image1.jpg','uploads/article_pdf/Tiger Riders Logo.pdf','2021-03-30 15:31:16','2021-03-30 15:31:16'),(392,'App\\Models\\Document',36,75,'document_status','1','0','2021-03-30 15:31:16','2021-03-30 15:31:16'),(393,'App\\Models\\Document',36,75,'document_date','2021',NULL,'2021-03-30 15:34:34','2021-03-30 15:34:34'),(394,'App\\Models\\Document',36,75,'document_status','1','0','2021-03-30 15:34:34','2021-03-30 15:34:34'),(395,'App\\Models\\Document',37,75,'document_status','1','0','2021-03-30 15:46:13','2021-03-30 15:46:13'),(396,'App\\Models\\Document',36,75,'document_status','1','0','2021-03-30 15:47:18','2021-03-30 15:47:18'),(397,'App\\Models\\OperationalHighlight',3,75,'operation_row1_income','Profit After tax\n','Profit After tax','2021-03-30 15:49:04','2021-03-30 15:49:04'),(398,'App\\Models\\OperationalHighlight',3,75,'operation_row2_value','79','179','2021-03-30 15:49:04','2021-03-30 15:49:04'),(399,'App\\Models\\OperationalHighlight',3,75,'operation_row2_income','Profit After tax\n','Profit After tax','2021-03-30 15:49:04','2021-03-30 15:49:04'),(400,'App\\Models\\OperationalHighlight',3,75,'operation_row3_value','79','179','2021-03-30 15:49:04','2021-03-30 15:49:04'),(401,'App\\Models\\AssetQuality',3,75,'amount_percentage8','3.04','3.14','2021-03-30 16:11:20','2021-03-30 16:11:20'),(402,'App\\Models\\Document',38,75,'document_status','1','0','2021-03-30 16:25:37','2021-03-30 16:25:37'),(403,'App\\Models\\Document',38,75,'document_heading','Annual Report 2021','Annual Report','2021-03-30 16:29:40','2021-03-30 16:29:40'),(404,'App\\Models\\Document',38,75,'document_name','Annual Report 2021','Annual Report','2021-03-30 16:29:40','2021-03-30 16:29:40'),(405,'App\\Models\\Document',38,75,'document_guide',NULL,'Annual Report','2021-03-30 16:31:07','2021-03-30 16:31:07'),(406,'App\\Models\\Document',38,75,'document_status','1','0','2021-03-30 16:31:07','2021-03-30 16:31:07'),(407,'App\\Models\\CurrentDeal',8,75,'current_deal_category_id','1','2','2021-03-30 16:38:07','2021-03-30 16:38:07'),(408,'App\\Models\\CurrentDeal',8,75,'amount','75','100','2021-03-30 16:38:07','2021-03-30 16:38:07'),(409,'App\\Models\\CurrentDeal',8,75,'rating','AA+','A+','2021-03-30 16:42:25','2021-03-30 16:42:25'),(410,'App\\Models\\NetWorthInfusion',4,1,'investors','<ul>\r\n	<li style=\"\">TPG</li>\r\n<li style=\"\">Norwest Venture Partners</li>\r\n<li style=\"\">Evolvence India</li>\r\n</ul>','<ul class=\"list-unstyled pull-left text-left\">\r\n	<li style=\"\">TPG</li>\r\n	<li style=\"\">Norwest Venture Partners</li>\r\n	<li style=\"\">Evolvence India</li>\r\n</ul>','2021-04-01 16:49:50','2021-04-01 16:49:50'),(411,'App\\Models\\NetWorthInfusion',3,1,'investors','<ul>\r\n	<li style=\"\">TPG</li>\r\n<li style=\"\">Norwest Venture Partners</li>\r\n<li style=\"\">Evolvence India</li>\r\n</ul>','<ul class=\"list-unstyled pull-left text-left\">\r\n	<li style=\"\">TPG</li>\r\n	<li style=\"\">Norwest Venture Partners</li>\r\n	<li style=\"\">Evolvence India</li>\r\n</ul>','2021-04-01 16:49:54','2021-04-01 16:49:54'),(412,'App\\Models\\NetWorthInfusion',2,1,'investors','<ul>\r\n	<li style=\"\">Promoter</li>\r\n</ul>','<ul class=\"list-unstyled pull-left text-left\">\r\n	<li style=\"\">Promoter</li>\r\n</ul>','2021-04-01 16:49:59','2021-04-01 16:49:59'),(413,'App\\Models\\NetWorthInfusion',1,1,'investors','<ul>\r\n	<li style=\"\">Norwest Venture Partners</li>\r\n	<li style=\"\">Karma Holdings</li>\r\n	<li style=\"\">Barings</li>\r\n	<li style=\"\">Evolvence India&nbsp;</li>\r\n</ul>','<ul class=\"list-unstyled pull-left text-left\">\r\n	<li style=\"\">Norwest Venture Partners</li>\r\n	<li style=\"\">Karma Holdings</li>\r\n	<li style=\"\">Barings</li>\r\n	<li style=\"\">Evolvence India&nbsp;</li>\r\n</ul>','2021-04-01 16:50:05','2021-04-01 16:50:05'),(414,'App\\Models\\CollectionEfficiency',2,75,'amount_graph2','95.50','94.50','2021-04-05 17:44:34','2021-04-05 17:44:34'),(415,'App\\Models\\CollectionEfficiency',3,75,'amount_graph2','98.08','97.08','2021-04-05 17:44:36','2021-04-05 17:44:36'),(416,'App\\Models\\CollectionEfficiency',4,75,'amount_graph2','97.16','96.16','2021-04-05 17:44:43','2021-04-05 17:44:43'),(417,'App\\Models\\CollectionEfficiency',5,75,'heading_graph1','FY20 ','FY20','2021-04-06 09:52:05','2021-04-06 09:52:05'),(418,'App\\Models\\CollectionEfficiency',5,75,'heading_graph2','FY20 ','FY20','2021-04-06 09:52:05','2021-04-06 09:52:05'),(419,'App\\Models\\CollectionEfficiency',5,75,'amount_graph2','95.76','50.13','2021-04-06 09:52:05','2021-04-06 09:52:05'),(420,'App\\Models\\Document',39,70,'document_guide',NULL,'Permanent Account Number','2021-04-08 11:24:11','2021-04-08 11:24:11'),(421,'App\\Models\\Document',39,70,'document_status','1','0','2021-04-08 11:24:11','2021-04-08 11:24:11'),(422,'App\\Models\\Document',39,70,'document_status','1','0','2021-04-08 11:28:55','2021-04-08 11:28:55'),(423,'App\\Models\\Document',41,70,'document_date',NULL,'2021','2021-04-08 11:46:50','2021-04-08 11:46:50'),(424,'App\\Models\\Document',41,70,'expiry_date',NULL,'2021-04-01','2021-04-08 11:46:50','2021-04-08 11:46:50'),(425,'App\\Models\\Document',44,70,'expiry_date','2020-03-31','2021-03-31','2021-04-08 14:26:56','2021-04-08 14:26:56'),(426,'App\\Models\\TransactionDocument',15,1,'document_status','1','0','2021-04-08 15:41:48','2021-04-08 15:41:48'),(427,'App\\Models\\Document',19,1,'document_filename','uploads/documents/Product-Profile.pdf','uploads/documents/Product Profile.pdf','2021-04-09 13:13:26','2021-04-09 13:13:26'),(428,'App\\Models\\Document',19,1,'document_status','1','0','2021-04-09 13:13:26','2021-04-09 13:13:26'),(429,'App\\Models\\Document',47,70,'document_status','1','0','2021-04-13 17:30:50','2021-04-13 17:30:50'),(430,'App\\Models\\OperationalHighlight',1,70,'operation_row1_value','0','365 Cr.','2021-04-15 12:51:27','2021-04-15 12:51:27'),(431,'App\\Models\\OperationalHighlight',1,70,'operation_row1_income','Total Income\n','Total Income','2021-04-15 12:51:27','2021-04-15 12:51:27'),(432,'App\\Models\\OperationalHighlight',1,70,'operation_row2_income','Total Income\n','Total Income','2021-04-15 12:51:27','2021-04-15 12:51:27'),(433,'App\\Models\\TransactionDocument',46,68,'document_heading','MIS','MIS-Mar-21','2021-04-15 15:07:13','2021-04-15 15:07:13'),(434,'App\\Models\\TransactionDocument',46,68,'document_name','MIS','MIS-Mar-21','2021-04-15 15:07:37','2021-04-15 15:07:37'),(435,'App\\Models\\TransactionDocument',46,68,'document_heading','MIS-Mar-21','MIS','2021-04-15 15:08:05','2021-04-15 15:08:05'),(436,'App\\Models\\TransactionDocument',47,68,'document_heading','MIS-Mar-21','MIS','2021-04-15 15:09:56','2021-04-15 15:09:56'),(437,'App\\Models\\TransactionDocument',47,68,'document_name','MIS','MIS-Mar-21','2021-04-15 15:09:56','2021-04-15 15:09:56');
/*!40000 ALTER TABLE `revisions` ENABLE KEYS */;
UNLOCK TABLES;
DROP TABLE IF EXISTS `role_has_permissions`;
/*!40101 SET @saved_cs_client     = @@character_set_client */;
/*!40101 SET character_set_client = utf8 */;
CREATE TABLE `role_has_permissions` (
  `permission_id` bigint(20) unsigned NOT NULL,
  `role_id` bigint(20) unsigned NOT NULL,
  PRIMARY KEY (`permission_id`,`role_id`),
  KEY `role_has_permissions_role_id_foreign` (`role_id`)
) ENGINE=MyISAM DEFAULT CHARSET=utf8mb4 COLLATE=utf8mb4_unicode_ci;
/*!40101 SET character_set_client = @saved_cs_client */;

LOCK TABLES `role_has_permissions` WRITE;
/*!40000 ALTER TABLE `role_has_permissions` DISABLE KEYS */;
INSERT INTO `role_has_permissions` VALUES (1,1),(2,1),(2,2),(3,1),(4,1),(4,2),(5,1),(5,2),(6,1),(6,6),(7,1),(7,2),(7,3),(7,6),(7,9),(7,10),(8,1),(9,1),(9,2),(9,3),(10,1),(10,2),(10,3),(11,1),(12,1),(13,1),(14,1),(15,1),(16,1),(17,1),(18,1),(18,12),(18,13),(18,14),(18,15),(18,16),(18,17),(18,18),(18,19),(19,1),(20,1),(21,1),(22,1),(22,7),(23,1),(23,8),(24,1),(24,9),(25,1),(25,10),(26,1),(27,1),(27,7),(27,8),(28,1),(29,1),(30,1),(31,1),(31,18),(32,1),(32,19),(33,1),(33,18),(33,19),(34,1),(35,1),(36,1),(37,1),(37,18),(38,1),(38,19),(39,1),(39,18),(39,19),(40,1),(40,18),(41,1),(41,19),(42,1),(42,18),(42,19),(43,1),(43,18),(44,1),(44,19),(45,1),(45,18),(45,19),(46,1),(46,18),(47,1),(47,19),(48,1),(48,18),(48,19),(49,1),(49,18),(50,1),(50,19),(51,1),(51,18),(51,19),(52,1),(52,18),(53,1),(53,19),(54,1),(54,18),(54,19),(55,1),(55,18),(56,1),(56,19),(57,1),(57,18),(57,19),(58,1),(58,18),(59,1),(59,19),(60,1),(60,18),(60,19),(61,1),(61,18),(61,20),(62,1),(62,21),(63,1),(63,18),(63,20),(63,21),(64,1),(64,18),(64,20),(65,1),(65,21),(66,1),(66,18),(66,20),(66,21),(67,1),(67,14),(67,18),(68,1),(68,15),(69,1),(69,14),(69,15),(69,16),(69,17),(69,18),(70,1),(70,18),(71,1),(72,1),(72,18),(73,1),(73,18),(74,1),(75,1),(75,18),(76,1),(76,18),(77,1),(78,1),(78,18),(79,1),(79,12),(80,1),(80,13),(81,1),(81,12),(81,13),(82,1),(82,12),(83,1),(83,13),(84,1),(84,12),(84,13),(85,1),(86,1),(87,1),(88,1),(88,17),(89,1),(89,16),(90,1),(90,12),(91,1),(91,13),(92,1),(92,12),(92,13),(93,1),(93,12),(94,1),(94,13),(95,1),(95,12),(95,13),(96,1),(96,12),(97,1),(97,13),(98,1),(98,12),(98,13),(99,1),(99,12),(100,1),(100,13),(101,1),(101,12),(101,13),(102,1),(102,14),(103,1),(103,15),(103,16),(103,17),(104,1),(104,14),(104,15),(104,16),(104,17),(105,1),(105,14),(106,1),(106,15),(106,16),(106,17),(107,1),(107,14),(107,15),(107,16),(107,17),(108,1),(109,1),(109,9),(109,10),(110,1),(110,9),(111,1),(111,10),(112,1),(113,1),(113,9),(113,10),(114,1),(114,9),(115,1),(115,10);
/*!40000 ALTER TABLE `role_has_permissions` ENABLE KEYS */;
UNLOCK TABLES;
DROP TABLE IF EXISTS `roles`;
/*!40101 SET @saved_cs_client     = @@character_set_client */;
/*!40101 SET character_set_client = utf8 */;
CREATE TABLE `roles` (
  `id` bigint(20) unsigned NOT NULL AUTO_INCREMENT,
  `name` varchar(191) COLLATE utf8mb4_unicode_ci NOT NULL,
  `guard_name` varchar(191) COLLATE utf8mb4_unicode_ci NOT NULL,
  `created_at` timestamp NULL DEFAULT NULL,
  `updated_at` timestamp NULL DEFAULT NULL,
  PRIMARY KEY (`id`)
) ENGINE=MyISAM AUTO_INCREMENT=22 DEFAULT CHARSET=utf8mb4 COLLATE=utf8mb4_unicode_ci;
/*!40101 SET character_set_client = @saved_cs_client */;

LOCK TABLES `roles` WRITE;
/*!40000 ALTER TABLE `roles` DISABLE KEYS */;
INSERT INTO `roles` VALUES (1,'Super Admin','web','2020-09-29 07:08:28','2020-09-29 07:08:28'),(2,'Admin','web','2020-09-29 07:08:32','2020-09-29 07:08:32'),(3,'Manager','web','2020-09-29 07:08:36','2020-09-29 07:08:36'),(4,'Lenders','web','2020-09-29 07:08:36','2020-11-11 15:43:56'),(6,'TreasuryTeam','web','2020-11-19 12:38:19','2020-11-19 12:38:19'),(7,'Banking Arrangement Maker','web','2020-11-28 14:10:06','2020-11-28 14:10:06'),(8,'Banking Arrangement Checker','web','2020-11-28 14:10:26','2020-11-28 14:10:26'),(9,'Document Maker','web','2020-11-28 14:10:45','2020-11-28 14:10:45'),(10,'Document Checker','web','2020-11-28 14:10:59','2020-11-28 14:10:59'),(11,'Trustee','web','2020-09-29 07:08:36','2020-11-11 15:43:56'),(12,'Trustee Document Maker','web','2021-03-15 11:32:08','2021-03-15 11:32:08'),(13,'Trustee Document Checker','web','2021-03-15 11:32:08','2021-03-15 11:32:08'),(14,'Sanction Letter Maker','web','2021-03-15 11:32:08','2021-03-15 11:32:08'),(15,'Sanction Letter Checker1','web','2021-03-15 11:32:08','2021-03-15 11:32:08'),(16,'Sanction Letter Checker2','web','2021-03-15 11:32:08','2021-03-15 11:32:08'),(17,'Sanction Letter Checker3','web','2021-03-15 11:32:08','2021-03-15 11:32:08'),(18,'Insight Maker','web','2021-03-22 12:02:46','2021-03-22 12:02:46'),(19,'Insight Checker','web','2021-03-22 12:03:47','2021-03-22 12:03:47'),(20,'Deal Maker','web','2021-03-22 14:25:29','2021-03-22 14:25:29'),(21,'Deal Checker','web','2021-03-22 14:26:20','2021-03-22 14:26:20');
/*!40000 ALTER TABLE `roles` ENABLE KEYS */;
UNLOCK TABLES;
DROP TABLE IF EXISTS `sanction_letter_info`;
/*!40101 SET @saved_cs_client     = @@character_set_client */;
/*!40101 SET character_set_client = utf8 */;
CREATE TABLE `sanction_letter_info` (
  `id` bigint(20) unsigned NOT NULL AUTO_INCREMENT,
  `sanction_letter_id` int(11) NOT NULL,
  `sanction_letter_field` varchar(191) COLLATE utf8mb4_unicode_ci DEFAULT NULL,
  `sanction_letter_value` text COLLATE utf8mb4_unicode_ci,
  `status` tinyint(4) DEFAULT NULL,
  `created_at` timestamp NULL DEFAULT NULL,
  `updated_at` timestamp NULL DEFAULT NULL,
  `deleted_at` timestamp NULL DEFAULT NULL,
  PRIMARY KEY (`id`),
  KEY `user_id` (`sanction_letter_id`)
) ENGINE=MyISAM DEFAULT CHARSET=utf8mb4 COLLATE=utf8mb4_unicode_ci;
/*!40101 SET character_set_client = @saved_cs_client */;

LOCK TABLES `sanction_letter_info` WRITE;
/*!40000 ALTER TABLE `sanction_letter_info` DISABLE KEYS */;
/*!40000 ALTER TABLE `sanction_letter_info` ENABLE KEYS */;
UNLOCK TABLES;
DROP TABLE IF EXISTS `sanction_letter_revisions`;
/*!40101 SET @saved_cs_client     = @@character_set_client */;
/*!40101 SET character_set_client = utf8 */;
CREATE TABLE `sanction_letter_revisions` (
  `id` bigint(20) unsigned NOT NULL AUTO_INCREMENT,
  `sanction_letter_id` bigint(20) unsigned NOT NULL,
  `bank_name` varchar(191) COLLATE utf8mb4_unicode_ci NOT NULL,
  `type_facility` varchar(191) COLLATE utf8mb4_unicode_ci DEFAULT NULL,
  `facility_amount` varchar(191) COLLATE utf8mb4_unicode_ci DEFAULT NULL,
  `roi` varchar(191) COLLATE utf8mb4_unicode_ci DEFAULT NULL,
  `all_incluside_roi` varchar(191) COLLATE utf8mb4_unicode_ci DEFAULT NULL,
  `processing_fees` varchar(191) COLLATE utf8mb4_unicode_ci DEFAULT NULL,
  `arranger_fees` varchar(191) COLLATE utf8mb4_unicode_ci DEFAULT NULL,
  `stamp_duty_fees` varchar(191) COLLATE utf8mb4_unicode_ci DEFAULT NULL,
  `tenor` varchar(191) COLLATE utf8mb4_unicode_ci DEFAULT NULL,
  `security_cover` varchar(191) COLLATE utf8mb4_unicode_ci DEFAULT NULL,
  `cash_collateral` varchar(191) COLLATE utf8mb4_unicode_ci DEFAULT NULL,
  `personal_guarantee` varchar(191) COLLATE utf8mb4_unicode_ci DEFAULT NULL,
  `intermediary` varchar(191) COLLATE utf8mb4_unicode_ci DEFAULT NULL,
  `sanction_letter` varchar(191) COLLATE utf8mb4_unicode_ci DEFAULT NULL,
  `sanction_letter_status` tinyint(1) NOT NULL DEFAULT '0',
  `created_at` timestamp NULL DEFAULT CURRENT_TIMESTAMP,
  `updated_at` timestamp NULL DEFAULT CURRENT_TIMESTAMP,
  PRIMARY KEY (`id`),
  KEY `documents_document_category_id_foreign` (`sanction_letter_id`)
) ENGINE=MyISAM AUTO_INCREMENT=13 DEFAULT CHARSET=utf8mb4 COLLATE=utf8mb4_unicode_ci;
/*!40101 SET character_set_client = @saved_cs_client */;

LOCK TABLES `sanction_letter_revisions` WRITE;
/*!40000 ALTER TABLE `sanction_letter_revisions` DISABLE KEYS */;
INSERT INTO `sanction_letter_revisions` VALUES (1,1,'HDFC Bank','Term Loan','4 Crore','11.50%','56.91%','Rs. 6,233,300 (0.54%)','NA','8,15,34,222','54 Months','1.55 Times','Nil','Mr. Rajendra Kumar Setia','NA','Enclosed',1,'2021-03-18 06:58:29','2021-03-19 11:11:23'),(2,1,'HDFC Bank','Term Loan','4 Crore','11.50%','56.91%','Rs. 6,233,300 (0.54%)','NA','8,15,34,222','54 Months','1.55 Times','Nil','Mr. Rajendra Kumar Setia','NA','Enclosed',1,'2021-03-18 06:59:06','2021-03-19 11:11:23'),(3,3,'HDFC Bank3','Term Loan','4 Crore','11.50%','56.91%','Rs. 6,233,300 (0.54%)','NA','8,15,34,222','54 Months','1.55 Times','Nil','Mr. Rajendra Kumar Setia','NA',NULL,1,'2021-03-19 07:08:08','2021-03-19 07:08:08'),(4,3,'HDFC Bank3','Term Loan','4 Crore','11.50%','56.91%','Rs. 6,233,300 (0.54%)','NA','8,15,34,222','54 Months','1.55 Times','Nil','Mr. Rajendra Kumar Setia','NA',NULL,1,'2021-03-19 07:09:46','2021-03-19 07:09:46'),(5,1,'HDFC Bank','Term Loan','4 Crore','11.50%','56.91%','Rs. 6,233,300 (0.54%)','NA','8,15,34,222','54 Months','1.55 Times','Nil','Mr. Rajendra Kumar Setia','NA',NULL,1,'2021-03-19 07:12:50','2021-03-19 07:12:50'),(6,1,'HDFC Bank','Term Loan','4 Crore','11.50%','56.91%','Rs. 6,233,300 (0.54%)','NA','8,15,34,222','54 Months','1.55 Times','Nil','Mr. Rajendra Kumar Setia','NA',NULL,1,'2021-03-19 07:15:15','2021-03-19 07:15:15'),(7,1,'HDFC Bank','Term Loan','4 Crore','11.50%','56.91%','Rs. 6,233,300 (0.54%)','NA','8,15,34,222','54 Months','1.55 Times','Nil','Mr. Rajendra Kumar Setia','NA',NULL,1,'2021-03-19 07:18:20','2021-03-19 07:18:20'),(8,4,'HDFC','eowhfiuew','ifhiuefh','8839498','094','88u','oeioh','8789','09809','dijdbvijdjbc','posidhvisudbhv','dcbvhjdbv','dkjv bdijbvijdjf','uploads/logo/logo.png',0,'2021-03-19 07:22:06','2021-03-19 07:22:06'),(9,4,'HDFC','eowhfiuew','ifhiuefh','8839498','094','88u','oeioh','8789','09809','dijdbvijdjbc','posidhvisudbhv','dcbvhjdbv','dkjv bdijbvijdjf','uploads/logo/logo.png',0,'2021-03-19 07:32:06','2021-03-19 07:32:06'),(10,4,'HDFC Bank','eowhfiuew','5 Crore','8839498','094','88u','oeioh','8789','09809','dijdbvijdjbc','posidhvisudbhv','dcbvhjdbv','dkjv bdijbvijdjf','uploads/logo/logo.png',0,'2021-03-19 07:36:13','2021-03-19 07:36:13'),(11,4,'HDFC Bank','eowhfiuew','5 Crore','8839498','094','88u','oeioh','8789','09809','dijdbvijdjbc','posidhvisudbhv','dcbvhjdbv','dkjv bdijbvijdjf','uploads/logo/logo.png',0,'2021-03-19 07:37:50','2021-03-19 07:37:50'),(12,4,'HDFC Bank','eowhfiuew','5 Crore','8839498','094','88u','oeioh','8789','09809','dijdbvijdjbc','posidhvisudbhv','dcbvhjdbv','dkjv bdijbvijdjf','uploads/logo/logo.png',0,'2021-03-19 07:39:10','2021-03-19 07:39:10');
/*!40000 ALTER TABLE `sanction_letter_revisions` ENABLE KEYS */;
UNLOCK TABLES;
DROP TABLE IF EXISTS `sanction_letters`;
/*!40101 SET @saved_cs_client     = @@character_set_client */;
/*!40101 SET character_set_client = utf8 */;
CREATE TABLE `sanction_letters` (
  `id` bigint(20) unsigned NOT NULL AUTO_INCREMENT,
  `user_id` int(11) NOT NULL,
  `bank_name` varchar(191) COLLATE utf8mb4_unicode_ci NOT NULL,
  `type_facility` varchar(191) COLLATE utf8mb4_unicode_ci DEFAULT NULL,
  `facility_amount` varchar(191) COLLATE utf8mb4_unicode_ci DEFAULT NULL,
  `roi` varchar(191) COLLATE utf8mb4_unicode_ci DEFAULT NULL,
  `all_incluside_roi` varchar(191) COLLATE utf8mb4_unicode_ci DEFAULT NULL,
  `processing_fees` varchar(191) COLLATE utf8mb4_unicode_ci DEFAULT NULL,
  `processing_fees_amount` decimal(15,2) DEFAULT NULL,
  `arranger_fees` varchar(191) COLLATE utf8mb4_unicode_ci DEFAULT NULL,
  `arranger_fees_amount` decimal(15,2) DEFAULT NULL,
  `other_charges_doc` varchar(190) COLLATE utf8mb4_unicode_ci DEFAULT NULL,
  `total_associated_cost` varchar(190) COLLATE utf8mb4_unicode_ci DEFAULT NULL,
  `all_inclusive_cost` varchar(190) COLLATE utf8mb4_unicode_ci DEFAULT NULL,
  `financial_covenant` text COLLATE utf8mb4_unicode_ci,
  `rationale_availing` text COLLATE utf8mb4_unicode_ci,
  `blended_cost` varchar(50) COLLATE utf8mb4_unicode_ci DEFAULT NULL,
  `stamp_duty_fees` varchar(191) COLLATE utf8mb4_unicode_ci DEFAULT NULL,
  `tenor` varchar(191) COLLATE utf8mb4_unicode_ci DEFAULT NULL,
  `security_cover` varchar(191) COLLATE utf8mb4_unicode_ci DEFAULT NULL,
  `cash_collateral` varchar(191) COLLATE utf8mb4_unicode_ci DEFAULT NULL,
  `personal_guarantee` varchar(191) COLLATE utf8mb4_unicode_ci DEFAULT NULL,
  `intermediary` varchar(191) COLLATE utf8mb4_unicode_ci DEFAULT NULL,
  `sanction_letter` varchar(191) COLLATE utf8mb4_unicode_ci DEFAULT NULL,
  `is_approve1` tinyint(1) NOT NULL DEFAULT '0',
  `approve1_user` int(11) NOT NULL,
  `is_approve2` tinyint(1) NOT NULL DEFAULT '0',
  `approve2_user` int(11) NOT NULL,
  `is_approve3` tinyint(1) NOT NULL DEFAULT '0',
  `approve3_user` int(11) NOT NULL,
  `status` tinyint(4) DEFAULT NULL,
  `created_at` timestamp NULL DEFAULT NULL,
  `updated_at` timestamp NULL DEFAULT NULL,
  `deleted_at` timestamp NULL DEFAULT NULL,
  PRIMARY KEY (`id`),
  KEY `user_id` (`user_id`)
) ENGINE=MyISAM AUTO_INCREMENT=5 DEFAULT CHARSET=utf8mb4 COLLATE=utf8mb4_unicode_ci;
/*!40101 SET character_set_client = @saved_cs_client */;

LOCK TABLES `sanction_letters` WRITE;
/*!40000 ALTER TABLE `sanction_letters` DISABLE KEYS */;
INSERT INTO `sanction_letters` VALUES (1,1,'HDFC Bank','Term Loan','4 Crore','11.50%','56.91%','Rs. 6,233,300 (0.54%)',NULL,'NA',NULL,NULL,NULL,NULL,NULL,NULL,NULL,'8,15,34,222','54 Months','1.55 Times','Nil','Mr. Rajendra Kumar Setia','NA',NULL,0,0,0,0,0,0,1,'2021-03-11 09:49:10','2021-03-19 11:11:23',NULL),(2,1,'HDFC Bank1','Term Loan','4 Crore','11.50%','56.91%','Rs. 6,233,300 (0.54%)',NULL,'NA',NULL,NULL,NULL,NULL,NULL,NULL,NULL,'8,15,34,222','54 Months','1.55 Times','Nil','Mr. Rajendra Kumar Setia','NA',NULL,0,0,0,0,0,0,2,'2021-03-11 09:49:10','2021-03-18 07:54:22',NULL),(3,1,'HDFC Bank3','Term Loan','4 Crore','11.50%','56.91%','Rs. 6,233,300 (0.54%)',NULL,'NA',NULL,NULL,NULL,NULL,NULL,NULL,NULL,'8,15,34,222','54 Months','1.55 Times','Nil','Mr. Rajendra Kumar Setia','NA',NULL,0,0,0,0,0,0,1,'2021-03-11 09:49:10','2021-03-18 07:54:19',NULL),(4,1,'HDFC Bank','eowhfiuew','5 Crore','8839498','094','88u',0.00,'oeioh',89.00,NULL,'ijjbfiub','ineiufh',NULL,'<p>ofvniudebhvhiudehviuhdeviuhdevuhdv]</p>\r\n\r\n<p>vidsbhviudhviuhdiuvhd</p>\r\n\r\n<p>\\doiuovhdiuvhiuodvhiu</p>',NULL,'8789','09809','dijdbvijdjbc','posidhvisudbhv','dcbvhjdbv','dkjv bdijbvijdjf','uploads/logo/logo.png',0,0,0,0,0,0,0,'2021-03-19 12:52:05','2021-03-19 13:06:13',NULL);
/*!40000 ALTER TABLE `sanction_letters` ENABLE KEYS */;
UNLOCK TABLES;
DROP TABLE IF EXISTS `settings`;
/*!40101 SET @saved_cs_client     = @@character_set_client */;
/*!40101 SET character_set_client = utf8 */;
CREATE TABLE `settings` (
  `id` int(10) unsigned NOT NULL AUTO_INCREMENT,
  `key` varchar(191) COLLATE utf8mb4_unicode_ci NOT NULL,
  `name` varchar(191) COLLATE utf8mb4_unicode_ci NOT NULL,
  `description` varchar(191) COLLATE utf8mb4_unicode_ci DEFAULT NULL,
  `value` text COLLATE utf8mb4_unicode_ci,
  `field` text COLLATE utf8mb4_unicode_ci NOT NULL,
  `active` tinyint(4) NOT NULL,
  `created_at` timestamp NULL DEFAULT NULL,
  `updated_at` timestamp NULL DEFAULT NULL,
  PRIMARY KEY (`id`),
  UNIQUE KEY `settings_key_unique` (`key`)
) ENGINE=MyISAM AUTO_INCREMENT=11 DEFAULT CHARSET=utf8mb4 COLLATE=utf8mb4_unicode_ci;
/*!40101 SET character_set_client = @saved_cs_client */;

LOCK TABLES `settings` WRITE;
/*!40000 ALTER TABLE `settings` DISABLE KEYS */;
INSERT INTO `settings` VALUES (1,'contact_email','Contact form email address','Master email address','admin@esskay.com','{\"name\":\"value\",\"label\":\"Value\",\"type\":\"email\"}',1,NULL,NULL),(2,'sms_authkey','SMS Auth Key','SMS Auth Key','6112AIUJ9ujV9spM5cbf0026','{\"name\":\"value\",\"label\":\"Value\",\"type\":\"text\"}',1,NULL,NULL),(3,'sms_sender','SMS Sender','SMS Sender','EssKay','{\"name\":\"value\",\"label\":\"Value\",\"type\":\"text\"}',1,NULL,NULL),(4,'site_logo','Site Logo','Site Logo','uploads/logo/SK_Logo_Squre_new.png','{\"name\":\"value\",\"label\":\"Value\",\"type\":\"browse\"}',1,NULL,'2020-10-26 17:06:55'),(5,'login_page_content','Login Page Content','Login Page Content','','{\"name\":\"value\",\"label\":\"Value\",\"type\":\"ckeditor\"}',1,NULL,'2020-10-26 16:21:48'),(7,'register_page_content','Register Page Content','Register Page Content','','{\"name\":\"value\",\"label\":\"Value\",\"type\":\"ckeditor\"}',1,NULL,'2020-10-26 16:21:48'),(6,'login_page_background','Login Page Background','Login Page Background','uploads/login/04.jpg','{\"name\":\"value\",\"label\":\"Value\",\"type\":\"browse\"}',1,NULL,'2020-11-09 14:16:57'),(9,'forgot_password_page_background','Forget Password Page Background','Forget Password Page Background','uploads/login/forgot-password.jpg','{\"name\":\"value\",\"label\":\"Value\",\"type\":\"browse\"}',1,NULL,'2020-10-27 18:12:31'),(8,'register_page_background','Register Page Background','Register Page Background','uploads/login/03.jpg','{\"name\":\"value\",\"label\":\"Value\",\"type\":\"browse\"}',1,NULL,'2020-11-07 10:58:17'),(10,'forgot_password_page_content','Forgot Password Page Content','Forgot Password Page Content','','{\"name\":\"value\",\"label\":\"Value\",\"type\":\"ckeditor\"}',1,NULL,'2020-10-26 16:21:48');
/*!40000 ALTER TABLE `settings` ENABLE KEYS */;
UNLOCK TABLES;
DROP TABLE IF EXISTS `tags`;
/*!40101 SET @saved_cs_client     = @@character_set_client */;
/*!40101 SET character_set_client = utf8 */;
CREATE TABLE `tags` (
  `id` int(10) unsigned NOT NULL AUTO_INCREMENT,
  `name` varchar(191) COLLATE utf8mb4_unicode_ci NOT NULL,
  `slug` varchar(191) COLLATE utf8mb4_unicode_ci NOT NULL,
  `created_at` timestamp NULL DEFAULT NULL,
  `updated_at` timestamp NULL DEFAULT NULL,
  `deleted_at` timestamp NULL DEFAULT NULL,
  PRIMARY KEY (`id`),
  UNIQUE KEY `tags_slug_unique` (`slug`)
) ENGINE=MyISAM AUTO_INCREMENT=7 DEFAULT CHARSET=utf8mb4 COLLATE=utf8mb4_unicode_ci;
/*!40101 SET character_set_client = @saved_cs_client */;

LOCK TABLES `tags` WRITE;
/*!40000 ALTER TABLE `tags` DISABLE KEYS */;
INSERT INTO `tags` VALUES (6,'Technology','technology','2020-12-03 10:58:17','2020-12-03 10:58:17',NULL);
/*!40000 ALTER TABLE `tags` ENABLE KEYS */;
UNLOCK TABLES;
DROP TABLE IF EXISTS `tracker_agents`;
/*!40101 SET @saved_cs_client     = @@character_set_client */;
/*!40101 SET character_set_client = utf8 */;
CREATE TABLE `tracker_agents` (
  `id` bigint(20) unsigned NOT NULL AUTO_INCREMENT,
  `name` mediumtext NOT NULL,
  `browser` varchar(191) NOT NULL,
  `browser_version` varchar(191) NOT NULL,
  `created_at` timestamp NULL DEFAULT NULL,
  `updated_at` timestamp NULL DEFAULT NULL,
  `name_hash` varchar(65) DEFAULT NULL,
  PRIMARY KEY (`id`),
  UNIQUE KEY `tracker_agents_name_hash_unique` (`name_hash`),
  KEY `tracker_agents_created_at_index` (`created_at`),
  KEY `tracker_agents_updated_at_index` (`updated_at`),
  KEY `tracker_agents_browser_index` (`browser`)
) ENGINE=MyISAM AUTO_INCREMENT=24 DEFAULT CHARSET=latin1;
/*!40101 SET character_set_client = @saved_cs_client */;

LOCK TABLES `tracker_agents` WRITE;
/*!40000 ALTER TABLE `tracker_agents` DISABLE KEYS */;
INSERT INTO `tracker_agents` VALUES (1,'Mozilla/5.0 (Windows NT 10.0; Win64; x64) AppleWebKit/537.36 (KHTML, like Gecko) Chrome/86.0.4240.75 Safari/537.36','Chrome','86.0.4240','2020-10-13 20:02:48','2020-10-13 20:02:48','73353c02526662b1798752c1de980ed4f00bc0f45593cd07cf96cc53f224b263'),(2,'Mozilla/5.0 (Windows NT 10.0; Win64; x64) AppleWebKit/537.36 (KHTML, like Gecko) Chrome/83.0.4103.106 Safari/537.36','Chrome','83.0.4103','2020-10-15 09:32:32','2020-10-15 09:32:32','2eccda57a84b5fd5fd152786f7dd679234c9dd1d367040c6dda2f6a0d15b55bc'),(3,'Mozilla/5.0 (Windows NT 10.0; Win64; x64) AppleWebKit/537.36 (KHTML, like Gecko; compatible; BW/1.1; bit.ly/2W6Px8S) Chrome/84.0.4147.105 Safari/537.36','Chrome','84.0.4147','2020-10-21 19:25:23','2020-10-21 19:25:23','36157957c728659c8062f5bd02f769300c8cbf95315bd30b8db9820f03e99111'),(4,'Go-http-client/1.1','Go-http-client','1.1','2020-10-24 13:30:50','2020-10-24 13:30:50','12bd583dd25b868e6423d8f04cc19fd17185f7ab56cb79750e1f58d4541632e2'),(5,'Mozilla/5.0 (Windows NT 10.0; Win64; x64) AppleWebKit/537.36 (KHTML, like Gecko) Chrome/86.0.4240.111 Safari/537.36','Chrome','86.0.4240','2020-10-24 13:57:27','2020-10-24 13:57:27','dfe31db5cda900e25d8c5028630139dc81ddfec2179a6bcd1769fa7b70d8fc69'),(6,'Mozilla/5.0 (Linux; Android 6.0; Nexus 5 Build/MRA58N) AppleWebKit/537.36 (KHTML, like Gecko) Chrome/86.0.4240.111 Mobile Safari/537.36','Chrome Mobile','86.0.4240','2020-10-28 13:59:59','2020-10-28 13:59:59','6ab84f90f4bb45cfb87c0f33cac1eab49d08f1c471be94edae2f0fa9a2aba11f'),(7,'WhatsApp/2.20.201.23 A','WhatsApp','2.20.201','2020-10-29 13:35:43','2020-10-29 13:35:43','e116987a3397746ad3a1f6018afff72ede1204b32750a8aee2f702df3936eb52'),(8,'Mozilla/5.0 (X11; Linux x86_64) AppleWebKit/537.36 (KHTML, like Gecko) Chrome/86.0.4240.75 Safari/537.36','Chrome','86.0.4240','2020-10-29 15:18:06','2020-10-29 15:18:06','ae296b7a058a9319588e000aa79fb6b186e933946e526984abc65642cddda7a7'),(9,'WhatsApp/2.20.202.18 A','WhatsApp','2.20.202','2020-10-31 13:23:36','2020-10-31 13:23:36','8a04fc9facd8f7f866814d86ded584e73a28b016cad252ffdff0cc34092e496b'),(10,'Mozilla/5.0 (Windows NT 10.0; Win64; x64) AppleWebKit/537.36 (KHTML, like Gecko) Chrome/84.0.4147.135 Safari/537.36','Chrome','84.0.4147','2020-10-31 14:23:19','2020-10-31 14:23:19','d35dd5f72d85f0ba1160437383e7b6d8e6dba1e7888e64e62969d861492c498c'),(11,'WhatsApp/2.20.200.22 A','WhatsApp','2.20.200','2020-10-31 18:11:47','2020-10-31 18:11:47','d98462e408271aba9a26653f16b8b245bef8ee62ecac983ef3fffbb0c37601a7'),(12,'Mozilla/5.0 (Windows NT 10.0; Win64; x64) AppleWebKit/537.36 (KHTML, like Gecko) Chrome/86.0.4240.183 Safari/537.36','Chrome','86.0.4240','2020-11-04 19:13:03','2020-11-04 19:13:03','a45bb481a53809f1735e88e5e1a53da8ccbdd8d1cc11a2681edf0c5448bca1db'),(13,'Mozilla/5.0 (Linux; Android 6.0; Nexus 5 Build/MRA58N) AppleWebKit/537.36 (KHTML, like Gecko) Chrome/86.0.4240.183 Mobile Safari/537.36','Chrome Mobile','86.0.4240','2020-11-05 14:31:55','2020-11-05 14:31:55','6a7be5580ad85648e27c4c5d945a9bb3992610cd0d0728b64a9134bdd2659b3b'),(14,'Mozilla/5.0 (Macintosh; Intel Mac OS X 10_14_5) AppleWebKit/537.36 (KHTML, like Gecko) Chrome/86.0.4240.183 Safari/537.36','Chrome','86.0.4240','2020-11-06 15:57:42','2020-11-06 15:57:42','101d5f8b5223cde3a6a4150e74207f68b0f9f993700b1b412e585c9b44309c67'),(15,'Mozilla/5.0 (Linux; Android 10; RMX1921) AppleWebKit/537.36 (KHTML, like Gecko) Chrome/86.0.4240.110 Mobile Safari/537.36','Chrome Mobile','86.0.4240','2020-11-06 15:58:13','2020-11-06 15:58:13','dbc12e457d336c9f9e24c3e3952d891c54e5dae3e1506a52669ed36c0d4a271f'),(16,'Mozilla/5.0 (Linux; Android 9; SAMSUNG SM-J701F Build/PPR1.180610.011) AppleWebKit/537.36 (KHTML, like Gecko) SamsungBrowser/9.0 Chrome/67.0.3396.87 Mobile Safari/537.36','Samsung Internet','9.0','2020-11-06 16:11:21','2020-11-06 16:11:21','3ec456e305535abfce4aab9f297a667310cedddfaa2de30e46daae8f31500840'),(17,'Mozilla/5.0 (Linux; Android 10; SM-G973F) AppleWebKit/537.36 (KHTML, like Gecko) Chrome/86.0.4240.185 Mobile Safari/537.36','Chrome Mobile','86.0.4240','2020-11-06 16:11:41','2020-11-06 16:11:41','fa3162f45059bcc1da04ce926b381b09ab6c8a4c29481a6ed1675143ad60dd69'),(18,'Mozilla/5.0 (Windows NT 10.0; Win64; x64; rv:82.0) Gecko/20100101 Firefox/82.0','Firefox','82.0','2020-11-06 16:46:09','2020-11-06 16:46:09','2f2c0ac618c1a07df0b5e4d2e964e716d8f5c989fdf838f098bc683458b0222e'),(19,'Mozilla/5.0 (Windows NT 6.1; Win64; x64) AppleWebKit/537.36 (KHTML, like Gecko) Chrome/72.0.3626.109 Safari/537.36','Chrome','72.0.3626','2020-11-06 16:47:06','2020-11-06 16:47:06','b4b43b8b2d0afb0c9fbf72d329a261edde1ca105b589e8adc726d3ca57ff597f'),(20,'Mozilla/5.0 (Linux; Android 10; POCO F1) AppleWebKit/537.36 (KHTML, like Gecko) Chrome/86.0.4240.185 Mobile Safari/537.36','Chrome Mobile','86.0.4240','2020-11-06 19:11:15','2020-11-06 19:11:15','9ef55564b60df9044befa14b0f1d985f78399ccdf71bfa130345f36c11670099'),(21,'Mozilla/5.0 zgrab/0.x','Other','','2020-11-06 20:03:07','2020-11-06 20:03:07','ef60d663d36db05cc1e68077f8a0f3fa17a10ed3ddc7595105f68109c5b25336'),(22,'Mozilla/5.0 (X11; Ubuntu; Linux i686; rv:28.0) Gecko/20100101 Firefox/28.0','Firefox','28.0','2020-11-07 05:42:46','2020-11-07 05:42:46','3bf644188cd31f363d8ddf55138140069c6a9d816b4af3c16d2cfdc9e7a14684'),(23,'Mozilla/5.0 (Macintosh; U; Intel Mac OS X 10_6_8; en-us) AppleWebKit/534.50 (KHTML, like Gecko) Version/5.1 Safari/534.50','Safari','5.1','2020-11-07 05:43:02','2020-11-07 05:43:02','40634029f8513063f2f123e79c7803525840a324a2be65ba35a4815115dba984');
/*!40000 ALTER TABLE `tracker_agents` ENABLE KEYS */;
UNLOCK TABLES;
DROP TABLE IF EXISTS `tracker_connections`;
/*!40101 SET @saved_cs_client     = @@character_set_client */;
/*!40101 SET character_set_client = utf8 */;
CREATE TABLE `tracker_connections` (
  `id` bigint(20) unsigned NOT NULL AUTO_INCREMENT,
  `name` varchar(191) NOT NULL,
  `created_at` timestamp NULL DEFAULT NULL,
  `updated_at` timestamp NULL DEFAULT NULL,
  PRIMARY KEY (`id`),
  KEY `tracker_connections_created_at_index` (`created_at`),
  KEY `tracker_connections_updated_at_index` (`updated_at`),
  KEY `tracker_connections_name_index` (`name`)
) ENGINE=MyISAM AUTO_INCREMENT=2 DEFAULT CHARSET=latin1;
/*!40101 SET character_set_client = @saved_cs_client */;

LOCK TABLES `tracker_connections` WRITE;
/*!40000 ALTER TABLE `tracker_connections` DISABLE KEYS */;
INSERT INTO `tracker_connections` VALUES (1,'mysql','2020-10-13 20:02:48','2020-10-13 20:02:48');
/*!40000 ALTER TABLE `tracker_connections` ENABLE KEYS */;
UNLOCK TABLES;
DROP TABLE IF EXISTS `tracker_cookies`;
/*!40101 SET @saved_cs_client     = @@character_set_client */;
/*!40101 SET character_set_client = utf8 */;
CREATE TABLE `tracker_cookies` (
  `id` bigint(20) unsigned NOT NULL AUTO_INCREMENT,
  `uuid` varchar(191) NOT NULL,
  `created_at` timestamp NULL DEFAULT NULL,
  `updated_at` timestamp NULL DEFAULT NULL,
  PRIMARY KEY (`id`),
  UNIQUE KEY `tracker_cookies_uuid_unique` (`uuid`),
  KEY `tracker_cookies_created_at_index` (`created_at`),
  KEY `tracker_cookies_updated_at_index` (`updated_at`)
) ENGINE=MyISAM AUTO_INCREMENT=3 DEFAULT CHARSET=latin1;
/*!40101 SET character_set_client = @saved_cs_client */;

LOCK TABLES `tracker_cookies` WRITE;
/*!40000 ALTER TABLE `tracker_cookies` DISABLE KEYS */;
INSERT INTO `tracker_cookies` VALUES (1,'018e5295-1624-4d0e-88ef-9d68a1859bf7','2020-10-13 20:02:48','2020-10-13 20:02:48'),(2,'eyJpdiI6IlNGZ25pcDVWNmRqbGdvZ3pyd1k4d1E9PSIsInZhbHVlIjoiSXpBTnY2aEpXZFcxbnN1eXBlc0pWVU15MW9WOG1yV3p1NFRNLytUcXdGWlJXNXh5TDgyam1xdFlxbVMxMGNvN2F2elFWQ1h5aXJ1dVJZVUNjblZkcnRjcjBqVVdsVzgzZEN1TDJ','2020-10-13 20:02:54','2020-10-13 20:02:54');
/*!40000 ALTER TABLE `tracker_cookies` ENABLE KEYS */;
UNLOCK TABLES;
DROP TABLE IF EXISTS `tracker_devices`;
/*!40101 SET @saved_cs_client     = @@character_set_client */;
/*!40101 SET character_set_client = utf8 */;
CREATE TABLE `tracker_devices` (
  `id` bigint(20) unsigned NOT NULL AUTO_INCREMENT,
  `kind` varchar(16) NOT NULL,
  `model` varchar(64) NOT NULL,
  `platform` varchar(64) NOT NULL,
  `platform_version` varchar(16) NOT NULL,
  `is_mobile` tinyint(1) NOT NULL,
  `created_at` timestamp NULL DEFAULT NULL,
  `updated_at` timestamp NULL DEFAULT NULL,
  PRIMARY KEY (`id`),
  UNIQUE KEY `tracker_devices_kind_model_platform_platform_version_unique` (`kind`,`model`,`platform`,`platform_version`),
  KEY `tracker_devices_created_at_index` (`created_at`),
  KEY `tracker_devices_updated_at_index` (`updated_at`),
  KEY `tracker_devices_kind_index` (`kind`),
  KEY `tracker_devices_model_index` (`model`),
  KEY `tracker_devices_platform_index` (`platform`),
  KEY `tracker_devices_platform_version_index` (`platform_version`)
) ENGINE=MyISAM AUTO_INCREMENT=11 DEFAULT CHARSET=latin1;
/*!40101 SET character_set_client = @saved_cs_client */;

LOCK TABLES `tracker_devices` WRITE;
/*!40000 ALTER TABLE `tracker_devices` DISABLE KEYS */;
INSERT INTO `tracker_devices` VALUES (1,'Computer','WebKit','Windows','10',0,'2020-10-13 20:02:48','2020-10-13 20:02:48'),(2,'Computer','0','Other','',0,'2020-10-24 13:30:50','2020-10-24 13:30:50'),(3,'Phone','Nexus','Android','6.0',1,'2020-10-28 13:59:59','2020-10-28 13:59:59'),(4,'Computer','WebKit','Linux','',0,'2020-10-29 15:18:06','2020-10-29 15:18:06'),(5,'Computer','Macintosh','Mac OS X','10.14.5',0,'2020-11-06 15:57:42','2020-11-06 15:57:42'),(6,'Phone','WebKit','Android','10',1,'2020-11-06 15:58:13','2020-11-06 15:58:13'),(7,'Phone','Samsung','Android','9',1,'2020-11-06 16:11:20','2020-11-06 16:11:20'),(8,'Computer','WebKit','Windows','7',0,'2020-11-06 16:47:06','2020-11-06 16:47:06'),(9,'Computer','0','Ubuntu','',0,'2020-11-07 05:42:46','2020-11-07 05:42:46'),(10,'Computer','Macintosh','Mac OS X','10.6.8',0,'2020-11-07 05:43:02','2020-11-07 05:43:02');
/*!40000 ALTER TABLE `tracker_devices` ENABLE KEYS */;
UNLOCK TABLES;
DROP TABLE IF EXISTS `tracker_domains`;
/*!40101 SET @saved_cs_client     = @@character_set_client */;
/*!40101 SET character_set_client = utf8 */;
CREATE TABLE `tracker_domains` (
  `id` bigint(20) unsigned NOT NULL AUTO_INCREMENT,
  `name` varchar(191) NOT NULL,
  `created_at` timestamp NULL DEFAULT NULL,
  `updated_at` timestamp NULL DEFAULT NULL,
  PRIMARY KEY (`id`),
  KEY `tracker_domains_created_at_index` (`created_at`),
  KEY `tracker_domains_updated_at_index` (`updated_at`),
  KEY `tracker_domains_name_index` (`name`)
) ENGINE=MyISAM AUTO_INCREMENT=4 DEFAULT CHARSET=latin1;
/*!40101 SET character_set_client = @saved_cs_client */;

LOCK TABLES `tracker_domains` WRITE;
/*!40000 ALTER TABLE `tracker_domains` DISABLE KEYS */;
INSERT INTO `tracker_domains` VALUES (1,'microcrm.in','2020-10-13 20:03:10','2020-10-13 20:03:10'),(2,'google.com','2020-10-31 14:23:19','2020-10-31 14:23:19'),(3,'skfin.in','2020-11-06 16:07:03','2020-11-06 16:07:03');
/*!40000 ALTER TABLE `tracker_domains` ENABLE KEYS */;
UNLOCK TABLES;
DROP TABLE IF EXISTS `tracker_errors`;
/*!40101 SET @saved_cs_client     = @@character_set_client */;
/*!40101 SET character_set_client = utf8 */;
CREATE TABLE `tracker_errors` (
  `id` bigint(20) unsigned NOT NULL AUTO_INCREMENT,
  `code` varchar(191) DEFAULT NULL,
  `message` varchar(191) NOT NULL,
  `created_at` timestamp NULL DEFAULT NULL,
  `updated_at` timestamp NULL DEFAULT NULL,
  PRIMARY KEY (`id`),
  KEY `tracker_errors_created_at_index` (`created_at`),
  KEY `tracker_errors_updated_at_index` (`updated_at`),
  KEY `tracker_errors_code_index` (`code`),
  KEY `tracker_errors_message_index` (`message`)
) ENGINE=MyISAM AUTO_INCREMENT=92 DEFAULT CHARSET=latin1;
/*!40101 SET character_set_client = @saved_cs_client */;

LOCK TABLES `tracker_errors` WRITE;
/*!40000 ALTER TABLE `tracker_errors` DISABLE KEYS */;
INSERT INTO `tracker_errors` VALUES (1,NULL,'Target class [admin] does not exist.','2020-10-13 19:53:27','2020-10-13 19:53:27'),(2,'23000','SQLSTATE[23000]: Integrity constraint violation: 1062 Duplicate entry \'eyJpdiI6IlNGZ25pcDVWNmRqbGdvZ3pyd1k4d1E9PSIsInZhbHVlIjoiSXpBTnY2\' for key \'tracker_cookies_uuid_unique\' (SQL: insert int','2020-10-13 20:03:11','2020-10-13 20:03:11'),(3,'23000','SQLSTATE[23000]: Integrity constraint violation: 1062 Duplicate entry \'eyJpdiI6IlNGZ25pcDVWNmRqbGdvZ3pyd1k4d1E9PSIsInZhbHVlIjoiSXpBTnY2\' for key \'tracker_cookies_uuid_unique\' (SQL: insert int','2020-10-13 20:03:26','2020-10-13 20:03:26'),(4,'23000','SQLSTATE[23000]: Integrity constraint violation: 1062 Duplicate entry \'eyJpdiI6IlNGZ25pcDVWNmRqbGdvZ3pyd1k4d1E9PSIsInZhbHVlIjoiSXpBTnY2\' for key \'tracker_cookies_uuid_unique\' (SQL: insert int','2020-10-13 20:03:39','2020-10-13 20:03:39'),(5,'23000','SQLSTATE[23000]: Integrity constraint violation: 1062 Duplicate entry \'eyJpdiI6IlNGZ25pcDVWNmRqbGdvZ3pyd1k4d1E9PSIsInZhbHVlIjoiSXpBTnY2\' for key \'tracker_cookies_uuid_unique\' (SQL: insert int','2020-10-13 20:03:44','2020-10-13 20:03:44'),(6,'404','','2020-10-13 21:23:57','2020-10-13 21:23:57'),(7,NULL,'Class \'App\\Http\\Controllers\\Validator\' not found','2020-10-13 23:41:10','2020-10-13 23:41:10'),(8,NULL,'Class \'App\\Http\\Controllers\\Input\' not found','2020-10-13 23:41:45','2020-10-13 23:41:45'),(9,NULL,'Class \'Illuminate\\Support\\Facades\\Input\' not found','2020-10-13 23:42:08','2020-10-13 23:42:08'),(10,NULL,'Class \'App\\Http\\Controllers\\Redirect\' not found','2020-10-13 23:48:22','2020-10-13 23:48:22'),(11,NULL,'Class \'App\\Http\\Controllers\\DB\' not found','2020-10-13 23:49:33','2020-10-13 23:49:33'),(12,NULL,'Argument 1 passed to Illuminate\\Auth\\SessionGuard::login() must be an instance of Illuminate\\Contracts\\Auth\\Authenticatable, instance of stdClass given, called in /home/microcrm/esskay.microc','2020-10-13 23:54:25','2020-10-13 23:54:25'),(13,NULL,'syntax error, unexpected end of file, expecting function (T_FUNCTION) or const (T_CONST)','2020-10-13 23:57:42','2020-10-13 23:57:42'),(14,NULL,'CSRF token mismatch.','2020-10-13 23:58:16','2020-10-13 23:58:16'),(15,NULL,'Method App\\Http\\Controllers\\HomeController::userOTP does not exist.','2020-10-14 00:18:10','2020-10-14 00:18:10'),(16,NULL,'View [user_otp] not found.','2020-10-14 00:21:51','2020-10-14 00:21:51'),(17,NULL,'Class \'App\\Http\\Controllers\\Auth\' not found','2020-10-14 09:38:21','2020-10-14 09:38:21'),(18,NULL,'Method App\\Http\\Controllers\\HomeController::guard does not exist.','2020-10-14 09:38:51','2020-10-14 09:38:51'),(19,NULL,'syntax error, unexpected \';\', expecting \')\'','2020-10-14 09:42:50','2020-10-14 09:42:50'),(20,'8','Undefined offset: 1','2020-10-14 10:28:38','2020-10-14 10:28:38'),(21,NULL,'Undefined offset: 1 (View: /home/microcrm/esskay.microcrm.in/resources/views/ess-kay-home.blade.php)','2020-10-14 10:28:38','2020-10-14 10:28:38'),(22,NULL,'Target class [App\\Http\\Middleware\\TrimStrings] does not exist.','2020-10-14 15:38:30','2020-10-14 15:38:30'),(23,NULL,'The given data was invalid.','2020-10-14 15:39:18','2020-10-14 15:39:18'),(24,'8','unserialize(): Error at offset 0 of 472 bytes','2020-10-14 16:31:02','2020-10-14 16:31:02'),(25,'8','unserialize(): Error at offset 0 of 123 bytes','2020-10-14 17:00:31','2020-10-14 17:00:31'),(26,'405','The POST method is not supported for this route. Supported methods: GET, HEAD.','2020-10-14 17:10:25','2020-10-14 17:10:25'),(27,NULL,'Class \'App\\Models\\Page\' not found','2020-10-14 18:37:45','2020-10-14 18:37:45'),(28,'8','Undefined variable: page_title','2020-10-14 18:58:46','2020-10-14 18:58:46'),(29,NULL,'Undefined variable: page_title (View: /home/microcrm/esskay.microcrm.in/resources/views/ess-kay-homepage.blade.php)','2020-10-14 18:58:46','2020-10-14 18:58:46'),(30,'8','Undefined variable: name','2020-10-14 19:38:24','2020-10-14 19:38:24'),(31,NULL,'Undefined variable: name (View: /home/microcrm/esskay.microcrm.in/resources/views/emails/contact_us.blade.php)','2020-10-14 19:38:24','2020-10-14 19:38:24'),(32,'2','htmlspecialchars() expects parameter 1 to be string, object given','2020-10-14 19:39:35','2020-10-14 19:39:35'),(33,NULL,'htmlspecialchars() expects parameter 1 to be string, object given (View: /home/microcrm/esskay.microcrm.in/resources/views/emails/contact_us.blade.php)','2020-10-14 19:39:35','2020-10-14 19:39:35'),(34,NULL,'Failed to authenticate on SMTP server with username \"communication@skfin.in\" using 2 possible authenticators. Authenticator LOGIN returned Expected response code 235 but got code \"535\", with ','2020-10-14 19:41:55','2020-10-14 19:41:55'),(35,NULL,'Unauthorized access - you do not have the necessary permissions to see this page.','2020-10-15 09:39:04','2020-10-15 09:39:04'),(36,NULL,'View [fields.tel] not found. (View: /home/microcrm/esskay.microcrm.in/resources/views/vendor/backpack/crud/inc/show_fields.blade.php)','2020-10-15 09:41:55','2020-10-15 09:41:55'),(37,'2','unlink(/home/microcrm/esskay.microcrm.in/storage/framework/cache/data/19/2a/192ad8687b057ec35d051ce3f6c37558bb7db831): No such file or directory','2020-10-21 14:55:32','2020-10-21 14:55:32'),(38,'2','file_get_contents(): SSL: Connection reset by peer','2020-10-23 22:06:58','2020-10-23 22:06:58'),(39,NULL,'file_get_contents(): SSL: Connection reset by peer','2020-10-23 22:06:58','2020-10-23 22:06:58'),(40,NULL,'syntax error, unexpected \'}\', expecting \',\' or \')\' (View: /home/microcrm/esskay.microcrm.in/resources/views/ess-kay-home.blade.php)','2020-10-24 16:36:32','2020-10-24 16:36:32'),(41,NULL,'syntax error, unexpected \';\', expecting \',\' or \')\' (View: /home/microcrm/esskay.microcrm.in/resources/views/ess-kay-home.blade.php)','2020-10-24 16:43:15','2020-10-24 16:43:15'),(42,'2','Use of undefined constant site_logo - assumed \'site_logo\' (this will throw an Error in a future version of PHP)','2020-10-24 17:39:06','2020-10-24 17:39:06'),(43,NULL,'Use of undefined constant site_logo - assumed \'site_logo\' (this will throw an Error in a future version of PHP) (View: /home/microcrm/esskay.microcrm.in/resources/views/ess-kay-contact.blade.','2020-10-24 17:39:06','2020-10-24 17:39:06'),(44,'8','Undefined property: stdClass::$name','2020-10-24 18:24:42','2020-10-24 18:24:42'),(45,NULL,'Undefined property: stdClass::$name','2020-10-24 18:24:42','2020-10-24 18:24:42'),(46,'405','The GET method is not supported for this route. Supported methods: POST.','2020-10-24 18:25:15','2020-10-24 18:25:15'),(47,'8','Undefined property: stdClass::$category_id','2020-10-24 20:28:12','2020-10-24 20:28:12'),(48,NULL,'Undefined property: stdClass::$category_id','2020-10-24 20:28:12','2020-10-24 20:28:12'),(49,NULL,'Too few arguments to function Illuminate\\Database\\Query\\Builder::leftJoin(), 1 passed in /home/microcrm/esskay.microcrm.in/app/Http/Controllers/HomeController.php on line 538 and at least 2 e','2020-10-24 20:30:58','2020-10-24 20:30:58'),(50,'8','Undefined property: stdClass::$article_id','2020-10-24 20:37:43','2020-10-24 20:37:43'),(51,NULL,'Undefined property: stdClass::$article_id','2020-10-24 20:37:43','2020-10-24 20:37:43'),(52,NULL,'syntax error, unexpected \'=>\' (T_DOUBLE_ARROW), expecting \',\' or \')\'','2020-10-24 21:36:38','2020-10-24 21:36:38'),(53,'8','Array to string conversion','2020-10-25 21:37:07','2020-10-25 21:37:07'),(54,NULL,'Array to string conversion','2020-10-25 21:37:07','2020-10-25 21:37:07'),(55,NULL,'The file \"/home/microcrm/esskay.microcrm.in/publicuploads/documents/dm.zip\" does not exist','2020-10-25 22:09:07','2020-10-25 22:09:07'),(56,NULL,'Target class [App\\Http\\Controllers\\HomeController] does not exist.','2020-10-25 22:15:03','2020-10-25 22:15:03'),(57,'23000','SQLSTATE[23000]: Integrity constraint violation: 1048 Column \'designation\' cannot be null (SQL: insert into `enquiry` (`name`, `email`, `telephone`, `organization`, `designation`, `message`, ','2020-10-26 18:39:41','2020-10-26 18:39:41'),(58,'23000','SQLSTATE[23000]: Integrity constraint violation: 1048 Column \'designation\' cannot be null (SQL: insert into `enquiry` (`name`, `email`, `telephone`, `organization`, `designation`, `message`, ','2020-10-26 18:39:54','2020-10-26 18:39:54'),(59,NULL,'Failed to authenticate on SMTP server with username \"communication@skfin.in\" using 2 possible authenticators. Authenticator LOGIN returned Expected response code 235 but got code \"535\", with ','2020-10-27 14:54:50','2020-10-27 14:54:50'),(60,'2','class_implements(): Class App\\Http\\Middleware\\VerifyCsrfToken does not exist and could not be loaded','2020-10-27 14:58:02','2020-10-27 14:58:02'),(61,NULL,'Target class [App\\Http\\Middleware\\VerifyCsrfToken] does not exist.','2020-10-27 14:58:02','2020-10-27 14:58:02'),(62,NULL,'Failed to authenticate on SMTP server with username \"communication@skfin.in\" using 2 possible authenticators. Authenticator LOGIN returned Expected response code 235 but got code \"535\", with ','2020-10-27 15:05:48','2020-10-27 15:05:48'),(63,NULL,'Failed to authenticate on SMTP server with username \"communication@skfin.in\" using 2 possible authenticators. Authenticator LOGIN returned Expected response code 235 but got code \"535\", with ','2020-10-27 15:10:01','2020-10-27 15:10:01'),(64,NULL,'Failed to authenticate on SMTP server with username \"communication@skfin.in\" using 2 possible authenticators. Authenticator LOGIN returned Expected response code 235 but got code \"535\", with ','2020-10-27 15:15:37','2020-10-27 15:15:37'),(65,NULL,'Failed to authenticate on SMTP server with username \"communication@skfin.in\" using 2 possible authenticators. Authenticator LOGIN returned Expected response code 235 but got code \"535\", with ','2020-10-27 15:18:57','2020-10-27 15:18:57'),(66,'8','Trying to get property \'user_otp\' of non-object','2020-10-27 18:16:53','2020-10-27 18:16:53'),(67,NULL,'Trying to get property \'user_otp\' of non-object','2020-10-27 18:16:53','2020-10-27 18:16:53'),(68,'500','The model does not exist.','2020-10-28 15:09:12','2020-10-28 15:09:12'),(69,'42S22','SQLSTATE[42S22]: Column not found: 1054 Unknown column \'articles.category_id\' in \'where clause\' (SQL: select * from `articles` where `articles`.`category_id` in (1, 2, 3, 4, 5, 6))','2020-10-28 17:16:20','2020-10-28 17:16:20'),(70,'8','Undefined index: short_description','2020-10-28 17:37:06','2020-10-28 17:37:06'),(71,NULL,'Undefined index: short_description (View: /home/microcrm/esskay.microcrm.in/resources/views/ess-kay-news.blade.php)','2020-10-28 17:37:07','2020-10-28 17:37:07'),(72,NULL,'Target class [App\\Http\\Middleware\\CheckForMaintenanceMode] does not exist.','2020-10-28 20:04:56','2020-10-28 20:04:56'),(73,NULL,'View [fields.banking_arrangment_edit] not found. (View: /home/microcrm/esskay.microcrm.in/resources/views/vendor/backpack/crud/inc/show_fields.blade.php)','2020-10-29 10:38:34','2020-10-29 10:38:34'),(74,NULL,'Call to undefined method Illuminate\\Database\\Query\\Builder::all()','2020-10-29 15:30:02','2020-10-29 15:30:02'),(75,NULL,'Cannot use object of type stdClass as array','2020-10-29 15:37:50','2020-10-29 15:37:50'),(76,NULL,'View [fields.check] not found. (View: /home/microcrm/esskay.microcrm.in/resources/views/vendor/backpack/crud/inc/show_fields.blade.php)','2020-11-05 13:04:37','2020-11-05 13:04:37'),(77,'8','Undefined index: options','2020-11-05 13:09:50','2020-11-05 13:09:50'),(78,NULL,'Undefined index: options (View: /home/microcrm/esskay.microcrm.in/resources/views/vendor/backpack/crud/fields/select2_from_array.blade.php)','2020-11-05 13:09:50','2020-11-05 13:09:50'),(79,'8','Trying to get property \'name\' of non-object','2020-11-05 15:27:38','2020-11-05 15:27:38'),(80,NULL,'Trying to get property \'name\' of non-object','2020-11-05 15:27:38','2020-11-05 15:27:38'),(81,'8','Trying to get property \'parent_id\' of non-object','2020-11-05 15:29:47','2020-11-05 15:29:47'),(82,NULL,'Trying to get property \'parent_id\' of non-object','2020-11-05 15:29:47','2020-11-05 15:29:47'),(83,NULL,'Call to undefined method App\\Models\\UserDocument::article()','2020-11-05 20:26:19','2020-11-05 20:26:19'),(84,'22007','SQLSTATE[22007]: Invalid datetime format: 1292 Incorrect datetime value: \'0000-00-00 00:00:00\' for column \'created_at\' at row 1 (SQL: ALTER TABLE `lenders` CHANGE `password` `password` VARCHA','2020-11-06 16:03:55','2020-11-06 16:03:55'),(85,'22007','SQLSTATE[22007]: Invalid datetime format: 1292 Incorrect datetime value: \'0000-00-00 00:00:00\' for column \'created_at\' at row 1 (SQL: ALTER TABLE `lenders` CHANGE `password` `password` VARCHA','2020-11-06 16:04:19','2020-11-06 16:04:19'),(86,'22007','SQLSTATE[22007]: Invalid datetime format: 1292 Incorrect datetime value: \'0000-00-00 00:00:00\' for column \'created_at\' at row 1 (SQL: ALTER TABLE `lenders` CHANGE `password` `password` VARCHA','2020-11-06 16:05:49','2020-11-06 16:05:49'),(87,'22007','SQLSTATE[22007]: Invalid datetime format: 1292 Incorrect datetime value: \'0000-00-00 00:00:00\' for column \'created_at\' at row 1 (SQL: ALTER TABLE `lenders` CHANGE `password` `password` VARCHA','2020-11-06 16:06:09','2020-11-06 16:06:09'),(88,'23000','SQLSTATE[23000]: Integrity constraint violation: 1048 Column \'password\' cannot be null (SQL: update `lenders` set `password` = ?, `lenders`.`updated_at` = 2020-11-06 17:25:09 where `id` = 1)','2020-11-06 17:25:09','2020-11-06 17:25:09'),(89,'22007','SQLSTATE[22007]: Invalid datetime format: 1292 Incorrect datetime value: \'0000-00-00 00:00:00\' for column \'created_at\' at row 1 (SQL: ALTER TABLE `lenders` CHANGE `password` `password` VARCHA','2020-11-06 17:25:47','2020-11-06 17:25:47'),(90,'23000','SQLSTATE[23000]: Integrity constraint violation: 1048 Column \'password\' cannot be null (SQL: update `lenders` set `password` = ?, `lenders`.`updated_at` = 2020-11-06 17:37:29 where `id` = 1)','2020-11-06 17:37:29','2020-11-06 17:37:29'),(91,'2','unlink(/home/skfinyqs/investor.skfin.in/storage/framework/sessions/A6RjUSoMEdv541vTkqRoI5sGpnlsHHlAj2dhEnxV): No such file or directory','2020-11-07 09:42:53','2020-11-07 09:42:53');
/*!40000 ALTER TABLE `tracker_errors` ENABLE KEYS */;
UNLOCK TABLES;
DROP TABLE IF EXISTS `tracker_events`;
/*!40101 SET @saved_cs_client     = @@character_set_client */;
/*!40101 SET character_set_client = utf8 */;
CREATE TABLE `tracker_events` (
  `id` bigint(20) unsigned NOT NULL AUTO_INCREMENT,
  `name` varchar(191) NOT NULL,
  `created_at` timestamp NULL DEFAULT NULL,
  `updated_at` timestamp NULL DEFAULT NULL,
  PRIMARY KEY (`id`),
  KEY `tracker_events_created_at_index` (`created_at`),
  KEY `tracker_events_updated_at_index` (`updated_at`),
  KEY `tracker_events_name_index` (`name`)
) ENGINE=MyISAM DEFAULT CHARSET=latin1;
/*!40101 SET character_set_client = @saved_cs_client */;

LOCK TABLES `tracker_events` WRITE;
/*!40000 ALTER TABLE `tracker_events` DISABLE KEYS */;
/*!40000 ALTER TABLE `tracker_events` ENABLE KEYS */;
UNLOCK TABLES;
DROP TABLE IF EXISTS `tracker_events_log`;
/*!40101 SET @saved_cs_client     = @@character_set_client */;
/*!40101 SET character_set_client = utf8 */;
CREATE TABLE `tracker_events_log` (
  `id` bigint(20) unsigned NOT NULL AUTO_INCREMENT,
  `event_id` bigint(20) unsigned NOT NULL,
  `class_id` bigint(20) unsigned DEFAULT NULL,
  `log_id` bigint(20) unsigned NOT NULL,
  `created_at` timestamp NULL DEFAULT NULL,
  `updated_at` timestamp NULL DEFAULT NULL,
  PRIMARY KEY (`id`),
  KEY `tracker_events_log_created_at_index` (`created_at`),
  KEY `tracker_events_log_updated_at_index` (`updated_at`),
  KEY `tracker_events_log_event_id_index` (`event_id`),
  KEY `tracker_events_log_class_id_index` (`class_id`),
  KEY `tracker_events_log_log_id_index` (`log_id`)
) ENGINE=MyISAM DEFAULT CHARSET=latin1;
/*!40101 SET character_set_client = @saved_cs_client */;

LOCK TABLES `tracker_events_log` WRITE;
/*!40000 ALTER TABLE `tracker_events_log` DISABLE KEYS */;
/*!40000 ALTER TABLE `tracker_events_log` ENABLE KEYS */;
UNLOCK TABLES;
DROP TABLE IF EXISTS `tracker_geoip`;
/*!40101 SET @saved_cs_client     = @@character_set_client */;
/*!40101 SET character_set_client = utf8 */;
CREATE TABLE `tracker_geoip` (
  `id` bigint(20) unsigned NOT NULL AUTO_INCREMENT,
  `latitude` double DEFAULT NULL,
  `longitude` double DEFAULT NULL,
  `country_code` varchar(2) DEFAULT NULL,
  `country_code3` varchar(3) DEFAULT NULL,
  `country_name` varchar(191) DEFAULT NULL,
  `region` varchar(2) DEFAULT NULL,
  `city` varchar(50) DEFAULT NULL,
  `postal_code` varchar(20) DEFAULT NULL,
  `area_code` bigint(20) DEFAULT NULL,
  `dma_code` double DEFAULT NULL,
  `metro_code` double DEFAULT NULL,
  `continent_code` varchar(2) DEFAULT NULL,
  `created_at` timestamp NULL DEFAULT NULL,
  `updated_at` timestamp NULL DEFAULT NULL,
  PRIMARY KEY (`id`),
  KEY `tracker_geoip_created_at_index` (`created_at`),
  KEY `tracker_geoip_updated_at_index` (`updated_at`),
  KEY `tracker_geoip_latitude_index` (`latitude`),
  KEY `tracker_geoip_longitude_index` (`longitude`),
  KEY `tracker_geoip_country_code_index` (`country_code`),
  KEY `tracker_geoip_country_code3_index` (`country_code3`),
  KEY `tracker_geoip_country_name_index` (`country_name`),
  KEY `tracker_geoip_city_index` (`city`)
) ENGINE=MyISAM DEFAULT CHARSET=latin1;
/*!40101 SET character_set_client = @saved_cs_client */;

LOCK TABLES `tracker_geoip` WRITE;
/*!40000 ALTER TABLE `tracker_geoip` DISABLE KEYS */;
/*!40000 ALTER TABLE `tracker_geoip` ENABLE KEYS */;
UNLOCK TABLES;
DROP TABLE IF EXISTS `tracker_languages`;
/*!40101 SET @saved_cs_client     = @@character_set_client */;
/*!40101 SET character_set_client = utf8 */;
CREATE TABLE `tracker_languages` (
  `id` bigint(20) unsigned NOT NULL AUTO_INCREMENT,
  `preference` varchar(191) NOT NULL,
  `language-range` varchar(191) NOT NULL,
  `created_at` timestamp NULL DEFAULT NULL,
  `updated_at` timestamp NULL DEFAULT NULL,
  PRIMARY KEY (`id`),
  UNIQUE KEY `tracker_languages_preference_language_range_unique` (`preference`,`language-range`),
  KEY `tracker_languages_created_at_index` (`created_at`),
  KEY `tracker_languages_updated_at_index` (`updated_at`),
  KEY `tracker_languages_preference_index` (`preference`),
  KEY `tracker_languages_language_range_index` (`language-range`)
) ENGINE=MyISAM AUTO_INCREMENT=11 DEFAULT CHARSET=latin1;
/*!40101 SET character_set_client = @saved_cs_client */;

LOCK TABLES `tracker_languages` WRITE;
/*!40000 ALTER TABLE `tracker_languages` DISABLE KEYS */;
INSERT INTO `tracker_languages` VALUES (1,'en-us','en-us,en,hi,fr','2020-10-13 20:02:48','2020-10-13 20:02:48'),(2,'en-us','en-us,en','2020-10-14 13:11:46','2020-10-14 13:11:46'),(3,'en-us','en-us,en,hi','2020-10-15 09:32:32','2020-10-15 09:32:32'),(4,'en-us','en-us,en,es','2020-10-21 19:25:23','2020-10-21 19:25:23'),(5,'en','','2020-10-24 13:30:50','2020-10-24 13:30:50'),(6,'en','en','2020-10-29 13:35:44','2020-10-29 13:35:44'),(7,'en-us','en-us,en,fr','2020-10-29 15:25:59','2020-10-29 15:25:59'),(8,'en-gb','en-gb,en-us,en','2020-11-06 15:57:42','2020-11-06 15:57:42'),(9,'en-gb','en-gb,en,en-us','2020-11-06 16:11:21','2020-11-06 16:11:21'),(10,'en-gb','en-gb,en,hi-in,hi,en-us','2020-11-06 16:11:41','2020-11-06 16:11:41');
/*!40000 ALTER TABLE `tracker_languages` ENABLE KEYS */;
UNLOCK TABLES;
DROP TABLE IF EXISTS `tracker_log`;
/*!40101 SET @saved_cs_client     = @@character_set_client */;
/*!40101 SET character_set_client = utf8 */;
CREATE TABLE `tracker_log` (
  `id` bigint(20) unsigned NOT NULL AUTO_INCREMENT,
  `session_id` bigint(20) unsigned NOT NULL,
  `path_id` bigint(20) unsigned DEFAULT NULL,
  `query_id` bigint(20) unsigned DEFAULT NULL,
  `method` varchar(10) NOT NULL,
  `route_path_id` bigint(20) unsigned DEFAULT NULL,
  `is_ajax` tinyint(1) NOT NULL,
  `is_secure` tinyint(1) NOT NULL,
  `is_json` tinyint(1) NOT NULL,
  `wants_json` tinyint(1) NOT NULL,
  `error_id` bigint(20) unsigned DEFAULT NULL,
  `created_at` timestamp NULL DEFAULT NULL,
  `updated_at` timestamp NULL DEFAULT NULL,
  `referer_id` int(10) unsigned DEFAULT NULL,
  PRIMARY KEY (`id`),
  KEY `tracker_log_created_at_index` (`created_at`),
  KEY `tracker_log_updated_at_index` (`updated_at`),
  KEY `tracker_log_session_id_index` (`session_id`),
  KEY `tracker_log_path_id_index` (`path_id`),
  KEY `tracker_log_query_id_index` (`query_id`),
  KEY `tracker_log_method_index` (`method`),
  KEY `tracker_log_route_path_id_index` (`route_path_id`),
  KEY `tracker_log_error_id_index` (`error_id`),
  KEY `tracker_log_referer_id_index` (`referer_id`)
) ENGINE=MyISAM DEFAULT CHARSET=latin1;
/*!40101 SET character_set_client = @saved_cs_client */;

LOCK TABLES `tracker_log` WRITE;
/*!40000 ALTER TABLE `tracker_log` DISABLE KEYS */;
/*!40000 ALTER TABLE `tracker_log` ENABLE KEYS */;
UNLOCK TABLES;
DROP TABLE IF EXISTS `tracker_paths`;
/*!40101 SET @saved_cs_client     = @@character_set_client */;
/*!40101 SET character_set_client = utf8 */;
CREATE TABLE `tracker_paths` (
  `id` bigint(20) unsigned NOT NULL AUTO_INCREMENT,
  `path` varchar(191) NOT NULL,
  `created_at` timestamp NULL DEFAULT NULL,
  `updated_at` timestamp NULL DEFAULT NULL,
  PRIMARY KEY (`id`),
  KEY `tracker_paths_created_at_index` (`created_at`),
  KEY `tracker_paths_updated_at_index` (`updated_at`),
  KEY `tracker_paths_path_index` (`path`)
) ENGINE=MyISAM AUTO_INCREMENT=294 DEFAULT CHARSET=latin1;
/*!40101 SET character_set_client = @saved_cs_client */;

LOCK TABLES `tracker_paths` WRITE;
/*!40000 ALTER TABLE `tracker_paths` DISABLE KEYS */;
INSERT INTO `tracker_paths` VALUES (1,'/','2020-10-13 20:02:48','2020-10-13 20:02:48'),(2,'esskayadmin','2020-10-13 20:02:55','2020-10-13 20:02:55'),(3,'esskayadmin/login','2020-10-13 20:02:56','2020-10-13 20:02:56'),(4,'esskayadmin/dashboard','2020-10-13 20:04:37','2020-10-13 20:04:37'),(5,'login','2020-10-13 21:23:55','2020-10-13 21:23:55'),(6,'assets/css/style.css','2020-10-13 21:23:57','2020-10-13 21:23:57'),(7,'assets/js/jquery.min.js','2020-10-13 21:23:57','2020-10-13 21:23:57'),(8,'assets/js/bootstrap.min.js','2020-10-13 21:23:58','2020-10-13 21:23:58'),(9,'assets/css/bootstrap.min.css','2020-10-13 21:23:58','2020-10-13 21:23:58'),(10,'assets/images/logo.png','2020-10-13 21:23:59','2020-10-13 21:23:59'),(11,'assets/css/Searchs_130.css.map','2020-10-13 21:26:45','2020-10-13 21:26:45'),(12,'assets/css/bootstrap.min.css.map','2020-10-13 21:26:52','2020-10-13 21:26:52'),(13,'assets/js/bootstrap.min.js.map','2020-10-13 21:27:01','2020-10-13 21:27:01'),(14,'forgot-password-13.html','2020-10-13 21:27:08','2020-10-13 21:27:08'),(15,'saveLogin','2020-10-13 23:34:30','2020-10-13 23:34:30'),(16,'user_otp','2020-10-14 00:11:46','2020-10-14 00:11:46'),(17,'saveUserOTP','2020-10-14 00:27:55','2020-10-14 00:27:55'),(18,'user_password','2020-10-14 09:42:39','2020-10-14 09:42:39'),(19,'esskayadmin/logout','2020-10-14 12:14:35','2020-10-14 12:14:35'),(20,'logout','2020-10-14 12:29:12','2020-10-14 12:29:12'),(21,'esskayadmin/document','2020-10-14 13:12:28','2020-10-14 13:12:28'),(22,'esskayadmin/document/search','2020-10-14 13:12:32','2020-10-14 13:12:32'),(23,'esskayadmin/document/5/edit','2020-10-14 13:12:36','2020-10-14 13:12:36'),(24,'esskayadmin/getSubCategory/2','2020-10-14 13:12:40','2020-10-14 13:12:40'),(25,'esskayadmin/document/5','2020-10-14 13:12:45','2020-10-14 13:12:45'),(26,'esskayadmin/document/5/revise','2020-10-14 13:12:53','2020-10-14 13:12:53'),(27,'esskayadmin/setting','2020-10-14 15:38:13','2020-10-14 15:38:13'),(28,'esskayadmin/setting/search','2020-10-14 15:38:20','2020-10-14 15:38:20'),(29,'esskayadmin/lender','2020-10-14 15:38:52','2020-10-14 15:38:52'),(30,'esskayadmin/lender/search','2020-10-14 15:38:55','2020-10-14 15:38:55'),(31,'esskayadmin/lender/2/edit','2020-10-14 15:38:59','2020-10-14 15:38:59'),(32,'esskayadmin/lender/1/edit','2020-10-14 15:39:13','2020-10-14 15:39:13'),(33,'esskayadmin/lender/1','2020-10-14 15:39:17','2020-10-14 15:39:17'),(34,'esskayadmin/lender/2','2020-10-14 15:43:52','2020-10-14 15:43:52'),(35,'esskayadmin/article','2020-10-14 16:32:21','2020-10-14 16:32:21'),(36,'esskayadmin/category','2020-10-14 16:34:54','2020-10-14 16:34:54'),(37,'esskayadmin/log','2020-10-14 16:40:12','2020-10-14 16:40:12'),(38,'esskayadmin/log/delete/eyJpdiI6Ik5OWW5hTnVKQTJsSm5TcTFZaWpuZHc9PSIsInZhbHVlIjoiRllQZDQ3NzduSnkxU25NK1NiS2FKL09tTW5oZlZGK2JLVytLTE5xblh3QT0iLCJtYWMiOiJhNTFjMzNmNWIzMmExMmNiMjgwYzM3OTU3ZDM5ZDc5','2020-10-14 16:40:18','2020-10-14 16:40:18'),(39,'esskayadmin/log/delete/eyJpdiI6ImJrVVR5aURlME9kRVViMHFFeFRGM0E9PSIsInZhbHVlIjoiZXVVVmwvbjBRUVhQd1ZIc1JRekNpV2Rsck1XM1ZvOTRLektmV3BEM3RFOD0iLCJtYWMiOiI4MWNkNmMzNzA1ZTdkMTIyYWFjMjM0MGY1NTE2OWRj','2020-10-14 16:40:19','2020-10-14 16:40:19'),(40,'esskayadmin/category/search','2020-10-14 16:45:12','2020-10-14 16:45:12'),(41,'esskayadmin/category/reorder','2020-10-14 16:45:29','2020-10-14 16:45:29'),(42,'esskayadmin/tag','2020-10-14 16:45:36','2020-10-14 16:45:36'),(43,'esskayadmin/tag/search','2020-10-14 16:45:39','2020-10-14 16:45:39'),(44,'esskayadmin/article/search','2020-10-14 16:45:47','2020-10-14 16:45:47'),(45,'esskayadmin/article/create','2020-10-14 16:45:54','2020-10-14 16:45:54'),(46,'esskayadmin/article/fetch/category','2020-10-14 16:46:01','2020-10-14 16:46:01'),(47,'esskayadmin/elfinder/popup/image','2020-10-14 16:46:15','2020-10-14 16:46:15'),(48,'esskayadmin/elfinder/connector','2020-10-14 16:46:21','2020-10-14 16:46:21'),(49,'esskayadmin/article/fetch/tags','2020-10-14 16:47:30','2020-10-14 16:47:30'),(50,'homepage','2020-10-14 17:05:06','2020-10-14 17:05:06'),(51,'document','2020-10-14 17:13:39','2020-10-14 17:13:39'),(52,'news','2020-10-14 17:13:43','2020-10-14 17:13:43'),(53,'contact_us','2020-10-14 17:18:13','2020-10-14 17:18:13'),(54,'esskayadmin/page','2020-10-14 18:20:43','2020-10-14 18:20:43'),(55,'esskayadmin/page/search','2020-10-14 18:20:46','2020-10-14 18:20:46'),(56,'esskayadmin/page/1/edit','2020-10-14 18:21:32','2020-10-14 18:21:32'),(57,'esskayadmin/page/1','2020-10-14 18:21:58','2020-10-14 18:21:58'),(58,'esskayadmin/page/2/edit','2020-10-14 18:22:45','2020-10-14 18:22:45'),(59,'esskayadmin/page/2','2020-10-14 18:22:56','2020-10-14 18:22:56'),(60,'esskayadmin/page/2/clone','2020-10-14 18:25:10','2020-10-14 18:25:10'),(61,'esskayadmin/page/3/edit','2020-10-14 18:25:17','2020-10-14 18:25:17'),(62,'esskayadmin/page/3','2020-10-14 18:25:43','2020-10-14 18:25:43'),(63,'esskayadmin/setting/4/edit','2020-10-14 18:41:05','2020-10-14 18:41:05'),(64,'esskayadmin/elfinder/popup/value','2020-10-14 18:41:15','2020-10-14 18:41:15'),(65,'esskayadmin/setting/4','2020-10-14 18:42:11','2020-10-14 18:42:11'),(66,'saveContact','2020-10-14 19:38:22','2020-10-14 19:38:22'),(67,'esskayadmin/contactus','2020-10-14 19:45:20','2020-10-14 19:45:20'),(68,'esskayadmin/contact_us','2020-10-14 19:46:45','2020-10-14 19:46:45'),(69,'esskayadmin/contact_us/search','2020-10-14 19:46:48','2020-10-14 19:46:48'),(70,'esskayadmin/contact_us/4/edit','2020-10-14 19:46:54','2020-10-14 19:46:54'),(71,'forgot-password','2020-10-14 20:37:49','2020-10-14 20:37:49'),(72,'esskayadmin/user','2020-10-15 09:18:26','2020-10-15 09:18:26'),(73,'esskayadmin/user/search','2020-10-15 09:18:31','2020-10-15 09:18:31'),(74,'esskayadmin/user/1/edit','2020-10-15 09:39:04','2020-10-15 09:39:04'),(75,'esskayadmin/user/edit/1','2020-10-15 09:39:12','2020-10-15 09:39:12'),(76,'register','2020-10-15 10:25:23','2020-10-15 10:25:23'),(77,'esskayadmin/lender/2/show','2020-10-15 10:53:13','2020-10-15 10:53:13'),(78,'esskayadmin/lender/create','2020-10-15 11:03:07','2020-10-15 11:03:07'),(79,'esskayadmin/article/5/show','2020-10-15 11:50:05','2020-10-15 11:50:05'),(80,'esskayadmin/article/5/edit','2020-10-15 11:50:20','2020-10-15 11:50:20'),(81,'esskayadmin/category/inline/create/modal','2020-10-15 11:51:13','2020-10-15 11:51:13'),(82,'esskayadmin/log/preview/eyJpdiI6IkdIV0tMOGhVSEVmMG9wbnV4R0prZnc9PSIsInZhbHVlIjoiNTAxNnZTUXYxcUtRSUhvZjBDdnlaSXlsY080bFlGOFBBd3VCVXpzb0g0MD0iLCJtYWMiOiI2MGY5MmE3NDgwMzg1Mzk5Y2MwYzNlZTU2ZGY4NmU','2020-10-15 12:09:04','2020-10-15 12:09:04'),(83,'esskayadmin/enquiry','2020-10-20 20:21:32','2020-10-20 20:21:32'),(84,'esskayadmin/enquiry/search','2020-10-20 20:21:41','2020-10-20 20:21:41'),(85,'esskayadmin/page/5/edit','2020-10-20 20:41:43','2020-10-20 20:41:43'),(86,'esskayadmin/page/5','2020-10-20 20:42:16','2020-10-20 20:42:16'),(87,'assets/js/popper.min.js.map','2020-10-23 12:48:25','2020-10-23 12:48:25'),(88,'.git/config','2020-10-24 13:30:50','2020-10-24 13:30:50'),(89,'home','2020-10-24 16:44:36','2020-10-24 16:44:36'),(90,'esskayadmin/log/delete/eyJpdiI6ImlkcHFMV1JxL01HaE1kV3VuWFUyclE9PSIsInZhbHVlIjoic29vcm9KbXllWnZwZ05XNFYwZXVwOS9GeTR3dDMxSjQ3amkveFJBUStIND0iLCJtYWMiOiI3ZmY4ZmRiZGY0MzJhNTU1YTA1NDU0NDZhYWM4MzEz','2020-10-24 16:44:48','2020-10-24 16:44:48'),(91,'esskayadmin/log/delete/eyJpdiI6InpnUHRPaXIrRy9yajdxUGVQc0lqRGc9PSIsInZhbHVlIjoiR3M4MjM4cVBuTEllbmJrRlNob3g1a2tmOTMrOWdNaG1NTGlqMEFLSnhFbz0iLCJtYWMiOiJlOGU1OWI3ZjYzZTM1YzQ4NThjNzRlNGQzNTM3M2U3','2020-10-24 16:44:50','2020-10-24 16:44:50'),(92,'esskayadmin/log/preview/eyJpdiI6IjlhYjY0dTFpbUxNdy83TkhxYnB6bEE9PSIsInZhbHVlIjoiREdWUjBpR2J1ZnNCL2FLQ09oTnFsUUpOVkdsSVEvanp4N2NWaDFJd01odz0iLCJtYWMiOiI5NmY3ZTE3ZTNjZGUwNjJlNWM1NmJiYzVkY2FmYjA','2020-10-24 16:44:51','2020-10-24 16:44:51'),(93,'esskayadmin/log/delete/eyJpdiI6ImhDR3lmM2ZjQmxqSkdUczFoVXZ5OXc9PSIsInZhbHVlIjoiQnRxajZ6Zm5KajV1ZlQxZEZBN1l6alA5YktrRjlldklJTnpPRFFwZUgrcz0iLCJtYWMiOiI3YjYxNTliMmU1OTkxZDAzYWM4ZWVlMGE0MjM4MDFl','2020-10-24 16:46:27','2020-10-24 16:46:27'),(94,'esskayadmin/log/preview/eyJpdiI6IjBHVkF5ZmJUM2FwR3lkNTdhdzFxbXc9PSIsInZhbHVlIjoiZS9sdGJFWUpaZEc5Y2J2TFZEMzQ5aU4rWlVoWXEvT3Y4MHFPYVdCU0FFQT0iLCJtYWMiOiI1YWI3MmUxYTZiZDU1MTQxM2JmMmZlYWZhYzc0Y2I','2020-10-24 16:46:37','2020-10-24 16:46:37'),(95,'popper.min.js.map','2020-10-24 17:40:35','2020-10-24 17:40:35'),(96,'uploads/articles/blog_image2.jpg','2020-10-24 18:16:44','2020-10-24 18:16:44'),(97,'uploads/articles/blog_image3.jpg','2020-10-24 18:16:45','2020-10-24 18:16:45'),(98,'uploads/articles/blog_image6.jpg','2020-10-24 18:16:45','2020-10-24 18:16:45'),(99,'uploads/articles/blog_image4.jpg','2020-10-24 18:16:46','2020-10-24 18:16:46'),(100,'uploads/articles/blog_image5.jpg','2020-10-24 18:16:46','2020-10-24 18:16:46'),(101,'uploads/articles/blog_image8.jpg','2020-10-24 18:19:49','2020-10-24 18:19:49'),(102,'esskayadmin/log/preview/eyJpdiI6IlpKUEN0YUtud0lpS04zWnhCNGg4c0E9PSIsInZhbHVlIjoiTDNuc2hoN2o4SThYeE5DZ2E2NjZNbHhGcllscVlkOWJsdzBWQkRzaHhwND0iLCJtYWMiOiI4NzY4NzBiNzFiODM1Yjk4NGFiMjgxZjE1NDgzMjE','2020-10-24 18:25:32','2020-10-24 18:25:32'),(103,'esskayadmin/log/delete/eyJpdiI6ImNLYVNoMktybitZaGllcDJJdnRsWUE9PSIsInZhbHVlIjoieEtJZDA5dE80d2l2Qld4VXRLdjhPWmYxVVR5U0NFQ0t5N0kwWWhtOUZuST0iLCJtYWMiOiJkMmM0ODA3ZTg5N2E1NjkwZjJkMmM2YWZkNGE1MTU3','2020-10-24 18:26:05','2020-10-24 18:26:05'),(104,'esskayadmin/categories','2020-10-24 18:33:37','2020-10-24 18:33:37'),(105,'showCategoryData(\'Business\');','2020-10-24 18:38:08','2020-10-24 18:38:08'),(106,'uploads/articles/blog_image11.jpg','2020-10-24 18:42:36','2020-10-24 18:42:36'),(107,'uploads/articles/blog_image12.jpg','2020-10-24 18:46:45','2020-10-24 18:46:45'),(108,'esskayadmin/article/14/edit','2020-10-24 20:13:07','2020-10-24 20:13:07'),(109,'esskayadmin/article/14','2020-10-24 20:25:07','2020-10-24 20:25:07'),(110,'esskayadmin/log/preview/eyJpdiI6ImFMbTZ6STZRSGlHZjBHbkJzb0pHR3c9PSIsInZhbHVlIjoidXJHTGdjZWFidUc2ZVJMSWpIdnRPMTNDN2lvNVRXT21BU1NuSksrSDFIND0iLCJtYWMiOiJjOTA5ODA1NGQwNGZlNzYyYTBiNGU0NTRhN2EyMGU','2020-10-24 20:31:12','2020-10-24 20:31:12'),(111,'esskayadmin/log/preview/eyJpdiI6ImFMbTZ6STZRSGlHZjBHbkJzb0pHR3c9PSIsInZhbHVlIjoidXJHTGdjZWFidUc2ZVJMSWpIdnRPMTNDN2lvNVRXT21BU1NuSksrSDFIND0iLCJtYWMiOiJjOTA5ODA1NGQwNGZlNzYyYTBiNGU0NTRhN2EyMGU','2020-10-24 20:35:21','2020-10-24 20:35:21'),(112,'esskayadmin/log/preview/eyJpdiI6ImFMbTZ6STZRSGlHZjBHbkJzb0pHR3c9PSIsInZhbHVlIjoidXJHTGdjZWFidUc2ZVJMSWpIdnRPMTNDN2lvNVRXT21BU1NuSksrSDFIND0iLCJtYWMiOiJjOTA5ODA1NGQwNGZlNzYyYTBiNGU0NTRhN2EyMGU','2020-10-24 20:35:55','2020-10-24 20:35:55'),(113,'esskayadmin/log/preview/eyJpdiI6ImFMbTZ6STZRSGlHZjBHbkJzb0pHR3c9PSIsInZhbHVlIjoidXJHTGdjZWFidUc2ZVJMSWpIdnRPMTNDN2lvNVRXT21BU1NuSksrSDFIND0iLCJtYWMiOiJjOTA5ODA1NGQwNGZlNzYyYTBiNGU0NTRhN2EyMGU','2020-10-24 20:36:47','2020-10-24 20:36:47'),(114,'esskayadmin/log/preview/eyJpdiI6ImFMbTZ6STZRSGlHZjBHbkJzb0pHR3c9PSIsInZhbHVlIjoidXJHTGdjZWFidUc2ZVJMSWpIdnRPMTNDN2lvNVRXT21BU1NuSksrSDFIND0iLCJtYWMiOiJjOTA5ODA1NGQwNGZlNzYyYTBiNGU0NTRhN2EyMGU','2020-10-24 20:37:48','2020-10-24 20:37:48'),(115,'esskayadmin/log/delete/eyJpdiI6IkI5UlY3RnlzYkE3SFFNSjNFQlJ0d1E9PSIsInZhbHVlIjoidjBJVkhSUU5Wd3BlTEk2SnBtREkvWVN0R0RtUWRQcHhxSXlMSmFaTXEzTT0iLCJtYWMiOiJmNDYzOWFhMmQwMjdiMWU1OWY4YWVjOTFlNzBjYTBl','2020-10-24 20:38:01','2020-10-24 20:38:01'),(116,'showDoc','2020-10-24 21:08:13','2020-10-24 21:08:13'),(117,'esskayadmin/log/preview/eyJpdiI6IldNUGd0OWQrT21rb0JUbm5qOUQ5YXc9PSIsInZhbHVlIjoidzljVCtSTDhYeWRXcnpKb2d1ZkNvWEU4dVN3UGF6amM0TTBZajhkVnQycz0iLCJtYWMiOiIyYzQ1MDZlMmY5ZGVkMTMwODA0MzQzYjk1MGI3OGU','2020-10-24 21:38:08','2020-10-24 21:38:08'),(118,'esskayadmin/log/delete/eyJpdiI6ImxSUlAyL2lNU1h3eWdEeEd5YWh1T2c9PSIsInZhbHVlIjoia1o1Q2hvNXRMZi95Z3c2WnY0YUplc3NyY2xIeW0zMkd4NVRiOGZRR1V4WT0iLCJtYWMiOiIyN2MyNmJhNzlkZTliOGY0NzE5NTYwZTU0ZWE4NDRl','2020-10-24 21:39:08','2020-10-24 21:39:08'),(119,'esskayadmin/document/1/edit','2020-10-24 21:46:45','2020-10-24 21:46:45'),(120,'esskayadmin/document/1','2020-10-24 21:48:00','2020-10-24 21:48:00'),(121,'downloadDoc','2020-10-24 22:00:53','2020-10-24 22:00:53'),(122,'esskayadmin/log/preview/eyJpdiI6IkJjOHhiamZxNEtPOWZBZklvTFZaUVE9PSIsInZhbHVlIjoiQTFveDNZQ0hrVWtHZjRtSmpYTk4renVidVU4RUlUK1dLQTlDZ2ErWTdEQT0iLCJtYWMiOiI3MWE2MDA2MjdiMmQzY2FjY2NkMDAwMmE1ZGJlN2U','2020-10-24 22:03:41','2020-10-24 22:03:41'),(123,'esskayadmin/log/delete/eyJpdiI6IjRZT3p3R2NqeDlQMzRoQVc1RkZUNVE9PSIsInZhbHVlIjoiWWltcmo0TE16ZlNFY2s2c1piSTJ2bEdGUWpBKy9RY3hobTJ5a2NxcEN0Zz0iLCJtYWMiOiI4N2RmNmZjODYwNDI2NTk0YjQ3NDgyM2JiN2RhZjQz','2020-10-24 22:05:10','2020-10-24 22:05:10'),(124,'esskayadmin/user_document','2020-10-24 22:07:19','2020-10-24 22:07:19'),(125,'esskayadmin/user_document/search','2020-10-24 22:16:57','2020-10-24 22:16:57'),(126,'esskayadmin/user_document/8/show','2020-10-24 22:27:31','2020-10-24 22:27:31'),(127,'assignDate','2020-10-25 21:56:38','2020-10-25 21:56:38'),(128,'esskayadmin/log/delete/eyJpdiI6ImdJdGZ2K0JZTFJ3V2ozK0hxZnBsbmc9PSIsInZhbHVlIjoiYjE5NWlqb3dmR3g1U2F5Y2FQa1krbFRpSjl4NDNGRDdHTm1FYURFcmNaOD0iLCJtYWMiOiJjMmMxNGMwNWMwOWFmNDY1MjIxMGJkZDZlOTI5MGUx','2020-10-25 22:09:27','2020-10-25 22:09:27'),(129,'esskayadmin/log/preview/eyJpdiI6IjM1MStOSDFCOWdOQlVyQzFsTkp2R3c9PSIsInZhbHVlIjoicHZuNGhzR2NsWEc5SGtMNTNwRy9ZalJ6SDFFN2svNFFLUFNQUDBidGphbz0iLCJtYWMiOiIzYTBhNDMwMDhkZDk1MWU0MzBiZThlNmJlN2JiMjg','2020-10-25 22:09:28','2020-10-25 22:09:28'),(130,'esskayadmin/log/delete/eyJpdiI6InQwYy96eWJvcXRMMWNNdU1BdGFFWWc9PSIsInZhbHVlIjoiS1NQWG85eWJmTDlNeFBCcHc0ZEJkTFFaMGRLSlBxcE5heVo3M2ZYTnd0ST0iLCJtYWMiOiJhYjVkZDkwMWFjMzY0MmE1Y2NlMDg2MGVlNmEzY2Jl','2020-10-25 22:09:53','2020-10-25 22:09:53'),(131,'esskayadmin/log/preview/eyJpdiI6InRQaXo5ZTZ1MTFBc254WXFvNWs4Qnc9PSIsInZhbHVlIjoiTjNGK1dRVmJWODBxSGdWYlgxVy9OaVNmbnR2VUZnVzhkYU9PNTVxaXpzTT0iLCJtYWMiOiJiZTc4NmIyNjJhM2UyMWIxNDc1YmViOTllMmNkOTc','2020-10-25 22:10:31','2020-10-25 22:10:31'),(132,'downloadDoc/1','2020-10-25 22:22:01','2020-10-25 22:22:01'),(133,'login/skadmin','2020-10-26 16:04:07','2020-10-26 16:04:07'),(134,'esskayadmin/setting/6/edit','2020-10-26 16:12:41','2020-10-26 16:12:41'),(135,'esskayadmin/setting/6','2020-10-26 16:19:35','2020-10-26 16:19:35'),(136,'esskayadmin/setting/5/edit','2020-10-26 16:21:36','2020-10-26 16:21:36'),(137,'esskayadmin/setting/5','2020-10-26 16:21:48','2020-10-26 16:21:48'),(138,'assets/uploads/login/mikhail-derecha-q-XTB-YTsho-unsplash.jpg','2020-10-26 16:23:54','2020-10-26 16:23:54'),(139,'assets/uploads/login/login-bg.jpg','2020-10-26 16:25:20','2020-10-26 16:25:20'),(140,'esskayadmin/setting/8/edit','2020-10-26 17:20:31','2020-10-26 17:20:31'),(141,'esskayadmin/setting/8','2020-10-26 17:21:04','2020-10-26 17:21:04'),(142,'esskayadmin/page/6/edit','2020-10-26 18:08:17','2020-10-26 18:08:17'),(143,'esskayadmin/page/6','2020-10-26 18:08:38','2020-10-26 18:08:38'),(144,'saveRegister','2020-10-26 18:37:41','2020-10-26 18:37:41'),(145,'bootstrap.min.js.map','2020-10-26 18:37:48','2020-10-26 18:37:48'),(146,'esskayadmin/log/preview/eyJpdiI6IjAxV2RKbzdDMzdZODg3TTd3UzRGaVE9PSIsInZhbHVlIjoiRWplTmtHN0VpS2QwQjhoYnFHTU4ySEY5V3ArNk9SbG9sSkhJT3lEQWRtaz0iLCJtYWMiOiI5ODAxNzgyOWViMWM0MGY2ZWM1OTEzNTE2YTFmYmF','2020-10-26 18:40:07','2020-10-26 18:40:07'),(147,'esskayadmin/log/preview/eyJpdiI6IjAxV2RKbzdDMzdZODg3TTd3UzRGaVE9PSIsInZhbHVlIjoiRWplTmtHN0VpS2QwQjhoYnFHTU4ySEY5V3ArNk9SbG9sSkhJT3lEQWRtaz0iLCJtYWMiOiI5ODAxNzgyOWViMWM0MGY2ZWM1OTEzNTE2YTFmYmF','2020-10-26 18:43:04','2020-10-26 18:43:04'),(148,'esskayadmin/log/preview/eyJpdiI6IjAxV2RKbzdDMzdZODg3TTd3UzRGaVE9PSIsInZhbHVlIjoiRWplTmtHN0VpS2QwQjhoYnFHTU4ySEY5V3ArNk9SbG9sSkhJT3lEQWRtaz0iLCJtYWMiOiI5ODAxNzgyOWViMWM0MGY2ZWM1OTEzNTE2YTFmYmF','2020-10-26 18:43:22','2020-10-26 18:43:22'),(149,'esskayadmin/page/4/edit','2020-10-27 10:34:20','2020-10-27 10:34:20'),(150,'esskayadmin/log/delete/eyJpdiI6IjIrL1Q3M3J4RnIvbFE1RHJlZDRoQXc9PSIsInZhbHVlIjoiN0xyVXNFeTBVZzhuZk9OMktMWFFuUWl2Yjl4UWlSSjcrUkFhWGgwaGRuMD0iLCJtYWMiOiIzYjEwMmEwYmUxNjk5YTk2ODEwNWFiMGM3NTk5ZDdl','2020-10-27 12:39:17','2020-10-27 12:39:17'),(151,'esskayadmin/log/delete/eyJpdiI6IjVzMHJDM1N5VFhBMG9wOWRicC82clE9PSIsInZhbHVlIjoiYWkraGdjU2dra0NiYXlGU3NlWkdjMWhpMUxMbDdndnNDVFhONFIvTXdVYz0iLCJtYWMiOiJlODFkNTU4YWI5MGVmOWFlNTU0NDBjMGIwZjJkYzFl','2020-10-27 12:39:18','2020-10-27 12:39:18'),(152,'esskayadmin/backups','2020-10-27 14:55:14','2020-10-27 14:55:14'),(153,'esskayadmin/backup','2020-10-27 14:55:19','2020-10-27 14:55:19'),(154,'esskayadmin/backup/create','2020-10-27 14:55:23','2020-10-27 14:55:23'),(155,'esskayadmin/log/preview/eyJpdiI6IjE1SGhXZHpNeEtia1Q0dDgwRVpCQmc9PSIsInZhbHVlIjoibC9UaklFK2ZXUUVLQVNhWUd2OHNNQUNhb0FPMDZiOFZsandabGw5bTdhQT0iLCJtYWMiOiJjMTQ1ZmY3Y2NjNWEyY2YzMDBmZmUyOGM2NTFlNjc','2020-10-27 15:07:04','2020-10-27 15:07:04'),(156,'esskayadmin/log/preview/eyJpdiI6IjE1SGhXZHpNeEtia1Q0dDgwRVpCQmc9PSIsInZhbHVlIjoibC9UaklFK2ZXUUVLQVNhWUd2OHNNQUNhb0FPMDZiOFZsandabGw5bTdhQT0iLCJtYWMiOiJjMTQ1ZmY3Y2NjNWEyY2YzMDBmZmUyOGM2NTFlNjc','2020-10-27 15:10:08','2020-10-27 15:10:08'),(157,'send_mail','2020-10-27 15:15:04','2020-10-27 15:15:04'),(158,'esskayadmin/log/preview/eyJpdiI6IjE1SGhXZHpNeEtia1Q0dDgwRVpCQmc9PSIsInZhbHVlIjoibC9UaklFK2ZXUUVLQVNhWUd2OHNNQUNhb0FPMDZiOFZsandabGw5bTdhQT0iLCJtYWMiOiJjMTQ1ZmY3Y2NjNWEyY2YzMDBmZmUyOGM2NTFlNjc','2020-10-27 15:15:36','2020-10-27 15:15:36'),(159,'esskayadmin/log/preview/eyJpdiI6IjE1SGhXZHpNeEtia1Q0dDgwRVpCQmc9PSIsInZhbHVlIjoibC9UaklFK2ZXUUVLQVNhWUd2OHNNQUNhb0FPMDZiOFZsandabGw5bTdhQT0iLCJtYWMiOiJjMTQ1ZmY3Y2NjNWEyY2YzMDBmZmUyOGM2NTFlNjc','2020-10-27 16:07:13','2020-10-27 16:07:13'),(160,'esskayadmin/enquiry/9/show','2020-10-27 17:56:22','2020-10-27 17:56:22'),(161,'saveForgot','2020-10-27 17:57:56','2020-10-27 17:57:56'),(162,'change_password','2020-10-27 17:58:00','2020-10-27 17:58:00'),(163,'esskayadmin/setting/9/edit','2020-10-27 18:11:13','2020-10-27 18:11:13'),(164,'esskayadmin/setting/9','2020-10-27 18:12:31','2020-10-27 18:12:31'),(165,'saveChangePassword','2020-10-27 18:14:55','2020-10-27 18:14:55'),(166,'downloadDoc/2','2020-10-28 13:05:32','2020-10-28 13:05:32'),(167,'esskayadmin/banking_arrangment','2020-10-28 15:01:02','2020-10-28 15:01:02'),(168,'esskayadmin/banking_arrangment/search','2020-10-28 15:01:43','2020-10-28 15:01:43'),(169,'esskayadmin/banking_arrangment/reorder','2020-10-28 15:01:47','2020-10-28 15:01:47'),(170,'esskayadmin/lender_banking','2020-10-28 15:09:12','2020-10-28 15:09:12'),(171,'esskayadmin/lender_banking/search','2020-10-28 15:10:47','2020-10-28 15:10:47'),(172,'esskayadmin/lender_banking/create','2020-10-28 15:11:10','2020-10-28 15:11:10'),(173,'esskayadmin/lender/52/edit','2020-10-28 16:10:01','2020-10-28 16:10:01'),(174,'esskayadmin/lender_banking/200/edit','2020-10-28 16:19:29','2020-10-28 16:19:29'),(175,'esskayadmin/lender_banking/200','2020-10-28 16:19:36','2020-10-28 16:19:36'),(176,'esskayadmin/log/preview/eyJpdiI6IlRjbGJXbXlibmtkQmFHWnI0MWxoNlE9PSIsInZhbHVlIjoieEN6NlljbjRZM1VabVZ0NW9oNkRLdW5ocTZLL1JWS2FkbmJIQjNKdmZFdz0iLCJtYWMiOiJmNmFiN2U5MGNiMjg2MjI5ZGRmZTBlMjMzMmQ4YjB','2020-10-28 17:17:19','2020-10-28 17:17:19'),(177,'esskayadmin/log/delete/eyJpdiI6IkVGZE9FV3cvZ09hNVpzVVBtcVpJTUE9PSIsInZhbHVlIjoiaHF4by9yNHdvZkI4Q1NTQks2TlRLbWZRTlVnNlNUbWNBeUJyd2ZIZ2g2MD0iLCJtYWMiOiI0Yzg2YzBmYWE3NzIyY2RmMzk5ZTEyNTMxMmQwN2Ex','2020-10-28 17:20:08','2020-10-28 17:20:08'),(178,'esskayadmin/category/6/edit','2020-10-28 17:20:30','2020-10-28 17:20:30'),(179,'esskayadmin/category/6','2020-10-28 17:20:59','2020-10-28 17:20:59'),(180,'esskayadmin/category/5/edit','2020-10-28 17:21:12','2020-10-28 17:21:12'),(181,'esskayadmin/category/5','2020-10-28 17:21:21','2020-10-28 17:21:21'),(182,'esskayadmin/category/4/edit','2020-10-28 17:21:31','2020-10-28 17:21:31'),(183,'esskayadmin/category/4','2020-10-28 17:21:47','2020-10-28 17:21:47'),(184,'esskayadmin/category/3/edit','2020-10-28 17:21:56','2020-10-28 17:21:56'),(185,'esskayadmin/category/3','2020-10-28 17:22:10','2020-10-28 17:22:10'),(186,'esskayadmin/category/2/edit','2020-10-28 17:22:20','2020-10-28 17:22:20'),(187,'esskayadmin/category/2','2020-10-28 17:22:29','2020-10-28 17:22:29'),(188,'esskayadmin/category/1/edit','2020-10-28 17:22:39','2020-10-28 17:22:39'),(189,'esskayadmin/category/1','2020-10-28 17:22:46','2020-10-28 17:22:46'),(190,'esskayadmin/article/1/edit','2020-10-28 17:26:02','2020-10-28 17:26:02'),(191,'esskayadmin/article/1','2020-10-28 17:26:11','2020-10-28 17:26:11'),(192,'esskayadmin/article/4/edit','2020-10-28 17:28:44','2020-10-28 17:28:44'),(193,'esskayadmin/log/delete/eyJpdiI6IjVKVWRwelN5N0h5Sm53TVNKS1kxL1E9PSIsInZhbHVlIjoiNHRFaWlpTzR4R053eWdpWFRuTjFpUFBkNEhRMnhyOWRRenZBMW80UG1RND0iLCJtYWMiOiJhODhiODFmNmUxYWE5NGQ5MGMwM2VjMmJmYWFlYzM2','2020-10-28 19:54:26','2020-10-28 19:54:26'),(194,'esskayadmin/log/delete/eyJpdiI6IkdKNXlTM3huRHU3bGI2QVdtSkxWRnc9PSIsInZhbHVlIjoiTHRJeUpZV0J5dFQ4VHRSOHJRblUvQ2Z5VDg5WmdpY1VuTlRkZ0VPN2Fodz0iLCJtYWMiOiIwZjdkM2Y5YTI2YmM5Yjg4MmNhNGM2MmI0OTQ2YjVj','2020-10-28 20:02:48','2020-10-28 20:02:48'),(195,'esskayadmin/user_login','2020-10-28 20:02:56','2020-10-28 20:02:56'),(196,'esskayadmin/user_login/search','2020-10-28 20:03:03','2020-10-28 20:03:03'),(197,'esskayadmin/log/delete/eyJpdiI6ImtrR0pQbEdUeXFxc0NqQkFFdlJMMGc9PSIsInZhbHVlIjoibGpHb3IzSndPV3RUNmZtRjlrTk9haFowUUNMdW5zQmdCNTVTYkxKellnbz0iLCJtYWMiOiJhMWY1ZGY2ZGRjMWQ2ZjNmMmU2NjQ1NjQzNzUxNDY4','2020-10-30 15:52:29','2020-10-30 15:52:29'),(198,'esskayadmin/log/delete/eyJpdiI6InVIcU1Ca2FuakluRDVkUmJXVUFZNXc9PSIsInZhbHVlIjoiYUVZVkNNalRVNGpXL2VOcHRadXltVGVmVUQ0OEJXOXQ2QWFmMjJHYkFCMD0iLCJtYWMiOiJmZmY1ZGMzOWI4ODE5ZjRlOTM5NGMwMjNjMWI1YmFm','2020-10-30 15:52:30','2020-10-30 15:52:30'),(199,'esskayadmin/elfinder/ckeditor','2020-10-30 15:53:49','2020-10-30 15:53:49'),(200,'uploads/page/esskay-md.png','2020-10-30 16:30:07','2020-10-30 16:30:07'),(201,'esskayadmin/elfinder','2020-10-30 16:30:19','2020-10-30 16:30:19'),(202,'esskayadmin/css/theme.css','2020-10-30 16:30:29','2020-10-30 16:30:29'),(203,'assets/css/..http://esskay.microcrm.in/assets/images/message-bg.jpg','2020-10-30 17:05:59','2020-10-30 17:05:59'),(204,'assets/css/.http://esskay.microcrm.in/assets/images/message-bg.jpg','2020-10-30 17:05:59','2020-10-30 17:05:59'),(205,'assets/http://esskay.microcrm.in/assets/images/message-bg.jpg','2020-10-30 17:06:00','2020-10-30 17:06:00'),(206,'assets/css/http://esskay.microcrm.in/assets/images/message-bg.jpg','2020-10-30 17:06:01','2020-10-30 17:06:01'),(207,'assets/css//http://esskay.microcrm.in/assets/images/message-bg.jpg','2020-10-30 17:06:03','2020-10-30 17:06:03'),(208,'esskayadmin/lender_type','2020-10-31 14:22:23','2020-10-31 14:22:23'),(209,'esskayadmin/lender_type/search','2020-10-31 14:22:35','2020-10-31 14:22:35'),(210,'esskayadmin/lender/52','2020-10-31 14:23:30','2020-10-31 14:23:30'),(211,'admin','2020-10-31 18:15:03','2020-10-31 18:15:03'),(212,'login-otp','2020-10-31 19:23:50','2020-10-31 19:23:50'),(213,'saveLoginOtp','2020-10-31 19:25:33','2020-10-31 19:25:33'),(214,'admi','2020-11-02 13:39:20','2020-11-02 13:39:20'),(215,'esskayadmin/user/52/edit','2020-11-02 13:43:48','2020-11-02 13:43:48'),(216,'esskayadmin/user/52','2020-11-02 13:43:56','2020-11-02 13:43:56'),(217,'esskayadmin/user_login/28/show','2020-11-02 13:51:35','2020-11-02 13:51:35'),(218,'esskayadmin/role','2020-11-02 13:51:49','2020-11-02 13:51:49'),(219,'esskayadmin/role/search','2020-11-02 13:51:51','2020-11-02 13:51:51'),(220,'assets/css/h','2020-11-03 15:03:39','2020-11-03 15:03:39'),(221,'uploads/login/register-page.jpg','2020-11-04 14:55:46','2020-11-04 14:55:46'),(222,'esskayadmin/instrument_type','2020-11-05 11:30:00','2020-11-05 11:30:00'),(223,'esskayadmin/instrument_type/search','2020-11-05 11:30:04','2020-11-05 11:30:04'),(224,'esskayadmin/facility_type','2020-11-05 11:30:12','2020-11-05 11:30:12'),(225,'esskayadmin/facility_type/search','2020-11-05 11:30:15','2020-11-05 11:30:15'),(226,'esskayadmin/asset_class','2020-11-05 11:30:37','2020-11-05 11:30:37'),(227,'esskayadmin/asset_class/search','2020-11-05 11:30:40','2020-11-05 11:30:40'),(228,'esskayadmin/document_category','2020-11-05 11:30:44','2020-11-05 11:30:44'),(229,'esskayadmin/document_category/search','2020-11-05 11:30:46','2020-11-05 11:30:46'),(230,'esskayadmin/user_document/15/show','2020-11-05 11:33:03','2020-11-05 11:33:03'),(231,'esskayadmin/document/create','2020-11-05 12:53:54','2020-11-05 12:53:54'),(232,'esskayadmin/document_category/1/edit','2020-11-05 12:54:39','2020-11-05 12:54:39'),(233,'esskayadmin/email_sms','2020-11-05 12:57:04','2020-11-05 12:57:04'),(234,'esskayadmin/email_sms/search','2020-11-05 12:57:06','2020-11-05 12:57:06'),(235,'esskayadmin/document_category/1','2020-11-05 13:11:06','2020-11-05 13:11:06'),(236,'esskayadmin/document_category/9/edit','2020-11-05 13:11:20','2020-11-05 13:11:20'),(237,'esskayadmin/log/preview/eyJpdiI6InlSNERPRnhFTFpzakp3Zm1QR2phelE9PSIsInZhbHVlIjoiVUdnNGFpWUZwblE0RUJjRHlSemRqRXZOS1BacVExK2dUM0JpdTBFZXdwOD0iLCJtYWMiOiI4M2U1ZjRmYTZjM2I2ZjUwMjgzMWQ4MjRkNDA4YWR','2020-11-05 15:28:00','2020-11-05 15:28:00'),(238,'esskayadmin/log/preview/eyJpdiI6InlSNERPRnhFTFpzakp3Zm1QR2phelE9PSIsInZhbHVlIjoiVUdnNGFpWUZwblE0RUJjRHlSemRqRXZOS1BacVExK2dUM0JpdTBFZXdwOD0iLCJtYWMiOiI4M2U1ZjRmYTZjM2I2ZjUwMjgzMWQ4MjRkNDA4YWR','2020-11-05 15:29:52','2020-11-05 15:29:52'),(239,'esskayadmin/elfinder/popup/article_pdf','2020-11-05 16:54:00','2020-11-05 16:54:00'),(240,'downloadFile/1','2020-11-05 20:05:12','2020-11-05 20:05:12'),(241,'packages/backpack/filemanager/themes/img/arrows-active.png','2020-11-05 20:17:01','2020-11-05 20:17:01'),(242,'esskayadmin/article/13/edit','2020-11-05 20:18:01','2020-11-05 20:18:01'),(243,'esskayadmin/article/13','2020-11-05 20:18:16','2020-11-05 20:18:16'),(244,'downloadFile/2','2020-11-05 20:19:12','2020-11-05 20:19:12'),(245,'esskayadmin/user_pdf','2020-11-05 20:26:19','2020-11-05 20:26:19'),(246,'esskayadmin/user_pdf/search','2020-11-05 20:28:49','2020-11-05 20:28:49'),(247,'esskayadmin/user_pdf/1/show','2020-11-05 20:30:07','2020-11-05 20:30:07'),(248,'downloadFile/3','2020-11-05 20:30:42','2020-11-05 20:30:42'),(249,'downloadDoc/4','2020-11-06 10:12:21','2020-11-06 10:12:21'),(250,'esskayadmin/page/1/uploads/page/rks-md.png','2020-11-06 11:58:14','2020-11-06 11:58:14'),(251,'esskayadmin/page/1/uploads/page/vivek.png','2020-11-06 11:58:15','2020-11-06 11:58:15'),(252,'esskayadmin/page/1/uploads/page/girish.png','2020-11-06 11:58:15','2020-11-06 11:58:15'),(253,'esskayadmin/page/1/uploads/page/atul.png','2020-11-06 11:58:15','2020-11-06 11:58:15'),(254,'uploads/page/rks-md.png','2020-11-06 11:58:21','2020-11-06 11:58:21'),(255,'change_query','2020-11-06 16:03:36','2020-11-06 16:03:36'),(256,'phpmyadmin','2020-11-06 16:06:04','2020-11-06 16:06:04'),(257,'wp-includes/js/jquery/jquery.js','2020-11-07 05:42:49','2020-11-07 05:42:49'),(258,'administrator/help/en-GB/toc.json','2020-11-07 05:42:50','2020-11-07 05:42:50'),(259,'administrator/language/en-GB/install.xml','2020-11-07 05:42:51','2020-11-07 05:42:51'),(260,'plugins/system/debug/debug.xml','2020-11-07 05:42:52','2020-11-07 05:42:52'),(261,'administrator','2020-11-07 05:42:53','2020-11-07 05:42:53'),(262,'misc/ajax.js','2020-11-07 05:42:55','2020-11-07 05:42:55'),(263,'admin/view/javascript/common.js','2020-11-07 05:42:58','2020-11-07 05:42:58'),(264,'admin/includes/general.js','2020-11-07 05:42:59','2020-11-07 05:42:59'),(265,'images/editor/separator.gif','2020-11-07 05:43:00','2020-11-07 05:43:00'),(266,'js/header-rollup-554.js','2020-11-07 05:43:01','2020-11-07 05:43:01'),(267,'vendor/phpunit/phpunit/build.xml','2020-11-07 05:43:02','2020-11-07 05:43:02'),(268,'fckeditor/editor/filemanager/connectors/php/upload.php','2020-11-07 05:43:03','2020-11-07 05:43:03'),(269,'esskayadmin/enquiry/10/edit','2020-11-07 13:21:05','2020-11-07 13:21:05'),(270,'esskayadmin/getSubCategory/1','2020-11-09 11:11:21','2020-11-09 11:11:21'),(271,'esskayadmin/document_category/create','2020-11-09 11:12:30','2020-11-09 11:12:30'),(272,'esskayadmin/document_category/1/show','2020-11-09 11:16:00','2020-11-09 11:16:00'),(273,'esskayadmin/document_category/reorder','2020-11-09 11:18:27','2020-11-09 11:18:27'),(274,'esskayadmin/elfinder/popup/document_filename','2020-11-09 11:25:09','2020-11-09 11:25:09'),(275,'esskayadmin/document/6/edit','2020-11-09 11:29:17','2020-11-09 11:29:17'),(276,'esskayadmin/document/6','2020-11-09 11:29:35','2020-11-09 11:29:35'),(277,'esskayadmin/document_category/17/edit','2020-11-09 11:31:44','2020-11-09 11:31:44'),(278,'esskayadmin/document_category/17','2020-11-09 11:31:55','2020-11-09 11:31:55'),(279,'esskayadmin/document_category/10/edit','2020-11-09 11:42:09','2020-11-09 11:42:09'),(280,'esskayadmin/permission','2020-11-09 11:44:22','2020-11-09 11:44:22'),(281,'esskayadmin/permission/search','2020-11-09 11:44:24','2020-11-09 11:44:24'),(282,'esskayadmin/permission/17/edit','2020-11-09 11:44:31','2020-11-09 11:44:31'),(283,'esskayadmin/user_document/7/show','2020-11-09 11:45:30','2020-11-09 11:45:30'),(284,'assets/css/bootstrap.css','2020-11-09 14:29:14','2020-11-09 14:29:14'),(285,'assets/css/fontawesome-all.min.css','2020-11-09 14:29:14','2020-11-09 14:29:14'),(286,'assets/css/style_login.css','2020-11-09 14:29:15','2020-11-09 14:29:15'),(287,'assets/css/flaticon.css','2020-11-09 14:29:15','2020-11-09 14:29:15'),(288,'assets/js/jquery-3.5.0.min.js','2020-11-09 14:29:16','2020-11-09 14:29:16'),(289,'assets/js/imagesloaded.pkgd.min.js','2020-11-09 14:29:16','2020-11-09 14:29:16'),(290,'assets/js/popper.min.js','2020-11-09 14:29:17','2020-11-09 14:29:17'),(291,'assets/js/validator.min.js','2020-11-09 14:29:17','2020-11-09 14:29:17'),(292,'assets/js/bootstrap_login.min.js','2020-11-09 14:29:17','2020-11-09 14:29:17'),(293,'assets/js/main.js','2020-11-09 14:29:18','2020-11-09 14:29:18');
/*!40000 ALTER TABLE `tracker_paths` ENABLE KEYS */;
UNLOCK TABLES;
DROP TABLE IF EXISTS `tracker_queries`;
/*!40101 SET @saved_cs_client     = @@character_set_client */;
/*!40101 SET character_set_client = utf8 */;
CREATE TABLE `tracker_queries` (
  `id` bigint(20) unsigned NOT NULL AUTO_INCREMENT,
  `query` varchar(191) NOT NULL,
  `created_at` timestamp NULL DEFAULT NULL,
  `updated_at` timestamp NULL DEFAULT NULL,
  PRIMARY KEY (`id`),
  KEY `tracker_queries_created_at_index` (`created_at`),
  KEY `tracker_queries_updated_at_index` (`updated_at`),
  KEY `tracker_queries_query_index` (`query`)
) ENGINE=MyISAM AUTO_INCREMENT=169 DEFAULT CHARSET=latin1;
/*!40101 SET character_set_client = @saved_cs_client */;

LOCK TABLES `tracker_queries` WRITE;
/*!40000 ALTER TABLE `tracker_queries` DISABLE KEYS */;
INSERT INTO `tracker_queries` VALUES (1,'_token=FRRXfcDCtCo3vJ2bUBttTERWbZcZyN00hCft7MVP|mimes=false|cmd=open|target=|init=1|tree=1|_=1602674175492','2020-10-14 16:46:21','2020-10-14 16:46:21'),(2,'_token=FRRXfcDCtCo3vJ2bUBttTERWbZcZyN00hCft7MVP|mimes=false|cmd=mkdir|name=article|target=l1_Lw|reqid=17526d38a18291','2020-10-14 16:46:40','2020-10-14 16:46:40'),(3,'_token=FRRXfcDCtCo3vJ2bUBttTERWbZcZyN00hCft7MVP|mimes=false|cmd=rename|name=articles|target=l1_YXJ0aWNsZQ|reqid=17526d39dbb170','2020-10-14 16:46:45','2020-10-14 16:46:45'),(4,'_token=FRRXfcDCtCo3vJ2bUBttTERWbZcZyN00hCft7MVP|mimes=false|cmd=open|target=l1_YXJ0aWNsZXM|reqid=17526d3a78f148','2020-10-14 16:46:48','2020-10-14 16:46:48'),(5,'_token=FRRXfcDCtCo3vJ2bUBttTERWbZcZyN00hCft7MVP|mimes=false|cmd=ls|target=l1_YXJ0aWNsZXM|intersect=28008277001.jpeg,28008277042.jpeg,28008277043.jpeg,28008277044.jpeg|reqid=17526d3ff3a318','2020-10-14 16:47:11','2020-10-14 16:47:11'),(6,'_token=FRRXfcDCtCo3vJ2bUBttTERWbZcZyN00hCft7MVP|mimes=false|cmd=tmb|targets=l1_YXJ0aWNsZXMvMjgwMDgyNzcwMDEuanBlZw,l1_YXJ0aWNsZXMvMjgwMDgyNzcwNDIuanBlZw,l1_YXJ0aWNsZXMvMjgwMDgyNzcwNDMuanBlZw,l','2020-10-14 16:47:17','2020-10-14 16:47:17'),(7,'_token=FRRXfcDCtCo3vJ2bUBttTERWbZcZyN00hCft7MVP|mimes=false|cmd=abort|id=17526d4192929b|reqid=17526d424f4242','2020-10-14 16:47:20','2020-10-14 16:47:20'),(8,'template=about_us','2020-10-14 18:21:39','2020-10-14 18:21:39'),(9,'template=services','2020-10-14 18:21:45','2020-10-14 18:21:45'),(10,'_token=grnj2U1JULaSu4c7O98XvKGc3IzyABsVPKNmenQV|mimes=false|cmd=open|target=|init=1|tree=1|_=1602681075174','2020-10-14 18:41:16','2020-10-14 18:41:16'),(11,'_token=grnj2U1JULaSu4c7O98XvKGc3IzyABsVPKNmenQV|mimes=false|cmd=mkdir|name=logo|target=l1_Lw|reqid=175273cc9e553','2020-10-14 18:41:38','2020-10-14 18:41:38'),(12,'_token=grnj2U1JULaSu4c7O98XvKGc3IzyABsVPKNmenQV|mimes=false|cmd=open|target=l1_YXJ0aWNsZXM|reqid=175273cd3d01d8','2020-10-14 18:41:40','2020-10-14 18:41:40'),(13,'_token=grnj2U1JULaSu4c7O98XvKGc3IzyABsVPKNmenQV|mimes=false|cmd=open|target=l1_YXJ0aWNsZXM|init=1|tree=1|_=1602681104390','2020-10-14 18:41:46','2020-10-14 18:41:46'),(14,'_token=grnj2U1JULaSu4c7O98XvKGc3IzyABsVPKNmenQV|mimes=false|cmd=tree|target=l1_Lw|reqid=175273cef5d335','2020-10-14 18:41:47','2020-10-14 18:41:47'),(15,'_token=grnj2U1JULaSu4c7O98XvKGc3IzyABsVPKNmenQV|mimes=false|cmd=open|target=l1_Lw|reqid=175273cf5652a2','2020-10-14 18:41:49','2020-10-14 18:41:49'),(16,'_token=grnj2U1JULaSu4c7O98XvKGc3IzyABsVPKNmenQV|mimes=false|cmd=open|target=l1_bG9nbw|reqid=175273cf9322a1','2020-10-14 18:41:50','2020-10-14 18:41:50'),(17,'_token=grnj2U1JULaSu4c7O98XvKGc3IzyABsVPKNmenQV|mimes=false|cmd=abort|id=175273cf5652a2|reqid=175273cf933ba','2020-10-14 18:41:50','2020-10-14 18:41:50'),(18,'_token=grnj2U1JULaSu4c7O98XvKGc3IzyABsVPKNmenQV|mimes=false|cmd=ls|target=l1_bG9nbw|intersect=11logo.png,logo.png,logo1.png|reqid=175273d2518204','2020-10-14 18:42:01','2020-10-14 18:42:01'),(19,'_token=grnj2U1JULaSu4c7O98XvKGc3IzyABsVPKNmenQV|mimes=false|cmd=tmb|targets=l1_bG9nby8xMWxvZ28ucG5n,l1_bG9nby9sb2dvLnBuZw,l1_bG9nby9sb2dvMS5wbmc|reqid=175273d32f81ae','2020-10-14 18:42:05','2020-10-14 18:42:05'),(20,'_token=brhMFnAtyD41kKzsp6hKI3cwku1R2PVwLeSb32nu|mimes=false|cmd=open|target=|init=1|tree=1|_=1603708787475','2020-10-26 16:09:50','2020-10-26 16:09:50'),(21,'_token=brhMFnAtyD41kKzsp6hKI3cwku1R2PVwLeSb32nu|mimes=false|cmd=open|target=l1_bG9nbw|reqid=175647e43c1283','2020-10-26 16:09:58','2020-10-26 16:09:58'),(22,'_token=brhMFnAtyD41kKzsp6hKI3cwku1R2PVwLeSb32nu|mimes=false|cmd=tmb|targets=l1_bG9nby8xMWxvZ28ucG5n,l1_bG9nby9sb2dvLnBuZw,l1_bG9nby9sb2dvMS5wbmc,l1_bG9nby9sb2dvMTIucG5n|reqid=175647e4b7a14b','2020-10-26 16:10:01','2020-10-26 16:10:01'),(23,'_token=brhMFnAtyD41kKzsp6hKI3cwku1R2PVwLeSb32nu|mimes=false|cmd=parents|target=l1_bG9nbw|reqid=1756480e3dc11a','2020-10-26 16:12:51','2020-10-26 16:12:51'),(24,'_token=brhMFnAtyD41kKzsp6hKI3cwku1R2PVwLeSb32nu|mimes=false|cmd=open|reload=1|target=l1_bG9nbw|tree=1|compare=|reqid=1756480e3d9299','2020-10-26 16:12:51','2020-10-26 16:12:51'),(25,'_token=9ghgmiNlnIBTccprJdoCtTzRYLGaSZMFIe97CWlp|mimes=false|cmd=open|target=l1_bG9nbw|init=1|tree=1|_=1603708973110','2020-10-26 16:12:58','2020-10-26 16:12:58'),(26,'_token=brhMFnAtyD41kKzsp6hKI3cwku1R2PVwLeSb32nu|mimes=false|cmd=open|reload=1|target=l1_bG9nbw|tree=1|compare=|reqid=175648106d9b1','2020-10-26 16:12:59','2020-10-26 16:12:59'),(27,'_token=9ghgmiNlnIBTccprJdoCtTzRYLGaSZMFIe97CWlp|mimes=false|cmd=tree|target=l1_Lw|reqid=17564810749246','2020-10-26 16:13:00','2020-10-26 16:13:00'),(28,'_token=brhMFnAtyD41kKzsp6hKI3cwku1R2PVwLeSb32nu|mimes=false|cmd=parents|target=l1_bG9nbw|reqid=175648106dcb9','2020-10-26 16:13:01','2020-10-26 16:13:01'),(29,'_token=9ghgmiNlnIBTccprJdoCtTzRYLGaSZMFIe97CWlp|mimes=false|cmd=open|target=l1_Lw|reqid=17564812a1d20c','2020-10-26 16:13:09','2020-10-26 16:13:09'),(30,'_token=9ghgmiNlnIBTccprJdoCtTzRYLGaSZMFIe97CWlp|mimes=false|cmd=mkdir|name=login|target=l1_Lw|reqid=17564813d1f38f','2020-10-26 16:13:14','2020-10-26 16:13:14'),(31,'_token=9ghgmiNlnIBTccprJdoCtTzRYLGaSZMFIe97CWlp|mimes=false|cmd=open|target=l1_bG9naW4|reqid=17564814bee3a6','2020-10-26 16:13:17','2020-10-26 16:13:17'),(32,'_token=9ghgmiNlnIBTccprJdoCtTzRYLGaSZMFIe97CWlp|mimes=false|cmd=open|reload=1|target=l1_bG9naW4|tree=1|compare=|reqid=1756481627838d','2020-10-26 16:13:24','2020-10-26 16:13:24'),(33,'_token=9ghgmiNlnIBTccprJdoCtTzRYLGaSZMFIe97CWlp|mimes=false|cmd=parents|target=l1_bG9naW4|reqid=175648162792d9','2020-10-26 16:13:25','2020-10-26 16:13:25'),(34,'_token=brhMFnAtyD41kKzsp6hKI3cwku1R2PVwLeSb32nu|mimes=false|cmd=open|target=l1_bG9nbw|init=1|tree=1|_=1603709015258','2020-10-26 16:13:36','2020-10-26 16:13:36'),(35,'_token=9ghgmiNlnIBTccprJdoCtTzRYLGaSZMFIe97CWlp|mimes=false|cmd=ls|target=l1_bG9naW4|intersect=bg4-l.jpg|reqid=175648199632f3','2020-10-26 16:13:38','2020-10-26 16:13:38'),(36,'_token=brhMFnAtyD41kKzsp6hKI3cwku1R2PVwLeSb32nu|mimes=false|cmd=tree|target=l1_Lw|reqid=17564819d7a12','2020-10-26 16:13:38','2020-10-26 16:13:38'),(37,'_token=9ghgmiNlnIBTccprJdoCtTzRYLGaSZMFIe97CWlp|mimes=false|cmd=tmb|targets=l1_bG9naW4vYmc0LWwuanBn|reqid=1756481abc8362','2020-10-26 16:13:42','2020-10-26 16:13:42'),(38,'_token=9ghgmiNlnIBTccprJdoCtTzRYLGaSZMFIe97CWlp|mimes=false|cmd=open|target=l1_bG9nbw|reqid=1756481fd83225','2020-10-26 16:14:03','2020-10-26 16:14:03'),(39,'_token=9ghgmiNlnIBTccprJdoCtTzRYLGaSZMFIe97CWlp|mimes=false|cmd=rename|name=logo_old.png|target=l1_bG9nby9sb2dvLnBuZw|reqid=175648232f76d','2020-10-26 16:14:17','2020-10-26 16:14:17'),(40,'_token=9ghgmiNlnIBTccprJdoCtTzRYLGaSZMFIe97CWlp|mimes=false|cmd=tmb|targets=l1_bG9nby9sb2dvX29sZC5wbmc|reqid=17564823c7efb','2020-10-26 16:14:19','2020-10-26 16:14:19'),(41,'_token=9ghgmiNlnIBTccprJdoCtTzRYLGaSZMFIe97CWlp|mimes=false|cmd=ls|target=l1_bG9nbw|intersect=logo.png,logo_png.png,Logo Final.png,logo.jpg|reqid=1756485e568a0','2020-10-26 16:18:20','2020-10-26 16:18:20'),(42,'_token=9ghgmiNlnIBTccprJdoCtTzRYLGaSZMFIe97CWlp|mimes=false|cmd=tmb|targets=l1_bG9nby9Mb2dvIEZpbmFsLnBuZw,l1_bG9nby9sb2dvX3BuZy5wbmc,l1_bG9nby9sb2dvLmpwZw,l1_bG9nby9sb2dvLnBuZw|reqid=1756485f','2020-10-26 16:18:24','2020-10-26 16:18:24'),(43,'_token=9ghgmiNlnIBTccprJdoCtTzRYLGaSZMFIe97CWlp|mimes=false|cmd=open|target=l1_bG9nbw|init=1|tree=1|_=1603709606185','2020-10-26 16:23:27','2020-10-26 16:23:27'),(44,'_token=9ghgmiNlnIBTccprJdoCtTzRYLGaSZMFIe97CWlp|mimes=false|cmd=tree|target=l1_Lw|reqid=175648aa23979','2020-10-26 16:23:29','2020-10-26 16:23:29'),(45,'_token=9ghgmiNlnIBTccprJdoCtTzRYLGaSZMFIe97CWlp|mimes=false|cmd=open|target=l1_bG9naW4|reqid=175648aad852b6','2020-10-26 16:23:32','2020-10-26 16:23:32'),(46,'_token=9ghgmiNlnIBTccprJdoCtTzRYLGaSZMFIe97CWlp|mimes=false|cmd=ls|target=l1_bG9naW4|intersect=mikhail-derecha-q-XTB-YTsho-unsplash.jpg|reqid=175648ac71f56','2020-10-26 16:23:39','2020-10-26 16:23:39'),(47,'_token=9ghgmiNlnIBTccprJdoCtTzRYLGaSZMFIe97CWlp|mimes=false|cmd=tmb|targets=l1_bG9naW4vbWlraGFpbC1kZXJlY2hhLXEtWFRCLVlUc2hvLXVuc3BsYXNoLmpwZw|reqid=175648ae040c3','2020-10-26 16:23:45','2020-10-26 16:23:45'),(48,'_token=9ghgmiNlnIBTccprJdoCtTzRYLGaSZMFIe97CWlp|mimes=false|cmd=open|target=l1_bG9naW4|init=1|tree=1|_=1603709678131','2020-10-26 16:24:39','2020-10-26 16:24:39'),(49,'_token=9ghgmiNlnIBTccprJdoCtTzRYLGaSZMFIe97CWlp|mimes=false|cmd=tree|target=l1_Lw|reqid=175648bbc251f','2020-10-26 16:24:42','2020-10-26 16:24:42'),(50,'_token=9ghgmiNlnIBTccprJdoCtTzRYLGaSZMFIe97CWlp|mimes=false|cmd=ls|target=l1_bG9naW4|intersect=login-bg.jpg|reqid=175648be07fb7','2020-10-26 16:24:51','2020-10-26 16:24:51'),(51,'_token=9ghgmiNlnIBTccprJdoCtTzRYLGaSZMFIe97CWlp|mimes=false|cmd=tmb|targets=l1_bG9naW4vbG9naW4tYmcuanBn|reqid=175648bf932b2','2020-10-26 16:24:57','2020-10-26 16:24:57'),(52,'_token=9ghgmiNlnIBTccprJdoCtTzRYLGaSZMFIe97CWlp|mimes=false|cmd=open|target=l1_bG9naW4|init=1|tree=1|_=1603709852914','2020-10-26 16:27:34','2020-10-26 16:27:34'),(53,'_token=9ghgmiNlnIBTccprJdoCtTzRYLGaSZMFIe97CWlp|mimes=false|cmd=tree|target=l1_Lw|reqid=175648e868e5f','2020-10-26 16:27:45','2020-10-26 16:27:45'),(54,'_token=9ghgmiNlnIBTccprJdoCtTzRYLGaSZMFIe97CWlp|mimes=false|cmd=open|target=l1_bG9nbw|reqid=175648e983c29b','2020-10-26 16:27:49','2020-10-26 16:27:49'),(55,'_token=9ghgmiNlnIBTccprJdoCtTzRYLGaSZMFIe97CWlp|mimes=false|cmd=ls|target=l1_bG9nbw|intersect=Logo_Rectangle.png|reqid=175648ec9d798','2020-10-26 16:28:02','2020-10-26 16:28:02'),(56,'_token=9ghgmiNlnIBTccprJdoCtTzRYLGaSZMFIe97CWlp|mimes=false|cmd=tmb|targets=l1_bG9nby9Mb2dvX1JlY3RhbmdsZS5wbmc|reqid=175648ed86a21f','2020-10-26 16:28:05','2020-10-26 16:28:05'),(57,'_token=9ghgmiNlnIBTccprJdoCtTzRYLGaSZMFIe97CWlp|mimes=false|cmd=open|target=l1_bG9nbw|init=1|tree=1|_=1603712200349','2020-10-26 17:06:41','2020-10-26 17:06:41'),(58,'_token=9ghgmiNlnIBTccprJdoCtTzRYLGaSZMFIe97CWlp|mimes=false|cmd=tree|target=l1_Lw|reqid=17564b2370e16d','2020-10-26 17:06:44','2020-10-26 17:06:44'),(59,'_token=9ghgmiNlnIBTccprJdoCtTzRYLGaSZMFIe97CWlp|mimes=false|cmd=ls|target=l1_bG9nbw|intersect=SK Logo_Squre.png|reqid=17564b24ce08','2020-10-26 17:06:49','2020-10-26 17:06:49'),(60,'_token=9ghgmiNlnIBTccprJdoCtTzRYLGaSZMFIe97CWlp|mimes=false|cmd=tmb|targets=l1_bG9nby9TSyBMb2dvX1NxdXJlLnBuZw|reqid=17564b259b5234','2020-10-26 17:06:52','2020-10-26 17:06:52'),(61,'_token=9ghgmiNlnIBTccprJdoCtTzRYLGaSZMFIe97CWlp|mimes=false|cmd=open|target=l1_bG9nbw|init=1|tree=1|_=1603713036318','2020-10-26 17:20:37','2020-10-26 17:20:37'),(62,'_token=9ghgmiNlnIBTccprJdoCtTzRYLGaSZMFIe97CWlp|mimes=false|cmd=tree|target=l1_Lw|reqid=17564bef75513a','2020-10-26 17:20:39','2020-10-26 17:20:39'),(63,'_token=9ghgmiNlnIBTccprJdoCtTzRYLGaSZMFIe97CWlp|mimes=false|cmd=open|target=l1_bG9naW4|reqid=17564bf192d1fd','2020-10-26 17:20:48','2020-10-26 17:20:48'),(64,'_token=9ghgmiNlnIBTccprJdoCtTzRYLGaSZMFIe97CWlp|mimes=false|cmd=ls|target=l1_bG9naW4|intersect=register-bg.jpg|reqid=17564bf366012d','2020-10-26 17:20:56','2020-10-26 17:20:56'),(65,'_token=9ghgmiNlnIBTccprJdoCtTzRYLGaSZMFIe97CWlp|mimes=false|cmd=tmb|targets=l1_bG9naW4vcmVnaXN0ZXItYmcuanBn|reqid=17564bf4ad918b','2020-10-26 17:21:00','2020-10-26 17:21:00'),(66,'_token=bYVa5m9niazmPLkckL0WE8BuGSooZ1AYc0BRMyvF|mimes=false|cmd=open|target=l1_bG9nbw|init=1|tree=1|_=1603775153633','2020-10-27 10:35:54','2020-10-27 10:35:54'),(67,'_token=bYVa5m9niazmPLkckL0WE8BuGSooZ1AYc0BRMyvF|mimes=false|cmd=tree|target=l1_Lw|reqid=1756872d63d138','2020-10-27 10:35:58','2020-10-27 10:35:58'),(68,'_token=v9q4EblrgLGK47cwXiZVwFzfNkJ2w8RXgkk3AwFu|mimes=false|cmd=open|target=l1_bG9nbw|init=1|tree=1|_=1603800923501','2020-10-27 17:45:26','2020-10-27 17:45:26'),(69,'_token=v9q4EblrgLGK47cwXiZVwFzfNkJ2w8RXgkk3AwFu|mimes=false|cmd=tmb|targets=l1_bG9nby9TS19Mb2dvX1NxdXJlX25ldy5wbmc|reqid=17569fc2307286','2020-10-27 17:45:33','2020-10-27 17:45:33'),(70,'_token=v9q4EblrgLGK47cwXiZVwFzfNkJ2w8RXgkk3AwFu|mimes=false|cmd=tree|target=l1_Lw|reqid=17569fc23331c0','2020-10-27 17:45:35','2020-10-27 17:45:35'),(71,'_token=v9q4EblrgLGK47cwXiZVwFzfNkJ2w8RXgkk3AwFu|mimes=false|cmd=open|target=l1_bG9naW4|reqid=17569fc6ba82de','2020-10-27 17:45:52','2020-10-27 17:45:52'),(72,'_token=VAhqbHY2LXo6apJzHpl902MIteUlbWalzginf7UQ|mimes=false|cmd=open|target=l1_bG9naW4|init=1|tree=1|_=1603801248240','2020-10-27 17:50:50','2020-10-27 17:50:50'),(73,'_token=VAhqbHY2LXo6apJzHpl902MIteUlbWalzginf7UQ|mimes=false|cmd=tree|target=l1_Lw|reqid=1756a01073425','2020-10-27 17:50:53','2020-10-27 17:50:53'),(74,'_token=VAhqbHY2LXo6apJzHpl902MIteUlbWalzginf7UQ|mimes=false|cmd=ls|target=l1_bG9naW4|intersect=register-page.jpg|reqid=1756a0139ee2fb','2020-10-27 17:51:07','2020-10-27 17:51:07'),(75,'_token=VAhqbHY2LXo6apJzHpl902MIteUlbWalzginf7UQ|mimes=false|cmd=tmb|targets=l1_bG9naW4vcmVnaXN0ZXItcGFnZS5qcGc|reqid=1756a016eb35b','2020-10-27 17:51:20','2020-10-27 17:51:20'),(76,'_token=VAhqbHY2LXo6apJzHpl902MIteUlbWalzginf7UQ|mimes=false|cmd=open|target=l1_bG9naW4|init=1|tree=1|_=1603802485771','2020-10-27 18:11:26','2020-10-27 18:11:26'),(77,'_token=VAhqbHY2LXo6apJzHpl902MIteUlbWalzginf7UQ|mimes=false|cmd=tree|target=l1_Lw|reqid=1756a13e03b162','2020-10-27 18:11:28','2020-10-27 18:11:28'),(78,'_token=VAhqbHY2LXo6apJzHpl902MIteUlbWalzginf7UQ|mimes=false|cmd=ls|target=l1_bG9naW4|intersect=registration.jpg,forgot-password.jpg|reqid=1756a1406045d','2020-10-27 18:11:39','2020-10-27 18:11:39'),(79,'_token=VAhqbHY2LXo6apJzHpl902MIteUlbWalzginf7UQ|mimes=false|cmd=tmb|targets=l1_bG9naW4vZm9yZ290LXBhc3N3b3JkLmpwZw,l1_bG9naW4vcmVnaXN0cmF0aW9uLmpwZw|reqid=1756a1473c33a6','2020-10-27 18:12:06','2020-10-27 18:12:06'),(80,'_token=VAhqbHY2LXo6apJzHpl902MIteUlbWalzginf7UQ|mimes=false|cmd=open|target=l1_bG9naW4|init=1|tree=1|_=1603802541146','2020-10-27 18:12:21','2020-10-27 18:12:21'),(81,'_token=VAhqbHY2LXo6apJzHpl902MIteUlbWalzginf7UQ|mimes=false|cmd=tree|target=l1_Lw|reqid=1756a14b4721c4','2020-10-27 18:12:23','2020-10-27 18:12:23'),(82,'_token=VAhqbHY2LXo6apJzHpl902MIteUlbWalzginf7UQ|mimes=false|cmd=open|target=l1_bG9naW4|init=1|tree=1|_=1603802555016','2020-10-27 18:12:35','2020-10-27 18:12:35'),(83,'_token=VAhqbHY2LXo6apJzHpl902MIteUlbWalzginf7UQ|mimes=false|cmd=tree|target=l1_Lw|reqid=1756a14eb87b4','2020-10-27 18:12:37','2020-10-27 18:12:37'),(84,'sdfsd=','2020-10-28 17:11:52','2020-10-28 17:11:52'),(85,'CKEditor=content|CKEditorFuncNum=0|langCode=en','2020-10-30 15:53:49','2020-10-30 15:53:49'),(86,'_token=2n21fQuKV2Mm0NfTt8s4smzKlWKcRngac8wvV5GN|cmd=open|target=|init=1|tree=1|_=1604053431125','2020-10-30 15:53:55','2020-10-30 15:53:55'),(87,'_token=2n21fQuKV2Mm0NfTt8s4smzKlWKcRngac8wvV5GN|cmd=mkdir|name=page|target=l1_Lw|reqid=17579092d1012b','2020-10-30 15:54:06','2020-10-30 15:54:06'),(88,'_token=2n21fQuKV2Mm0NfTt8s4smzKlWKcRngac8wvV5GN|cmd=open|target=l1_cGFnZQ|reqid=1757909411120f','2020-10-30 15:54:11','2020-10-30 15:54:11'),(89,'_token=2n21fQuKV2Mm0NfTt8s4smzKlWKcRngac8wvV5GN|cmd=open|target=l1_cGFnZQ|reqid=17579094eed1e0','2020-10-30 15:54:14','2020-10-30 15:54:14'),(90,'_token=2n21fQuKV2Mm0NfTt8s4smzKlWKcRngac8wvV5GN|cmd=ls|target=l1_cGFnZQ|intersect=esskay-md.jpg|reqid=1757909d8b223','2020-10-30 15:54:50','2020-10-30 15:54:50'),(91,'_token=2n21fQuKV2Mm0NfTt8s4smzKlWKcRngac8wvV5GN|cmd=tmb|targets=l1_cGFnZS9lc3NrYXktbWQuanBn|reqid=1757909e9dd29e','2020-10-30 15:54:55','2020-10-30 15:54:55'),(92,'_token=2n21fQuKV2Mm0NfTt8s4smzKlWKcRngac8wvV5GN|cmd=open|target=l1_ZG9jdW1lbnRz|init=1|tree=1|_=1604055621385','2020-10-30 16:30:22','2020-10-30 16:30:22'),(93,'_token=2n21fQuKV2Mm0NfTt8s4smzKlWKcRngac8wvV5GN|cmd=open|reload=1|target=l1_ZG9jdW1lbnRz|tree=1|compare=|reqid=175792a6aa717b','2020-10-30 16:30:24','2020-10-30 16:30:24'),(94,'_token=2n21fQuKV2Mm0NfTt8s4smzKlWKcRngac8wvV5GN|cmd=parents|target=l1_ZG9jdW1lbnRz|reqid=175792a6aa833f','2020-10-30 16:30:25','2020-10-30 16:30:25'),(95,'_token=2n21fQuKV2Mm0NfTt8s4smzKlWKcRngac8wvV5GN|cmd=parents|target=l1_ZG9jdW1lbnRz|reqid=175792a6aae35d','2020-10-30 16:30:25','2020-10-30 16:30:25'),(96,'_token=2n21fQuKV2Mm0NfTt8s4smzKlWKcRngac8wvV5GN|cmd=abort|id=175792a6aa717b|reqid=175792a734b35e','2020-10-30 16:30:26','2020-10-30 16:30:26'),(97,'_token=2n21fQuKV2Mm0NfTt8s4smzKlWKcRngac8wvV5GN|cmd=open|target=l1_Lw|tree=1|init=1|reqid=175792a6ab3131','2020-10-30 16:30:27','2020-10-30 16:30:27'),(98,'_token=2n21fQuKV2Mm0NfTt8s4smzKlWKcRngac8wvV5GN|cmd=abort|id=175792a6aae35d|reqid=175792a7350d6','2020-10-30 16:30:27','2020-10-30 16:30:27'),(99,'_token=2n21fQuKV2Mm0NfTt8s4smzKlWKcRngac8wvV5GN|cmd=open|target=l1_cGFnZQ|reqid=175792a86e4180','2020-10-30 16:30:31','2020-10-30 16:30:31'),(100,'_token=2n21fQuKV2Mm0NfTt8s4smzKlWKcRngac8wvV5GN|cmd=ls|target=l1_cGFnZQ|intersect=esskay-md.png|reqid=175792aa2663a0','2020-10-30 16:30:39','2020-10-30 16:30:39'),(101,'_token=2n21fQuKV2Mm0NfTt8s4smzKlWKcRngac8wvV5GN|cmd=tmb|targets=l1_cGFnZS9lc3NrYXktbWQucG5n|reqid=175792ab471de','2020-10-30 16:30:43','2020-10-30 16:30:43'),(102,'_token=z9j73RuG19BWkIQyT4BlGPtaIjeib3fr4aYlvJ9P|mimes=false|cmd=open|target=|init=1|tree=1|_=1604378816818','2020-11-03 10:16:59','2020-11-03 10:16:59'),(103,'_token=z9j73RuG19BWkIQyT4BlGPtaIjeib3fr4aYlvJ9P|mimes=false|cmd=open|target=l1_Lw|init=1|tree=1|_=1604378963516','2020-11-03 10:19:25','2020-11-03 10:19:25'),(104,'_token=z9j73RuG19BWkIQyT4BlGPtaIjeib3fr4aYlvJ9P|mimes=false|cmd=open|target=l1_bG9naW4|reqid=1758c705de81ba','2020-11-03 10:19:36','2020-11-03 10:19:36'),(105,'_token=z9j73RuG19BWkIQyT4BlGPtaIjeib3fr4aYlvJ9P|mimes=false|cmd=tmb|targets=l1_bG9naW4vYWRtaW4tbG9nby1pbWFnZS5qcGc|reqid=1758c706b61b5','2020-11-03 10:19:39','2020-11-03 10:19:39'),(106,'_token=z9j73RuG19BWkIQyT4BlGPtaIjeib3fr4aYlvJ9P|mimes=false|cmd=abort|id=1758c706b61b5|reqid=1758c706cd725d','2020-11-03 10:19:43','2020-11-03 10:19:43'),(107,'_token=z9j73RuG19BWkIQyT4BlGPtaIjeib3fr4aYlvJ9P|mimes=false|cmd=open|target=l1_bG9naW4|init=1|tree=1|_=1604378984953','2020-11-03 10:19:47','2020-11-03 10:19:47'),(108,'_token=z9j73RuG19BWkIQyT4BlGPtaIjeib3fr4aYlvJ9P|mimes=false|cmd=tree|target=l1_Lw|reqid=1758c7093558b','2020-11-03 10:19:49','2020-11-03 10:19:49'),(109,'sdf=','2020-11-03 16:01:08','2020-11-03 16:01:08'),(110,'_token=4uuOfVH3IkzSmqvTO44dZoQZyES9R8n7xpJX3fV3|mimes=false|cmd=open|target=|init=1|tree=1|_=1604575453886','2020-11-05 16:53:35','2020-11-05 16:53:35'),(111,'_token=4uuOfVH3IkzSmqvTO44dZoQZyES9R8n7xpJX3fV3|mimes=false|cmd=open|target=l1_Lw|init=1|tree=1|_=1604575473762','2020-11-05 16:53:50','2020-11-05 16:53:50'),(112,'_token=4uuOfVH3IkzSmqvTO44dZoQZyES9R8n7xpJX3fV3|mimes=false|cmd=open|target=|init=1|tree=1|_=1604575484811','2020-11-05 16:54:02','2020-11-05 16:54:02'),(113,'_token=gM4dOHhuZ9WKA5JOeo4DyzgJp5mackyOlOTaMBMn|mimes=false|cmd=open|target=|init=1|tree=1|_=1604587601074','2020-11-05 20:16:45','2020-11-05 20:16:45'),(114,'_token=gM4dOHhuZ9WKA5JOeo4DyzgJp5mackyOlOTaMBMn|mimes=false|cmd=open|target=l1_YXJ0aWNsZXM|reqid=17598dfdecbcb','2020-11-05 20:16:51','2020-11-05 20:16:51'),(115,'_token=gM4dOHhuZ9WKA5JOeo4DyzgJp5mackyOlOTaMBMn|mimes=false|cmd=tmb|targets=l1_YXJ0aWNsZXMvMjgwMDgyNzcwMDEuanBlZw,l1_YXJ0aWNsZXMvYmxvZ19pbWFnZTEuanBn,l1_YXJ0aWNsZXMvYmxvZ19pbWFnZTIuanBn,l1_YX','2020-11-05 20:16:53','2020-11-05 20:16:53'),(116,'_token=gM4dOHhuZ9WKA5JOeo4DyzgJp5mackyOlOTaMBMn|mimes=false|cmd=abort|id=17598dfe83c205|reqid=17598dff0e7c0','2020-11-05 20:16:56','2020-11-05 20:16:56'),(117,'_token=gM4dOHhuZ9WKA5JOeo4DyzgJp5mackyOlOTaMBMn|mimes=false|cmd=open|target=l1_Lw|reqid=17598dff0e7144','2020-11-05 20:16:56','2020-11-05 20:16:56'),(118,'_token=gM4dOHhuZ9WKA5JOeo4DyzgJp5mackyOlOTaMBMn|mimes=false|cmd=mkdir|name=article_pdf|target=l1_Lw|reqid=17598e018d01f4','2020-11-05 20:17:06','2020-11-05 20:17:06'),(119,'_token=gM4dOHhuZ9WKA5JOeo4DyzgJp5mackyOlOTaMBMn|mimes=false|cmd=open|target=l1_YXJ0aWNsZV9wZGY|reqid=17598e02523256','2020-11-05 20:17:09','2020-11-05 20:17:09'),(120,'_token=gM4dOHhuZ9WKA5JOeo4DyzgJp5mackyOlOTaMBMn|mimes=false|cmd=ls|target=l1_YXJ0aWNsZV9wZGY|intersect=print.pdf,Tiger Riders Logo.pdf,factory-20-10-12.pdf|reqid=17598e050443e','2020-11-05 20:17:20','2020-11-05 20:17:20'),(121,'_token=gM4dOHhuZ9WKA5JOeo4DyzgJp5mackyOlOTaMBMn|mimes=false|cmd=open|target=l1_YXJ0aWNsZV9wZGY|init=1|tree=1|_=1604587688191','2020-11-05 20:18:09','2020-11-05 20:18:09'),(122,'_token=gM4dOHhuZ9WKA5JOeo4DyzgJp5mackyOlOTaMBMn|mimes=false|cmd=tree|target=l1_Lw|reqid=17598e1194229c','2020-11-05 20:18:11','2020-11-05 20:18:11'),(123,'Type=Media','2020-11-07 05:43:03','2020-11-07 05:43:03'),(124,'_token=TpvhZb6P1DC8tuBZ6r9Kj1oBNuZ3J1QzcP76E6JB|mimes=false|cmd=open|target=|init=1|tree=1|_=1604726711633','2020-11-07 10:55:12','2020-11-07 10:55:12'),(125,'_token=TpvhZb6P1DC8tuBZ6r9Kj1oBNuZ3J1QzcP76E6JB|mimes=false|cmd=open|target=l1_bG9nbw|reqid=175a12a7fb827','2020-11-07 10:55:17','2020-11-07 10:55:17'),(126,'_token=TpvhZb6P1DC8tuBZ6r9Kj1oBNuZ3J1QzcP76E6JB|mimes=false|cmd=abort|id=175a12a7fb827|reqid=175a12a833e23','2020-11-07 10:55:18','2020-11-07 10:55:18'),(127,'_token=TpvhZb6P1DC8tuBZ6r9Kj1oBNuZ3J1QzcP76E6JB|mimes=false|cmd=open|target=l1_bG9naW4|reqid=175a12a833e15b','2020-11-07 10:55:18','2020-11-07 10:55:18'),(128,'_token=TpvhZb6P1DC8tuBZ6r9Kj1oBNuZ3J1QzcP76E6JB|mimes=false|cmd=tmb|targets=l1_bG9naW4vYWRtaW4tbG9nby1pbWFnZS5qcGc,l1_bG9naW4vYmc0LWwuanBn,l1_bG9naW4vZm9yZ290LXBhc3N3b3JkLmpwZw,l1_bG9naW4vZm9','2020-11-07 10:55:20','2020-11-07 10:55:20'),(129,'_token=TpvhZb6P1DC8tuBZ6r9Kj1oBNuZ3J1QzcP76E6JB|mimes=false|cmd=tmb|targets=l1_bG9naW4vbWlraGFpbC1kZXJlY2hhLXEtWFRCLVlUc2hvLXVuc3BsYXNoLmpwZw,l1_bG9naW4vcmVnaXN0ZXItYmcuanBn,l1_bG9naW4vcmVnaX','2020-11-07 10:55:26','2020-11-07 10:55:26'),(130,'_token=TpvhZb6P1DC8tuBZ6r9Kj1oBNuZ3J1QzcP76E6JB|mimes=false|cmd=tmb|targets=l1_bG9naW4vcmVnaXN0cmF0aW9uLmpwZ18|reqid=175a12ab778db','2020-11-07 10:55:31','2020-11-07 10:55:31'),(131,'_token=TpvhZb6P1DC8tuBZ6r9Kj1oBNuZ3J1QzcP76E6JB|mimes=false|cmd=ls|target=l1_bG9naW4|intersect=04.jpg|reqid=175a12b546825e','2020-11-07 10:56:11','2020-11-07 10:56:11'),(132,'_token=TpvhZb6P1DC8tuBZ6r9Kj1oBNuZ3J1QzcP76E6JB|mimes=false|cmd=tmb|targets=l1_bG9naW4vMDQuanBn|reqid=175a12b656523c','2020-11-07 10:56:15','2020-11-07 10:56:15'),(133,'_token=TpvhZb6P1DC8tuBZ6r9Kj1oBNuZ3J1QzcP76E6JB|mimes=false|cmd=open|target=l1_bG9naW4|init=1|tree=1|_=1604726871337','2020-11-07 10:57:50','2020-11-07 10:57:50'),(134,'_token=TpvhZb6P1DC8tuBZ6r9Kj1oBNuZ3J1QzcP76E6JB|mimes=false|cmd=tree|target=l1_Lw|reqid=175a12cdb793b4','2020-11-07 10:57:51','2020-11-07 10:57:51'),(135,'_token=TpvhZb6P1DC8tuBZ6r9Kj1oBNuZ3J1QzcP76E6JB|mimes=false|cmd=ls|target=l1_bG9naW4|intersect=03.jpg|reqid=175a12d1bb179','2020-11-07 10:58:08','2020-11-07 10:58:08'),(136,'_token=TpvhZb6P1DC8tuBZ6r9Kj1oBNuZ3J1QzcP76E6JB|mimes=false|cmd=tmb|targets=l1_bG9naW4vMDMuanBn|reqid=175a12d2eff25c','2020-11-07 10:58:13','2020-11-07 10:58:13'),(137,'_token=bCODIBMHen4hIRF52pCtOZYjIdPFHydAkawjhyyT|cmd=open|target=|init=1|tree=1|_=1604735520654','2020-11-07 13:22:00','2020-11-07 13:22:00'),(138,'document_category_id=1','2020-11-09 11:11:08','2020-11-09 11:11:08'),(139,'document_category_id=1|persistent-table=true','2020-11-09 11:11:39','2020-11-09 11:11:39'),(140,'_token=BzBd2BERJjaVjK85HnxkcLD9m8sthgUoxqlOCWHq|mimes=false|cmd=open|target=|init=1|tree=1|_=1604901312685','2020-11-09 11:25:18','2020-11-09 11:25:18'),(141,'_token=BzBd2BERJjaVjK85HnxkcLD9m8sthgUoxqlOCWHq|mimes=false|cmd=open|target=l1_ZG9jdW1lbnRz|reqid=175ab92cad3359','2020-11-09 11:25:24','2020-11-09 11:25:24'),(142,'_token=BzBd2BERJjaVjK85HnxkcLD9m8sthgUoxqlOCWHq|mimes=false|cmd=tmb|targets=l1_ZG9jdW1lbnRzLzFiYW5uZXItdGVhY2hlcnMtZGF5LmpwZw,l1_ZG9jdW1lbnRzL2Jhbm5lci10ZWFjaGVycy1kYXktZnJlZS5qcGc,l1_ZG9jdW1','2020-11-09 11:25:26','2020-11-09 11:25:26'),(143,'_token=BzBd2BERJjaVjK85HnxkcLD9m8sthgUoxqlOCWHq|mimes=false|cmd=tmb|targets=l1_ZG9jdW1lbnRzL0lNRy0yMDIwMDkwOS1XQTAwNDUuanBn,l1_ZG9jdW1lbnRzL0lNRy0yMDIwMDkxMS1XQTAwMzcuanBn,l1_ZG9jdW1lbnRzL29m','2020-11-09 11:25:27','2020-11-09 11:25:27'),(144,'_token=BzBd2BERJjaVjK85HnxkcLD9m8sthgUoxqlOCWHq|mimes=false|cmd=tmb|targets=l1_ZG9jdW1lbnRzL3NsaWRlcjEuanBn,l1_ZG9jdW1lbnRzL3NsaWRlcjIuanBn,l1_ZG9jdW1lbnRzL3NsaWRlcjMuanBn,l1_ZG9jdW1lbnRzL3Ns','2020-11-09 11:25:29','2020-11-09 11:25:29'),(145,'_token=BzBd2BERJjaVjK85HnxkcLD9m8sthgUoxqlOCWHq|mimes=false|cmd=tmb|targets=l1_ZG9jdW1lbnRzL1doYXRzQXBwIEltYWdlIDIwMjAtMDktMDcgYXQgOC4xMy41OCBQTS5qcGVn,l1_ZG9jdW1lbnRzL1doYXRzQXBwIEltYWdlIDIw','2020-11-09 11:25:31','2020-11-09 11:25:31'),(146,'_token=BzBd2BERJjaVjK85HnxkcLD9m8sthgUoxqlOCWHq|mimes=false|cmd=ls|target=l1_ZG9jdW1lbnRz|intersect=Latest MOA & AOA_0001  10 Sept 2020.pdf|reqid=175ab935ef83bf','2020-11-09 11:26:02','2020-11-09 11:26:02'),(147,'_token=BzBd2BERJjaVjK85HnxkcLD9m8sthgUoxqlOCWHq|cmd=open|target=l1_Lw|init=1|tree=1|_=1604901405730','2020-11-09 11:26:45','2020-11-09 11:26:45'),(148,'_token=BzBd2BERJjaVjK85HnxkcLD9m8sthgUoxqlOCWHq|cmd=open|target=l1_ZG9jdW1lbnRz|reqid=175ab942218259','2020-11-09 11:26:52','2020-11-09 11:26:52'),(149,'_token=BzBd2BERJjaVjK85HnxkcLD9m8sthgUoxqlOCWHq|cmd=rm|targets=l1_ZG9jdW1lbnRzLzFiYW5uZXItdGVhY2hlcnMtZGF5LmpwZw,l1_ZG9jdW1lbnRzL2Jhbm5lci10ZWFjaGVycy1kYXktZnJlZS5qcGc,l1_ZG9jdW1lbnRzL2Jhbm5l','2020-11-09 11:27:21','2020-11-09 11:27:21'),(150,'_token=BzBd2BERJjaVjK85HnxkcLD9m8sthgUoxqlOCWHq|cmd=rm|targets=l1_ZG9jdW1lbnRzL3NsaWRlcjIuanBn|reqid=175ab94ac1373','2020-11-09 11:27:27','2020-11-09 11:27:27'),(151,'role=1','2020-11-09 11:45:03','2020-11-09 11:45:03'),(152,'_token=6DObuinCrcFTzcp2ECZNWtjRC9F4m1d3yOMi1APX|cmd=open|target=l1_ZG9jdW1lbnRz|init=1|tree=1|_=1604911384046','2020-11-09 14:13:05','2020-11-09 14:13:05'),(153,'_token=6DObuinCrcFTzcp2ECZNWtjRC9F4m1d3yOMi1APX|cmd=tree|target=l1_Lw|reqid=175ac2c57cd3c1','2020-11-09 14:13:29','2020-11-09 14:13:29'),(154,'_token=6DObuinCrcFTzcp2ECZNWtjRC9F4m1d3yOMi1APX|cmd=ls|target=l1_ZG9jdW1lbnRz|intersect=Login_12.jpg|reqid=175ac2cad9a165','2020-11-09 14:13:30','2020-11-09 14:13:30'),(155,'_token=6DObuinCrcFTzcp2ECZNWtjRC9F4m1d3yOMi1APX|cmd=tmb|targets=l1_ZG9jdW1lbnRzL0xvZ2luXzEyLmpwZw|reqid=175ac2cba3615b','2020-11-09 14:13:33','2020-11-09 14:13:33'),(156,'_token=6DObuinCrcFTzcp2ECZNWtjRC9F4m1d3yOMi1APX|mimes=false|cmd=open|target=l1_bG9naW4|init=1|tree=1|_=1604911450900','2020-11-09 14:14:10','2020-11-09 14:14:10'),(157,'_token=6DObuinCrcFTzcp2ECZNWtjRC9F4m1d3yOMi1APX|mimes=false|cmd=tree|target=l1_Lw|reqid=175ac2d526f1c8','2020-11-09 14:14:12','2020-11-09 14:14:12'),(158,'_token=6DObuinCrcFTzcp2ECZNWtjRC9F4m1d3yOMi1APX|mimes=false|cmd=open|target=l1_bG9nbw|reqid=175ac2d6b86270','2020-11-09 14:14:19','2020-11-09 14:14:19'),(159,'_token=6DObuinCrcFTzcp2ECZNWtjRC9F4m1d3yOMi1APX|mimes=false|cmd=tmb|targets=l1_bG9nby8xMWxvZ28ucG5n,l1_bG9nby9Mb2dvIEZpbmFsLnBuZw,l1_bG9nby9sb2dvX29sZC5wbmc,l1_bG9nby9sb2dvX3BuZy5wbmc,l1_bG9n','2020-11-09 14:14:20','2020-11-09 14:14:20'),(160,'_token=6DObuinCrcFTzcp2ECZNWtjRC9F4m1d3yOMi1APX|mimes=false|cmd=tmb|targets=l1_bG9nby9sb2dvLmpwZw,l1_bG9nby9sb2dvLnBuZw,l1_bG9nby9sb2dvMS5wbmc,l1_bG9nby9sb2dvMTIucG5n,l1_bG9nby9TSyBMb2dvX1Nxd','2020-11-09 14:14:21','2020-11-09 14:14:21'),(161,'_token=6DObuinCrcFTzcp2ECZNWtjRC9F4m1d3yOMi1APX|mimes=false|cmd=tmb|targets=l1_bG9nby9TS19Mb2dvX1NxdXJlX25ldy5wbmc|reqid=175ac2d7f193a5','2020-11-09 14:14:23','2020-11-09 14:14:23'),(162,'_token=6DObuinCrcFTzcp2ECZNWtjRC9F4m1d3yOMi1APX|mimes=false|cmd=open|target=l1_cGFnZQ|reqid=175ac2d94ff17a','2020-11-09 14:14:28','2020-11-09 14:14:28'),(163,'_token=6DObuinCrcFTzcp2ECZNWtjRC9F4m1d3yOMi1APX|mimes=false|cmd=tmb|targets=l1_cGFnZS9hdHVsLnBuZw,l1_cGFnZS9lc3NrYXktbWQuanBn,l1_cGFnZS9lc3NrYXktbWQucG5n,l1_cGFnZS9naXJpc2gucG5n,l1_cGFnZS9ya3','2020-11-09 14:14:30','2020-11-09 14:14:30'),(164,'_token=6DObuinCrcFTzcp2ECZNWtjRC9F4m1d3yOMi1APX|mimes=false|cmd=tmb|targets=l1_cGFnZS92aXZlay5wbmc,l1_cGFnZS95YXNoLnBuZw|reqid=175ac2d9efc21e','2020-11-09 14:14:31','2020-11-09 14:14:31'),(165,'_token=6DObuinCrcFTzcp2ECZNWtjRC9F4m1d3yOMi1APX|mimes=false|cmd=open|target=l1_ZG9jdW1lbnRz|reqid=175ac2da48a279','2020-11-09 14:14:32','2020-11-09 14:14:32'),(166,'_token=6DObuinCrcFTzcp2ECZNWtjRC9F4m1d3yOMi1APX|mimes=false|cmd=open|target=l1_ZG9jdW1lbnRz|init=1|tree=1|_=1604911580704','2020-11-09 14:16:19','2020-11-09 14:16:19'),(167,'_token=6DObuinCrcFTzcp2ECZNWtjRC9F4m1d3yOMi1APX|mimes=false|cmd=tree|target=l1_Lw|reqid=175ac2f4c0b314','2020-11-09 14:16:21','2020-11-09 14:16:21'),(168,'_token=6DObuinCrcFTzcp2ECZNWtjRC9F4m1d3yOMi1APX|mimes=false|cmd=open|target=l1_bG9naW4|reqid=175ac2f588a31e','2020-11-09 14:16:24','2020-11-09 14:16:24');
/*!40000 ALTER TABLE `tracker_queries` ENABLE KEYS */;
UNLOCK TABLES;
DROP TABLE IF EXISTS `tracker_query_arguments`;
/*!40101 SET @saved_cs_client     = @@character_set_client */;
/*!40101 SET character_set_client = utf8 */;
CREATE TABLE `tracker_query_arguments` (
  `id` bigint(20) unsigned NOT NULL AUTO_INCREMENT,
  `query_id` bigint(20) unsigned NOT NULL,
  `argument` varchar(191) NOT NULL,
  `value` varchar(191) DEFAULT NULL,
  `created_at` timestamp NULL DEFAULT NULL,
  `updated_at` timestamp NULL DEFAULT NULL,
  PRIMARY KEY (`id`),
  KEY `tracker_query_arguments_created_at_index` (`created_at`),
  KEY `tracker_query_arguments_updated_at_index` (`updated_at`),
  KEY `tracker_query_arguments_query_id_index` (`query_id`),
  KEY `tracker_query_arguments_argument_index` (`argument`),
  KEY `tracker_query_arguments_value_index` (`value`)
) ENGINE=MyISAM AUTO_INCREMENT=892 DEFAULT CHARSET=latin1;
/*!40101 SET character_set_client = @saved_cs_client */;

LOCK TABLES `tracker_query_arguments` WRITE;
/*!40000 ALTER TABLE `tracker_query_arguments` DISABLE KEYS */;
INSERT INTO `tracker_query_arguments` VALUES (1,1,'_token','FRRXfcDCtCo3vJ2bUBttTERWbZcZyN00hCft7MVP','2020-10-14 16:46:21','2020-10-14 16:46:21'),(2,1,'mimes','false','2020-10-14 16:46:21','2020-10-14 16:46:21'),(3,1,'cmd','open','2020-10-14 16:46:21','2020-10-14 16:46:21'),(4,1,'target','','2020-10-14 16:46:21','2020-10-14 16:46:21'),(5,1,'init','1','2020-10-14 16:46:21','2020-10-14 16:46:21'),(6,1,'tree','1','2020-10-14 16:46:21','2020-10-14 16:46:21'),(7,1,'_','1602674175492','2020-10-14 16:46:21','2020-10-14 16:46:21'),(8,2,'_token','FRRXfcDCtCo3vJ2bUBttTERWbZcZyN00hCft7MVP','2020-10-14 16:46:40','2020-10-14 16:46:40'),(9,2,'mimes','false','2020-10-14 16:46:40','2020-10-14 16:46:40'),(10,2,'cmd','mkdir','2020-10-14 16:46:40','2020-10-14 16:46:40'),(11,2,'name','article','2020-10-14 16:46:40','2020-10-14 16:46:40'),(12,2,'target','l1_Lw','2020-10-14 16:46:40','2020-10-14 16:46:40'),(13,2,'reqid','17526d38a18291','2020-10-14 16:46:41','2020-10-14 16:46:41'),(14,3,'_token','FRRXfcDCtCo3vJ2bUBttTERWbZcZyN00hCft7MVP','2020-10-14 16:46:45','2020-10-14 16:46:45'),(15,3,'mimes','false','2020-10-14 16:46:45','2020-10-14 16:46:45'),(16,3,'cmd','rename','2020-10-14 16:46:45','2020-10-14 16:46:45'),(17,3,'name','articles','2020-10-14 16:46:45','2020-10-14 16:46:45'),(18,3,'target','l1_YXJ0aWNsZQ','2020-10-14 16:46:45','2020-10-14 16:46:45'),(19,3,'reqid','17526d39dbb170','2020-10-14 16:46:45','2020-10-14 16:46:45'),(20,4,'_token','FRRXfcDCtCo3vJ2bUBttTERWbZcZyN00hCft7MVP','2020-10-14 16:46:48','2020-10-14 16:46:48'),(21,4,'mimes','false','2020-10-14 16:46:48','2020-10-14 16:46:48'),(22,4,'cmd','open','2020-10-14 16:46:48','2020-10-14 16:46:48'),(23,4,'target','l1_YXJ0aWNsZXM','2020-10-14 16:46:48','2020-10-14 16:46:48'),(24,4,'reqid','17526d3a78f148','2020-10-14 16:46:48','2020-10-14 16:46:48'),(25,5,'_token','FRRXfcDCtCo3vJ2bUBttTERWbZcZyN00hCft7MVP','2020-10-14 16:47:11','2020-10-14 16:47:11'),(26,5,'mimes','false','2020-10-14 16:47:11','2020-10-14 16:47:11'),(27,5,'cmd','ls','2020-10-14 16:47:11','2020-10-14 16:47:11'),(28,5,'target','l1_YXJ0aWNsZXM','2020-10-14 16:47:11','2020-10-14 16:47:11'),(29,5,'intersect','28008277001.jpeg,28008277042.jpeg,28008277043.jpeg,28008277044.jpeg','2020-10-14 16:47:11','2020-10-14 16:47:11'),(30,5,'reqid','17526d3ff3a318','2020-10-14 16:47:11','2020-10-14 16:47:11'),(31,6,'_token','FRRXfcDCtCo3vJ2bUBttTERWbZcZyN00hCft7MVP','2020-10-14 16:47:17','2020-10-14 16:47:17'),(32,6,'mimes','false','2020-10-14 16:47:17','2020-10-14 16:47:17'),(33,6,'cmd','tmb','2020-10-14 16:47:17','2020-10-14 16:47:17'),(34,6,'targets','l1_YXJ0aWNsZXMvMjgwMDgyNzcwMDEuanBlZw,l1_YXJ0aWNsZXMvMjgwMDgyNzcwNDIuanBlZw,l1_YXJ0aWNsZXMvMjgwMDgyNzcwNDMuanBlZw,l1_YXJ0aWNsZXMvMjgwMDgyNzcwNDQuanBlZw','2020-10-14 16:47:17','2020-10-14 16:47:17'),(35,6,'reqid','17526d4192929b','2020-10-14 16:47:17','2020-10-14 16:47:17'),(36,7,'_token','FRRXfcDCtCo3vJ2bUBttTERWbZcZyN00hCft7MVP','2020-10-14 16:47:20','2020-10-14 16:47:20'),(37,7,'mimes','false','2020-10-14 16:47:20','2020-10-14 16:47:20'),(38,7,'cmd','abort','2020-10-14 16:47:20','2020-10-14 16:47:20'),(39,7,'id','17526d4192929b','2020-10-14 16:47:20','2020-10-14 16:47:20'),(40,7,'reqid','17526d424f4242','2020-10-14 16:47:20','2020-10-14 16:47:20'),(41,8,'template','about_us','2020-10-14 18:21:39','2020-10-14 18:21:39'),(42,9,'template','services','2020-10-14 18:21:45','2020-10-14 18:21:45'),(43,10,'_token','grnj2U1JULaSu4c7O98XvKGc3IzyABsVPKNmenQV','2020-10-14 18:41:16','2020-10-14 18:41:16'),(44,10,'mimes','false','2020-10-14 18:41:16','2020-10-14 18:41:16'),(45,10,'cmd','open','2020-10-14 18:41:16','2020-10-14 18:41:16'),(46,10,'target','','2020-10-14 18:41:16','2020-10-14 18:41:16'),(47,10,'init','1','2020-10-14 18:41:16','2020-10-14 18:41:16'),(48,10,'tree','1','2020-10-14 18:41:16','2020-10-14 18:41:16'),(49,10,'_','1602681075174','2020-10-14 18:41:16','2020-10-14 18:41:16'),(50,11,'_token','grnj2U1JULaSu4c7O98XvKGc3IzyABsVPKNmenQV','2020-10-14 18:41:38','2020-10-14 18:41:38'),(51,11,'mimes','false','2020-10-14 18:41:38','2020-10-14 18:41:38'),(52,11,'cmd','mkdir','2020-10-14 18:41:38','2020-10-14 18:41:38'),(53,11,'name','logo','2020-10-14 18:41:38','2020-10-14 18:41:38'),(54,11,'target','l1_Lw','2020-10-14 18:41:38','2020-10-14 18:41:38'),(55,11,'reqid','175273cc9e553','2020-10-14 18:41:38','2020-10-14 18:41:38'),(56,12,'_token','grnj2U1JULaSu4c7O98XvKGc3IzyABsVPKNmenQV','2020-10-14 18:41:40','2020-10-14 18:41:40'),(57,12,'mimes','false','2020-10-14 18:41:40','2020-10-14 18:41:40'),(58,12,'cmd','open','2020-10-14 18:41:40','2020-10-14 18:41:40'),(59,12,'target','l1_YXJ0aWNsZXM','2020-10-14 18:41:40','2020-10-14 18:41:40'),(60,12,'reqid','175273cd3d01d8','2020-10-14 18:41:40','2020-10-14 18:41:40'),(61,13,'_token','grnj2U1JULaSu4c7O98XvKGc3IzyABsVPKNmenQV','2020-10-14 18:41:46','2020-10-14 18:41:46'),(62,13,'mimes','false','2020-10-14 18:41:46','2020-10-14 18:41:46'),(63,13,'cmd','open','2020-10-14 18:41:46','2020-10-14 18:41:46'),(64,13,'target','l1_YXJ0aWNsZXM','2020-10-14 18:41:46','2020-10-14 18:41:46'),(65,13,'init','1','2020-10-14 18:41:46','2020-10-14 18:41:46'),(66,13,'tree','1','2020-10-14 18:41:46','2020-10-14 18:41:46'),(67,13,'_','1602681104390','2020-10-14 18:41:46','2020-10-14 18:41:46'),(68,14,'_token','grnj2U1JULaSu4c7O98XvKGc3IzyABsVPKNmenQV','2020-10-14 18:41:47','2020-10-14 18:41:47'),(69,14,'mimes','false','2020-10-14 18:41:47','2020-10-14 18:41:47'),(70,14,'cmd','tree','2020-10-14 18:41:47','2020-10-14 18:41:47'),(71,14,'target','l1_Lw','2020-10-14 18:41:47','2020-10-14 18:41:47'),(72,14,'reqid','175273cef5d335','2020-10-14 18:41:47','2020-10-14 18:41:47'),(73,15,'_token','grnj2U1JULaSu4c7O98XvKGc3IzyABsVPKNmenQV','2020-10-14 18:41:49','2020-10-14 18:41:49'),(74,15,'mimes','false','2020-10-14 18:41:49','2020-10-14 18:41:49'),(75,15,'cmd','open','2020-10-14 18:41:49','2020-10-14 18:41:49'),(76,15,'target','l1_Lw','2020-10-14 18:41:49','2020-10-14 18:41:49'),(77,15,'reqid','175273cf5652a2','2020-10-14 18:41:49','2020-10-14 18:41:49'),(78,16,'_token','grnj2U1JULaSu4c7O98XvKGc3IzyABsVPKNmenQV','2020-10-14 18:41:50','2020-10-14 18:41:50'),(79,16,'mimes','false','2020-10-14 18:41:50','2020-10-14 18:41:50'),(80,16,'cmd','open','2020-10-14 18:41:50','2020-10-14 18:41:50'),(81,16,'target','l1_bG9nbw','2020-10-14 18:41:50','2020-10-14 18:41:50'),(82,16,'reqid','175273cf9322a1','2020-10-14 18:41:50','2020-10-14 18:41:50'),(83,17,'_token','grnj2U1JULaSu4c7O98XvKGc3IzyABsVPKNmenQV','2020-10-14 18:41:50','2020-10-14 18:41:50'),(84,17,'mimes','false','2020-10-14 18:41:50','2020-10-14 18:41:50'),(85,17,'cmd','abort','2020-10-14 18:41:50','2020-10-14 18:41:50'),(86,17,'id','175273cf5652a2','2020-10-14 18:41:50','2020-10-14 18:41:50'),(87,17,'reqid','175273cf933ba','2020-10-14 18:41:50','2020-10-14 18:41:50'),(88,18,'_token','grnj2U1JULaSu4c7O98XvKGc3IzyABsVPKNmenQV','2020-10-14 18:42:01','2020-10-14 18:42:01'),(89,18,'mimes','false','2020-10-14 18:42:01','2020-10-14 18:42:01'),(90,18,'cmd','ls','2020-10-14 18:42:01','2020-10-14 18:42:01'),(91,18,'target','l1_bG9nbw','2020-10-14 18:42:02','2020-10-14 18:42:02'),(92,18,'intersect','11logo.png,logo.png,logo1.png','2020-10-14 18:42:02','2020-10-14 18:42:02'),(93,18,'reqid','175273d2518204','2020-10-14 18:42:02','2020-10-14 18:42:02'),(94,19,'_token','grnj2U1JULaSu4c7O98XvKGc3IzyABsVPKNmenQV','2020-10-14 18:42:05','2020-10-14 18:42:05'),(95,19,'mimes','false','2020-10-14 18:42:05','2020-10-14 18:42:05'),(96,19,'cmd','tmb','2020-10-14 18:42:05','2020-10-14 18:42:05'),(97,19,'targets','l1_bG9nby8xMWxvZ28ucG5n,l1_bG9nby9sb2dvLnBuZw,l1_bG9nby9sb2dvMS5wbmc','2020-10-14 18:42:05','2020-10-14 18:42:05'),(98,19,'reqid','175273d32f81ae','2020-10-14 18:42:05','2020-10-14 18:42:05'),(99,20,'_token','brhMFnAtyD41kKzsp6hKI3cwku1R2PVwLeSb32nu','2020-10-26 16:09:50','2020-10-26 16:09:50'),(100,20,'mimes','false','2020-10-26 16:09:50','2020-10-26 16:09:50'),(101,20,'cmd','open','2020-10-26 16:09:50','2020-10-26 16:09:50'),(102,20,'target','','2020-10-26 16:09:50','2020-10-26 16:09:50'),(103,20,'init','1','2020-10-26 16:09:50','2020-10-26 16:09:50'),(104,20,'tree','1','2020-10-26 16:09:50','2020-10-26 16:09:50'),(105,20,'_','1603708787475','2020-10-26 16:09:50','2020-10-26 16:09:50'),(106,21,'_token','brhMFnAtyD41kKzsp6hKI3cwku1R2PVwLeSb32nu','2020-10-26 16:09:58','2020-10-26 16:09:58'),(107,21,'mimes','false','2020-10-26 16:09:58','2020-10-26 16:09:58'),(108,21,'cmd','open','2020-10-26 16:09:58','2020-10-26 16:09:58'),(109,21,'target','l1_bG9nbw','2020-10-26 16:09:58','2020-10-26 16:09:58'),(110,21,'reqid','175647e43c1283','2020-10-26 16:09:58','2020-10-26 16:09:58'),(111,22,'_token','brhMFnAtyD41kKzsp6hKI3cwku1R2PVwLeSb32nu','2020-10-26 16:10:01','2020-10-26 16:10:01'),(112,22,'mimes','false','2020-10-26 16:10:01','2020-10-26 16:10:01'),(113,22,'cmd','tmb','2020-10-26 16:10:01','2020-10-26 16:10:01'),(114,22,'targets','l1_bG9nby8xMWxvZ28ucG5n,l1_bG9nby9sb2dvLnBuZw,l1_bG9nby9sb2dvMS5wbmc,l1_bG9nby9sb2dvMTIucG5n','2020-10-26 16:10:01','2020-10-26 16:10:01'),(115,22,'reqid','175647e4b7a14b','2020-10-26 16:10:01','2020-10-26 16:10:01'),(116,23,'_token','brhMFnAtyD41kKzsp6hKI3cwku1R2PVwLeSb32nu','2020-10-26 16:12:51','2020-10-26 16:12:51'),(117,23,'mimes','false','2020-10-26 16:12:51','2020-10-26 16:12:51'),(118,23,'cmd','parents','2020-10-26 16:12:51','2020-10-26 16:12:51'),(119,23,'target','l1_bG9nbw','2020-10-26 16:12:51','2020-10-26 16:12:51'),(120,23,'reqid','1756480e3dc11a','2020-10-26 16:12:51','2020-10-26 16:12:51'),(121,24,'_token','brhMFnAtyD41kKzsp6hKI3cwku1R2PVwLeSb32nu','2020-10-26 16:12:51','2020-10-26 16:12:51'),(122,24,'mimes','false','2020-10-26 16:12:51','2020-10-26 16:12:51'),(123,24,'cmd','open','2020-10-26 16:12:51','2020-10-26 16:12:51'),(124,24,'reload','1','2020-10-26 16:12:52','2020-10-26 16:12:52'),(125,24,'target','l1_bG9nbw','2020-10-26 16:12:52','2020-10-26 16:12:52'),(126,24,'tree','1','2020-10-26 16:12:52','2020-10-26 16:12:52'),(127,24,'compare','','2020-10-26 16:12:52','2020-10-26 16:12:52'),(128,24,'reqid','1756480e3d9299','2020-10-26 16:12:52','2020-10-26 16:12:52'),(129,25,'_token','9ghgmiNlnIBTccprJdoCtTzRYLGaSZMFIe97CWlp','2020-10-26 16:12:58','2020-10-26 16:12:58'),(130,25,'mimes','false','2020-10-26 16:12:58','2020-10-26 16:12:58'),(131,25,'cmd','open','2020-10-26 16:12:58','2020-10-26 16:12:58'),(132,25,'target','l1_bG9nbw','2020-10-26 16:12:58','2020-10-26 16:12:58'),(133,25,'init','1','2020-10-26 16:12:58','2020-10-26 16:12:58'),(134,25,'tree','1','2020-10-26 16:12:58','2020-10-26 16:12:58'),(135,25,'_','1603708973110','2020-10-26 16:12:58','2020-10-26 16:12:58'),(136,26,'_token','brhMFnAtyD41kKzsp6hKI3cwku1R2PVwLeSb32nu','2020-10-26 16:12:59','2020-10-26 16:12:59'),(137,26,'mimes','false','2020-10-26 16:12:59','2020-10-26 16:12:59'),(138,26,'cmd','open','2020-10-26 16:12:59','2020-10-26 16:12:59'),(139,26,'reload','1','2020-10-26 16:12:59','2020-10-26 16:12:59'),(140,26,'target','l1_bG9nbw','2020-10-26 16:12:59','2020-10-26 16:12:59'),(141,26,'tree','1','2020-10-26 16:12:59','2020-10-26 16:12:59'),(142,26,'compare','','2020-10-26 16:12:59','2020-10-26 16:12:59'),(143,26,'reqid','175648106d9b1','2020-10-26 16:12:59','2020-10-26 16:12:59'),(144,27,'_token','9ghgmiNlnIBTccprJdoCtTzRYLGaSZMFIe97CWlp','2020-10-26 16:13:00','2020-10-26 16:13:00'),(145,27,'mimes','false','2020-10-26 16:13:00','2020-10-26 16:13:00'),(146,27,'cmd','tree','2020-10-26 16:13:00','2020-10-26 16:13:00'),(147,27,'target','l1_Lw','2020-10-26 16:13:00','2020-10-26 16:13:00'),(148,27,'reqid','17564810749246','2020-10-26 16:13:00','2020-10-26 16:13:00'),(149,28,'_token','brhMFnAtyD41kKzsp6hKI3cwku1R2PVwLeSb32nu','2020-10-26 16:13:01','2020-10-26 16:13:01'),(150,28,'mimes','false','2020-10-26 16:13:01','2020-10-26 16:13:01'),(151,28,'cmd','parents','2020-10-26 16:13:01','2020-10-26 16:13:01'),(152,28,'target','l1_bG9nbw','2020-10-26 16:13:01','2020-10-26 16:13:01'),(153,28,'reqid','175648106dcb9','2020-10-26 16:13:01','2020-10-26 16:13:01'),(154,29,'_token','9ghgmiNlnIBTccprJdoCtTzRYLGaSZMFIe97CWlp','2020-10-26 16:13:09','2020-10-26 16:13:09'),(155,29,'mimes','false','2020-10-26 16:13:09','2020-10-26 16:13:09'),(156,29,'cmd','open','2020-10-26 16:13:09','2020-10-26 16:13:09'),(157,29,'target','l1_Lw','2020-10-26 16:13:09','2020-10-26 16:13:09'),(158,29,'reqid','17564812a1d20c','2020-10-26 16:13:09','2020-10-26 16:13:09'),(159,30,'_token','9ghgmiNlnIBTccprJdoCtTzRYLGaSZMFIe97CWlp','2020-10-26 16:13:14','2020-10-26 16:13:14'),(160,30,'mimes','false','2020-10-26 16:13:14','2020-10-26 16:13:14'),(161,30,'cmd','mkdir','2020-10-26 16:13:14','2020-10-26 16:13:14'),(162,30,'name','login','2020-10-26 16:13:14','2020-10-26 16:13:14'),(163,30,'target','l1_Lw','2020-10-26 16:13:14','2020-10-26 16:13:14'),(164,30,'reqid','17564813d1f38f','2020-10-26 16:13:14','2020-10-26 16:13:14'),(165,31,'_token','9ghgmiNlnIBTccprJdoCtTzRYLGaSZMFIe97CWlp','2020-10-26 16:13:17','2020-10-26 16:13:17'),(166,31,'mimes','false','2020-10-26 16:13:17','2020-10-26 16:13:17'),(167,31,'cmd','open','2020-10-26 16:13:17','2020-10-26 16:13:17'),(168,31,'target','l1_bG9naW4','2020-10-26 16:13:17','2020-10-26 16:13:17'),(169,31,'reqid','17564814bee3a6','2020-10-26 16:13:17','2020-10-26 16:13:17'),(170,32,'_token','9ghgmiNlnIBTccprJdoCtTzRYLGaSZMFIe97CWlp','2020-10-26 16:13:24','2020-10-26 16:13:24'),(171,32,'mimes','false','2020-10-26 16:13:24','2020-10-26 16:13:24'),(172,32,'cmd','open','2020-10-26 16:13:24','2020-10-26 16:13:24'),(173,32,'reload','1','2020-10-26 16:13:24','2020-10-26 16:13:24'),(174,32,'target','l1_bG9naW4','2020-10-26 16:13:24','2020-10-26 16:13:24'),(175,32,'tree','1','2020-10-26 16:13:24','2020-10-26 16:13:24'),(176,32,'compare','','2020-10-26 16:13:24','2020-10-26 16:13:24'),(177,32,'reqid','1756481627838d','2020-10-26 16:13:24','2020-10-26 16:13:24'),(178,33,'_token','9ghgmiNlnIBTccprJdoCtTzRYLGaSZMFIe97CWlp','2020-10-26 16:13:25','2020-10-26 16:13:25'),(179,33,'mimes','false','2020-10-26 16:13:25','2020-10-26 16:13:25'),(180,33,'cmd','parents','2020-10-26 16:13:25','2020-10-26 16:13:25'),(181,33,'target','l1_bG9naW4','2020-10-26 16:13:25','2020-10-26 16:13:25'),(182,33,'reqid','175648162792d9','2020-10-26 16:13:25','2020-10-26 16:13:25'),(183,34,'_token','brhMFnAtyD41kKzsp6hKI3cwku1R2PVwLeSb32nu','2020-10-26 16:13:36','2020-10-26 16:13:36'),(184,34,'mimes','false','2020-10-26 16:13:36','2020-10-26 16:13:36'),(185,34,'cmd','open','2020-10-26 16:13:36','2020-10-26 16:13:36'),(186,34,'target','l1_bG9nbw','2020-10-26 16:13:36','2020-10-26 16:13:36'),(187,34,'init','1','2020-10-26 16:13:36','2020-10-26 16:13:36'),(188,34,'tree','1','2020-10-26 16:13:36','2020-10-26 16:13:36'),(189,34,'_','1603709015258','2020-10-26 16:13:36','2020-10-26 16:13:36'),(190,35,'_token','9ghgmiNlnIBTccprJdoCtTzRYLGaSZMFIe97CWlp','2020-10-26 16:13:38','2020-10-26 16:13:38'),(191,35,'mimes','false','2020-10-26 16:13:38','2020-10-26 16:13:38'),(192,36,'_token','brhMFnAtyD41kKzsp6hKI3cwku1R2PVwLeSb32nu','2020-10-26 16:13:38','2020-10-26 16:13:38'),(193,36,'mimes','false','2020-10-26 16:13:38','2020-10-26 16:13:38'),(194,36,'cmd','tree','2020-10-26 16:13:38','2020-10-26 16:13:38'),(195,35,'cmd','ls','2020-10-26 16:13:38','2020-10-26 16:13:38'),(196,36,'target','l1_Lw','2020-10-26 16:13:38','2020-10-26 16:13:38'),(197,35,'target','l1_bG9naW4','2020-10-26 16:13:38','2020-10-26 16:13:38'),(198,36,'reqid','17564819d7a12','2020-10-26 16:13:38','2020-10-26 16:13:38'),(199,35,'intersect','bg4-l.jpg','2020-10-26 16:13:38','2020-10-26 16:13:38'),(200,35,'reqid','175648199632f3','2020-10-26 16:13:38','2020-10-26 16:13:38'),(201,37,'_token','9ghgmiNlnIBTccprJdoCtTzRYLGaSZMFIe97CWlp','2020-10-26 16:13:42','2020-10-26 16:13:42'),(202,37,'mimes','false','2020-10-26 16:13:42','2020-10-26 16:13:42'),(203,37,'cmd','tmb','2020-10-26 16:13:42','2020-10-26 16:13:42'),(204,37,'targets','l1_bG9naW4vYmc0LWwuanBn','2020-10-26 16:13:42','2020-10-26 16:13:42'),(205,37,'reqid','1756481abc8362','2020-10-26 16:13:42','2020-10-26 16:13:42'),(206,38,'_token','9ghgmiNlnIBTccprJdoCtTzRYLGaSZMFIe97CWlp','2020-10-26 16:14:03','2020-10-26 16:14:03'),(207,38,'mimes','false','2020-10-26 16:14:03','2020-10-26 16:14:03'),(208,38,'cmd','open','2020-10-26 16:14:03','2020-10-26 16:14:03'),(209,38,'target','l1_bG9nbw','2020-10-26 16:14:03','2020-10-26 16:14:03'),(210,38,'reqid','1756481fd83225','2020-10-26 16:14:03','2020-10-26 16:14:03'),(211,39,'_token','9ghgmiNlnIBTccprJdoCtTzRYLGaSZMFIe97CWlp','2020-10-26 16:14:17','2020-10-26 16:14:17'),(212,39,'mimes','false','2020-10-26 16:14:17','2020-10-26 16:14:17'),(213,39,'cmd','rename','2020-10-26 16:14:17','2020-10-26 16:14:17'),(214,39,'name','logo_old.png','2020-10-26 16:14:17','2020-10-26 16:14:17'),(215,39,'target','l1_bG9nby9sb2dvLnBuZw','2020-10-26 16:14:17','2020-10-26 16:14:17'),(216,39,'reqid','175648232f76d','2020-10-26 16:14:17','2020-10-26 16:14:17'),(217,40,'_token','9ghgmiNlnIBTccprJdoCtTzRYLGaSZMFIe97CWlp','2020-10-26 16:14:19','2020-10-26 16:14:19'),(218,40,'mimes','false','2020-10-26 16:14:19','2020-10-26 16:14:19'),(219,40,'cmd','tmb','2020-10-26 16:14:19','2020-10-26 16:14:19'),(220,40,'targets','l1_bG9nby9sb2dvX29sZC5wbmc','2020-10-26 16:14:19','2020-10-26 16:14:19'),(221,40,'reqid','17564823c7efb','2020-10-26 16:14:19','2020-10-26 16:14:19'),(222,41,'_token','9ghgmiNlnIBTccprJdoCtTzRYLGaSZMFIe97CWlp','2020-10-26 16:18:20','2020-10-26 16:18:20'),(223,41,'mimes','false','2020-10-26 16:18:20','2020-10-26 16:18:20'),(224,41,'cmd','ls','2020-10-26 16:18:20','2020-10-26 16:18:20'),(225,41,'target','l1_bG9nbw','2020-10-26 16:18:20','2020-10-26 16:18:20'),(226,41,'intersect','logo.png,logo_png.png,Logo Final.png,logo.jpg','2020-10-26 16:18:20','2020-10-26 16:18:20'),(227,41,'reqid','1756485e568a0','2020-10-26 16:18:20','2020-10-26 16:18:20'),(228,42,'_token','9ghgmiNlnIBTccprJdoCtTzRYLGaSZMFIe97CWlp','2020-10-26 16:18:24','2020-10-26 16:18:24'),(229,42,'mimes','false','2020-10-26 16:18:24','2020-10-26 16:18:24'),(230,42,'cmd','tmb','2020-10-26 16:18:24','2020-10-26 16:18:24'),(231,42,'targets','l1_bG9nby9Mb2dvIEZpbmFsLnBuZw,l1_bG9nby9sb2dvX3BuZy5wbmc,l1_bG9nby9sb2dvLmpwZw,l1_bG9nby9sb2dvLnBuZw','2020-10-26 16:18:24','2020-10-26 16:18:24'),(232,42,'reqid','1756485f96129e','2020-10-26 16:18:24','2020-10-26 16:18:24'),(233,43,'_token','9ghgmiNlnIBTccprJdoCtTzRYLGaSZMFIe97CWlp','2020-10-26 16:23:27','2020-10-26 16:23:27'),(234,43,'mimes','false','2020-10-26 16:23:27','2020-10-26 16:23:27'),(235,43,'cmd','open','2020-10-26 16:23:27','2020-10-26 16:23:27'),(236,43,'target','l1_bG9nbw','2020-10-26 16:23:27','2020-10-26 16:23:27'),(237,43,'init','1','2020-10-26 16:23:27','2020-10-26 16:23:27'),(238,43,'tree','1','2020-10-26 16:23:27','2020-10-26 16:23:27'),(239,43,'_','1603709606185','2020-10-26 16:23:27','2020-10-26 16:23:27'),(240,44,'_token','9ghgmiNlnIBTccprJdoCtTzRYLGaSZMFIe97CWlp','2020-10-26 16:23:29','2020-10-26 16:23:29'),(241,44,'mimes','false','2020-10-26 16:23:29','2020-10-26 16:23:29'),(242,44,'cmd','tree','2020-10-26 16:23:29','2020-10-26 16:23:29'),(243,44,'target','l1_Lw','2020-10-26 16:23:29','2020-10-26 16:23:29'),(244,44,'reqid','175648aa23979','2020-10-26 16:23:29','2020-10-26 16:23:29'),(245,45,'_token','9ghgmiNlnIBTccprJdoCtTzRYLGaSZMFIe97CWlp','2020-10-26 16:23:32','2020-10-26 16:23:32'),(246,45,'mimes','false','2020-10-26 16:23:32','2020-10-26 16:23:32'),(247,45,'cmd','open','2020-10-26 16:23:32','2020-10-26 16:23:32'),(248,45,'target','l1_bG9naW4','2020-10-26 16:23:32','2020-10-26 16:23:32'),(249,45,'reqid','175648aad852b6','2020-10-26 16:23:32','2020-10-26 16:23:32'),(250,46,'_token','9ghgmiNlnIBTccprJdoCtTzRYLGaSZMFIe97CWlp','2020-10-26 16:23:39','2020-10-26 16:23:39'),(251,46,'mimes','false','2020-10-26 16:23:39','2020-10-26 16:23:39'),(252,46,'cmd','ls','2020-10-26 16:23:39','2020-10-26 16:23:39'),(253,46,'target','l1_bG9naW4','2020-10-26 16:23:39','2020-10-26 16:23:39'),(254,46,'intersect','mikhail-derecha-q-XTB-YTsho-unsplash.jpg','2020-10-26 16:23:39','2020-10-26 16:23:39'),(255,46,'reqid','175648ac71f56','2020-10-26 16:23:39','2020-10-26 16:23:39'),(256,47,'_token','9ghgmiNlnIBTccprJdoCtTzRYLGaSZMFIe97CWlp','2020-10-26 16:23:45','2020-10-26 16:23:45'),(257,47,'mimes','false','2020-10-26 16:23:45','2020-10-26 16:23:45'),(258,47,'cmd','tmb','2020-10-26 16:23:45','2020-10-26 16:23:45'),(259,47,'targets','l1_bG9naW4vbWlraGFpbC1kZXJlY2hhLXEtWFRCLVlUc2hvLXVuc3BsYXNoLmpwZw','2020-10-26 16:23:45','2020-10-26 16:23:45'),(260,47,'reqid','175648ae040c3','2020-10-26 16:23:45','2020-10-26 16:23:45'),(261,48,'_token','9ghgmiNlnIBTccprJdoCtTzRYLGaSZMFIe97CWlp','2020-10-26 16:24:39','2020-10-26 16:24:39'),(262,48,'mimes','false','2020-10-26 16:24:40','2020-10-26 16:24:40'),(263,48,'cmd','open','2020-10-26 16:24:40','2020-10-26 16:24:40'),(264,48,'target','l1_bG9naW4','2020-10-26 16:24:40','2020-10-26 16:24:40'),(265,48,'init','1','2020-10-26 16:24:40','2020-10-26 16:24:40'),(266,48,'tree','1','2020-10-26 16:24:40','2020-10-26 16:24:40'),(267,48,'_','1603709678131','2020-10-26 16:24:40','2020-10-26 16:24:40'),(268,49,'_token','9ghgmiNlnIBTccprJdoCtTzRYLGaSZMFIe97CWlp','2020-10-26 16:24:42','2020-10-26 16:24:42'),(269,49,'mimes','false','2020-10-26 16:24:42','2020-10-26 16:24:42'),(270,49,'cmd','tree','2020-10-26 16:24:42','2020-10-26 16:24:42'),(271,49,'target','l1_Lw','2020-10-26 16:24:42','2020-10-26 16:24:42'),(272,49,'reqid','175648bbc251f','2020-10-26 16:24:42','2020-10-26 16:24:42'),(273,50,'_token','9ghgmiNlnIBTccprJdoCtTzRYLGaSZMFIe97CWlp','2020-10-26 16:24:51','2020-10-26 16:24:51'),(274,50,'mimes','false','2020-10-26 16:24:51','2020-10-26 16:24:51'),(275,50,'cmd','ls','2020-10-26 16:24:51','2020-10-26 16:24:51'),(276,50,'target','l1_bG9naW4','2020-10-26 16:24:51','2020-10-26 16:24:51'),(277,50,'intersect','login-bg.jpg','2020-10-26 16:24:51','2020-10-26 16:24:51'),(278,50,'reqid','175648be07fb7','2020-10-26 16:24:51','2020-10-26 16:24:51'),(279,51,'_token','9ghgmiNlnIBTccprJdoCtTzRYLGaSZMFIe97CWlp','2020-10-26 16:24:57','2020-10-26 16:24:57'),(280,51,'mimes','false','2020-10-26 16:24:57','2020-10-26 16:24:57'),(281,51,'cmd','tmb','2020-10-26 16:24:57','2020-10-26 16:24:57'),(282,51,'targets','l1_bG9naW4vbG9naW4tYmcuanBn','2020-10-26 16:24:57','2020-10-26 16:24:57'),(283,51,'reqid','175648bf932b2','2020-10-26 16:24:57','2020-10-26 16:24:57'),(284,52,'_token','9ghgmiNlnIBTccprJdoCtTzRYLGaSZMFIe97CWlp','2020-10-26 16:27:34','2020-10-26 16:27:34'),(285,52,'mimes','false','2020-10-26 16:27:34','2020-10-26 16:27:34'),(286,52,'cmd','open','2020-10-26 16:27:34','2020-10-26 16:27:34'),(287,52,'target','l1_bG9naW4','2020-10-26 16:27:34','2020-10-26 16:27:34'),(288,52,'init','1','2020-10-26 16:27:34','2020-10-26 16:27:34'),(289,52,'tree','1','2020-10-26 16:27:34','2020-10-26 16:27:34'),(290,52,'_','1603709852914','2020-10-26 16:27:34','2020-10-26 16:27:34'),(291,53,'_token','9ghgmiNlnIBTccprJdoCtTzRYLGaSZMFIe97CWlp','2020-10-26 16:27:45','2020-10-26 16:27:45'),(292,53,'mimes','false','2020-10-26 16:27:45','2020-10-26 16:27:45'),(293,53,'cmd','tree','2020-10-26 16:27:45','2020-10-26 16:27:45'),(294,53,'target','l1_Lw','2020-10-26 16:27:45','2020-10-26 16:27:45'),(295,53,'reqid','175648e868e5f','2020-10-26 16:27:45','2020-10-26 16:27:45'),(296,54,'_token','9ghgmiNlnIBTccprJdoCtTzRYLGaSZMFIe97CWlp','2020-10-26 16:27:49','2020-10-26 16:27:49'),(297,54,'mimes','false','2020-10-26 16:27:49','2020-10-26 16:27:49'),(298,54,'cmd','open','2020-10-26 16:27:49','2020-10-26 16:27:49'),(299,54,'target','l1_bG9nbw','2020-10-26 16:27:49','2020-10-26 16:27:49'),(300,54,'reqid','175648e983c29b','2020-10-26 16:27:49','2020-10-26 16:27:49'),(301,55,'_token','9ghgmiNlnIBTccprJdoCtTzRYLGaSZMFIe97CWlp','2020-10-26 16:28:02','2020-10-26 16:28:02'),(302,55,'mimes','false','2020-10-26 16:28:02','2020-10-26 16:28:02'),(303,55,'cmd','ls','2020-10-26 16:28:02','2020-10-26 16:28:02'),(304,55,'target','l1_bG9nbw','2020-10-26 16:28:02','2020-10-26 16:28:02'),(305,55,'intersect','Logo_Rectangle.png','2020-10-26 16:28:02','2020-10-26 16:28:02'),(306,55,'reqid','175648ec9d798','2020-10-26 16:28:02','2020-10-26 16:28:02'),(307,56,'_token','9ghgmiNlnIBTccprJdoCtTzRYLGaSZMFIe97CWlp','2020-10-26 16:28:05','2020-10-26 16:28:05'),(308,56,'mimes','false','2020-10-26 16:28:05','2020-10-26 16:28:05'),(309,56,'cmd','tmb','2020-10-26 16:28:05','2020-10-26 16:28:05'),(310,56,'targets','l1_bG9nby9Mb2dvX1JlY3RhbmdsZS5wbmc','2020-10-26 16:28:05','2020-10-26 16:28:05'),(311,56,'reqid','175648ed86a21f','2020-10-26 16:28:05','2020-10-26 16:28:05'),(312,57,'_token','9ghgmiNlnIBTccprJdoCtTzRYLGaSZMFIe97CWlp','2020-10-26 17:06:41','2020-10-26 17:06:41'),(313,57,'mimes','false','2020-10-26 17:06:41','2020-10-26 17:06:41'),(314,57,'cmd','open','2020-10-26 17:06:41','2020-10-26 17:06:41'),(315,57,'target','l1_bG9nbw','2020-10-26 17:06:41','2020-10-26 17:06:41'),(316,57,'init','1','2020-10-26 17:06:41','2020-10-26 17:06:41'),(317,57,'tree','1','2020-10-26 17:06:41','2020-10-26 17:06:41'),(318,57,'_','1603712200349','2020-10-26 17:06:41','2020-10-26 17:06:41'),(319,58,'_token','9ghgmiNlnIBTccprJdoCtTzRYLGaSZMFIe97CWlp','2020-10-26 17:06:44','2020-10-26 17:06:44'),(320,58,'mimes','false','2020-10-26 17:06:44','2020-10-26 17:06:44'),(321,58,'cmd','tree','2020-10-26 17:06:44','2020-10-26 17:06:44'),(322,58,'target','l1_Lw','2020-10-26 17:06:44','2020-10-26 17:06:44'),(323,58,'reqid','17564b2370e16d','2020-10-26 17:06:44','2020-10-26 17:06:44'),(324,59,'_token','9ghgmiNlnIBTccprJdoCtTzRYLGaSZMFIe97CWlp','2020-10-26 17:06:49','2020-10-26 17:06:49'),(325,59,'mimes','false','2020-10-26 17:06:49','2020-10-26 17:06:49'),(326,59,'cmd','ls','2020-10-26 17:06:49','2020-10-26 17:06:49'),(327,59,'target','l1_bG9nbw','2020-10-26 17:06:49','2020-10-26 17:06:49'),(328,59,'intersect','SK Logo_Squre.png','2020-10-26 17:06:49','2020-10-26 17:06:49'),(329,59,'reqid','17564b24ce08','2020-10-26 17:06:49','2020-10-26 17:06:49'),(330,60,'_token','9ghgmiNlnIBTccprJdoCtTzRYLGaSZMFIe97CWlp','2020-10-26 17:06:52','2020-10-26 17:06:52'),(331,60,'mimes','false','2020-10-26 17:06:52','2020-10-26 17:06:52'),(332,60,'cmd','tmb','2020-10-26 17:06:52','2020-10-26 17:06:52'),(333,60,'targets','l1_bG9nby9TSyBMb2dvX1NxdXJlLnBuZw','2020-10-26 17:06:52','2020-10-26 17:06:52'),(334,60,'reqid','17564b259b5234','2020-10-26 17:06:52','2020-10-26 17:06:52'),(335,61,'_token','9ghgmiNlnIBTccprJdoCtTzRYLGaSZMFIe97CWlp','2020-10-26 17:20:37','2020-10-26 17:20:37'),(336,61,'mimes','false','2020-10-26 17:20:37','2020-10-26 17:20:37'),(337,61,'cmd','open','2020-10-26 17:20:37','2020-10-26 17:20:37'),(338,61,'target','l1_bG9nbw','2020-10-26 17:20:37','2020-10-26 17:20:37'),(339,61,'init','1','2020-10-26 17:20:37','2020-10-26 17:20:37'),(340,61,'tree','1','2020-10-26 17:20:37','2020-10-26 17:20:37'),(341,61,'_','1603713036318','2020-10-26 17:20:37','2020-10-26 17:20:37'),(342,62,'_token','9ghgmiNlnIBTccprJdoCtTzRYLGaSZMFIe97CWlp','2020-10-26 17:20:39','2020-10-26 17:20:39'),(343,62,'mimes','false','2020-10-26 17:20:39','2020-10-26 17:20:39'),(344,62,'cmd','tree','2020-10-26 17:20:39','2020-10-26 17:20:39'),(345,62,'target','l1_Lw','2020-10-26 17:20:39','2020-10-26 17:20:39'),(346,62,'reqid','17564bef75513a','2020-10-26 17:20:39','2020-10-26 17:20:39'),(347,63,'_token','9ghgmiNlnIBTccprJdoCtTzRYLGaSZMFIe97CWlp','2020-10-26 17:20:48','2020-10-26 17:20:48'),(348,63,'mimes','false','2020-10-26 17:20:48','2020-10-26 17:20:48'),(349,63,'cmd','open','2020-10-26 17:20:48','2020-10-26 17:20:48'),(350,63,'target','l1_bG9naW4','2020-10-26 17:20:48','2020-10-26 17:20:48'),(351,63,'reqid','17564bf192d1fd','2020-10-26 17:20:48','2020-10-26 17:20:48'),(352,64,'_token','9ghgmiNlnIBTccprJdoCtTzRYLGaSZMFIe97CWlp','2020-10-26 17:20:56','2020-10-26 17:20:56'),(353,64,'mimes','false','2020-10-26 17:20:57','2020-10-26 17:20:57'),(354,64,'cmd','ls','2020-10-26 17:20:57','2020-10-26 17:20:57'),(355,64,'target','l1_bG9naW4','2020-10-26 17:20:57','2020-10-26 17:20:57'),(356,64,'intersect','register-bg.jpg','2020-10-26 17:20:57','2020-10-26 17:20:57'),(357,64,'reqid','17564bf366012d','2020-10-26 17:20:57','2020-10-26 17:20:57'),(358,65,'_token','9ghgmiNlnIBTccprJdoCtTzRYLGaSZMFIe97CWlp','2020-10-26 17:21:00','2020-10-26 17:21:00'),(359,65,'mimes','false','2020-10-26 17:21:00','2020-10-26 17:21:00'),(360,65,'cmd','tmb','2020-10-26 17:21:00','2020-10-26 17:21:00'),(361,65,'targets','l1_bG9naW4vcmVnaXN0ZXItYmcuanBn','2020-10-26 17:21:00','2020-10-26 17:21:00'),(362,65,'reqid','17564bf4ad918b','2020-10-26 17:21:00','2020-10-26 17:21:00'),(363,66,'_token','bYVa5m9niazmPLkckL0WE8BuGSooZ1AYc0BRMyvF','2020-10-27 10:35:54','2020-10-27 10:35:54'),(364,66,'mimes','false','2020-10-27 10:35:54','2020-10-27 10:35:54'),(365,66,'cmd','open','2020-10-27 10:35:54','2020-10-27 10:35:54'),(366,66,'target','l1_bG9nbw','2020-10-27 10:35:54','2020-10-27 10:35:54'),(367,66,'init','1','2020-10-27 10:35:55','2020-10-27 10:35:55'),(368,66,'tree','1','2020-10-27 10:35:55','2020-10-27 10:35:55'),(369,66,'_','1603775153633','2020-10-27 10:35:55','2020-10-27 10:35:55'),(370,67,'_token','bYVa5m9niazmPLkckL0WE8BuGSooZ1AYc0BRMyvF','2020-10-27 10:35:58','2020-10-27 10:35:58'),(371,67,'mimes','false','2020-10-27 10:35:58','2020-10-27 10:35:58'),(372,67,'cmd','tree','2020-10-27 10:35:58','2020-10-27 10:35:58'),(373,67,'target','l1_Lw','2020-10-27 10:35:58','2020-10-27 10:35:58'),(374,67,'reqid','1756872d63d138','2020-10-27 10:35:58','2020-10-27 10:35:58'),(375,68,'_token','v9q4EblrgLGK47cwXiZVwFzfNkJ2w8RXgkk3AwFu','2020-10-27 17:45:27','2020-10-27 17:45:27'),(376,68,'mimes','false','2020-10-27 17:45:27','2020-10-27 17:45:27'),(377,68,'cmd','open','2020-10-27 17:45:27','2020-10-27 17:45:27'),(378,68,'target','l1_bG9nbw','2020-10-27 17:45:27','2020-10-27 17:45:27'),(379,68,'init','1','2020-10-27 17:45:27','2020-10-27 17:45:27'),(380,68,'tree','1','2020-10-27 17:45:27','2020-10-27 17:45:27'),(381,68,'_','1603800923501','2020-10-27 17:45:27','2020-10-27 17:45:27'),(382,69,'_token','v9q4EblrgLGK47cwXiZVwFzfNkJ2w8RXgkk3AwFu','2020-10-27 17:45:33','2020-10-27 17:45:33'),(383,69,'mimes','false','2020-10-27 17:45:33','2020-10-27 17:45:33'),(384,69,'cmd','tmb','2020-10-27 17:45:34','2020-10-27 17:45:34'),(385,69,'targets','l1_bG9nby9TS19Mb2dvX1NxdXJlX25ldy5wbmc','2020-10-27 17:45:34','2020-10-27 17:45:34'),(386,69,'reqid','17569fc2307286','2020-10-27 17:45:34','2020-10-27 17:45:34'),(387,70,'_token','v9q4EblrgLGK47cwXiZVwFzfNkJ2w8RXgkk3AwFu','2020-10-27 17:45:35','2020-10-27 17:45:35'),(388,70,'mimes','false','2020-10-27 17:45:35','2020-10-27 17:45:35'),(389,70,'cmd','tree','2020-10-27 17:45:35','2020-10-27 17:45:35'),(390,70,'target','l1_Lw','2020-10-27 17:45:35','2020-10-27 17:45:35'),(391,70,'reqid','17569fc23331c0','2020-10-27 17:45:35','2020-10-27 17:45:35'),(392,71,'_token','v9q4EblrgLGK47cwXiZVwFzfNkJ2w8RXgkk3AwFu','2020-10-27 17:45:52','2020-10-27 17:45:52'),(393,71,'mimes','false','2020-10-27 17:45:52','2020-10-27 17:45:52'),(394,71,'cmd','open','2020-10-27 17:45:52','2020-10-27 17:45:52'),(395,71,'target','l1_bG9naW4','2020-10-27 17:45:52','2020-10-27 17:45:52'),(396,71,'reqid','17569fc6ba82de','2020-10-27 17:45:52','2020-10-27 17:45:52'),(397,72,'_token','VAhqbHY2LXo6apJzHpl902MIteUlbWalzginf7UQ','2020-10-27 17:50:50','2020-10-27 17:50:50'),(398,72,'mimes','false','2020-10-27 17:50:50','2020-10-27 17:50:50'),(399,72,'cmd','open','2020-10-27 17:50:50','2020-10-27 17:50:50'),(400,72,'target','l1_bG9naW4','2020-10-27 17:50:50','2020-10-27 17:50:50'),(401,72,'init','1','2020-10-27 17:50:50','2020-10-27 17:50:50'),(402,72,'tree','1','2020-10-27 17:50:50','2020-10-27 17:50:50'),(403,72,'_','1603801248240','2020-10-27 17:50:50','2020-10-27 17:50:50'),(404,73,'_token','VAhqbHY2LXo6apJzHpl902MIteUlbWalzginf7UQ','2020-10-27 17:50:54','2020-10-27 17:50:54'),(405,73,'mimes','false','2020-10-27 17:50:54','2020-10-27 17:50:54'),(406,73,'cmd','tree','2020-10-27 17:50:54','2020-10-27 17:50:54'),(407,73,'target','l1_Lw','2020-10-27 17:50:54','2020-10-27 17:50:54'),(408,73,'reqid','1756a01073425','2020-10-27 17:50:54','2020-10-27 17:50:54'),(409,74,'_token','VAhqbHY2LXo6apJzHpl902MIteUlbWalzginf7UQ','2020-10-27 17:51:07','2020-10-27 17:51:07'),(410,74,'mimes','false','2020-10-27 17:51:07','2020-10-27 17:51:07'),(411,74,'cmd','ls','2020-10-27 17:51:07','2020-10-27 17:51:07'),(412,74,'target','l1_bG9naW4','2020-10-27 17:51:07','2020-10-27 17:51:07'),(413,74,'intersect','register-page.jpg','2020-10-27 17:51:07','2020-10-27 17:51:07'),(414,74,'reqid','1756a0139ee2fb','2020-10-27 17:51:07','2020-10-27 17:51:07'),(415,75,'_token','VAhqbHY2LXo6apJzHpl902MIteUlbWalzginf7UQ','2020-10-27 17:51:20','2020-10-27 17:51:20'),(416,75,'mimes','false','2020-10-27 17:51:20','2020-10-27 17:51:20'),(417,75,'cmd','tmb','2020-10-27 17:51:20','2020-10-27 17:51:20'),(418,75,'targets','l1_bG9naW4vcmVnaXN0ZXItcGFnZS5qcGc','2020-10-27 17:51:20','2020-10-27 17:51:20'),(419,75,'reqid','1756a016eb35b','2020-10-27 17:51:20','2020-10-27 17:51:20'),(420,76,'_token','VAhqbHY2LXo6apJzHpl902MIteUlbWalzginf7UQ','2020-10-27 18:11:26','2020-10-27 18:11:26'),(421,76,'mimes','false','2020-10-27 18:11:26','2020-10-27 18:11:26'),(422,76,'cmd','open','2020-10-27 18:11:26','2020-10-27 18:11:26'),(423,76,'target','l1_bG9naW4','2020-10-27 18:11:26','2020-10-27 18:11:26'),(424,76,'init','1','2020-10-27 18:11:26','2020-10-27 18:11:26'),(425,76,'tree','1','2020-10-27 18:11:26','2020-10-27 18:11:26'),(426,76,'_','1603802485771','2020-10-27 18:11:26','2020-10-27 18:11:26'),(427,77,'_token','VAhqbHY2LXo6apJzHpl902MIteUlbWalzginf7UQ','2020-10-27 18:11:28','2020-10-27 18:11:28'),(428,77,'mimes','false','2020-10-27 18:11:28','2020-10-27 18:11:28'),(429,77,'cmd','tree','2020-10-27 18:11:28','2020-10-27 18:11:28'),(430,77,'target','l1_Lw','2020-10-27 18:11:28','2020-10-27 18:11:28'),(431,77,'reqid','1756a13e03b162','2020-10-27 18:11:28','2020-10-27 18:11:28'),(432,78,'_token','VAhqbHY2LXo6apJzHpl902MIteUlbWalzginf7UQ','2020-10-27 18:11:39','2020-10-27 18:11:39'),(433,78,'mimes','false','2020-10-27 18:11:39','2020-10-27 18:11:39'),(434,78,'cmd','ls','2020-10-27 18:11:39','2020-10-27 18:11:39'),(435,78,'target','l1_bG9naW4','2020-10-27 18:11:39','2020-10-27 18:11:39'),(436,78,'intersect','registration.jpg,forgot-password.jpg','2020-10-27 18:11:39','2020-10-27 18:11:39'),(437,78,'reqid','1756a1406045d','2020-10-27 18:11:39','2020-10-27 18:11:39'),(438,79,'_token','VAhqbHY2LXo6apJzHpl902MIteUlbWalzginf7UQ','2020-10-27 18:12:06','2020-10-27 18:12:06'),(439,79,'mimes','false','2020-10-27 18:12:06','2020-10-27 18:12:06'),(440,79,'cmd','tmb','2020-10-27 18:12:06','2020-10-27 18:12:06'),(441,79,'targets','l1_bG9naW4vZm9yZ290LXBhc3N3b3JkLmpwZw,l1_bG9naW4vcmVnaXN0cmF0aW9uLmpwZw','2020-10-27 18:12:06','2020-10-27 18:12:06'),(442,79,'reqid','1756a1473c33a6','2020-10-27 18:12:06','2020-10-27 18:12:06'),(443,80,'_token','VAhqbHY2LXo6apJzHpl902MIteUlbWalzginf7UQ','2020-10-27 18:12:21','2020-10-27 18:12:21'),(444,80,'mimes','false','2020-10-27 18:12:21','2020-10-27 18:12:21'),(445,80,'cmd','open','2020-10-27 18:12:21','2020-10-27 18:12:21'),(446,80,'target','l1_bG9naW4','2020-10-27 18:12:21','2020-10-27 18:12:21'),(447,80,'init','1','2020-10-27 18:12:21','2020-10-27 18:12:21'),(448,80,'tree','1','2020-10-27 18:12:21','2020-10-27 18:12:21'),(449,80,'_','1603802541146','2020-10-27 18:12:21','2020-10-27 18:12:21'),(450,81,'_token','VAhqbHY2LXo6apJzHpl902MIteUlbWalzginf7UQ','2020-10-27 18:12:23','2020-10-27 18:12:23'),(451,81,'mimes','false','2020-10-27 18:12:23','2020-10-27 18:12:23'),(452,81,'cmd','tree','2020-10-27 18:12:23','2020-10-27 18:12:23'),(453,81,'target','l1_Lw','2020-10-27 18:12:23','2020-10-27 18:12:23'),(454,81,'reqid','1756a14b4721c4','2020-10-27 18:12:23','2020-10-27 18:12:23'),(455,82,'_token','VAhqbHY2LXo6apJzHpl902MIteUlbWalzginf7UQ','2020-10-27 18:12:35','2020-10-27 18:12:35'),(456,82,'mimes','false','2020-10-27 18:12:35','2020-10-27 18:12:35'),(457,82,'cmd','open','2020-10-27 18:12:35','2020-10-27 18:12:35'),(458,82,'target','l1_bG9naW4','2020-10-27 18:12:35','2020-10-27 18:12:35'),(459,82,'init','1','2020-10-27 18:12:35','2020-10-27 18:12:35'),(460,82,'tree','1','2020-10-27 18:12:35','2020-10-27 18:12:35'),(461,82,'_','1603802555016','2020-10-27 18:12:35','2020-10-27 18:12:35'),(462,83,'_token','VAhqbHY2LXo6apJzHpl902MIteUlbWalzginf7UQ','2020-10-27 18:12:37','2020-10-27 18:12:37'),(463,83,'mimes','false','2020-10-27 18:12:37','2020-10-27 18:12:37'),(464,83,'cmd','tree','2020-10-27 18:12:37','2020-10-27 18:12:37'),(465,83,'target','l1_Lw','2020-10-27 18:12:37','2020-10-27 18:12:37'),(466,83,'reqid','1756a14eb87b4','2020-10-27 18:12:37','2020-10-27 18:12:37'),(467,84,'sdfsd','','2020-10-28 17:11:52','2020-10-28 17:11:52'),(468,85,'CKEditor','content','2020-10-30 15:53:49','2020-10-30 15:53:49'),(469,85,'CKEditorFuncNum','','2020-10-30 15:53:49','2020-10-30 15:53:49'),(470,85,'langCode','en','2020-10-30 15:53:49','2020-10-30 15:53:49'),(471,86,'_token','2n21fQuKV2Mm0NfTt8s4smzKlWKcRngac8wvV5GN','2020-10-30 15:53:55','2020-10-30 15:53:55'),(472,86,'cmd','open','2020-10-30 15:53:55','2020-10-30 15:53:55'),(473,86,'target','','2020-10-30 15:53:55','2020-10-30 15:53:55'),(474,86,'init','1','2020-10-30 15:53:55','2020-10-30 15:53:55'),(475,86,'tree','1','2020-10-30 15:53:55','2020-10-30 15:53:55'),(476,86,'_','1604053431125','2020-10-30 15:53:55','2020-10-30 15:53:55'),(477,87,'_token','2n21fQuKV2Mm0NfTt8s4smzKlWKcRngac8wvV5GN','2020-10-30 15:54:06','2020-10-30 15:54:06'),(478,87,'cmd','mkdir','2020-10-30 15:54:06','2020-10-30 15:54:06'),(479,87,'name','page','2020-10-30 15:54:06','2020-10-30 15:54:06'),(480,87,'target','l1_Lw','2020-10-30 15:54:06','2020-10-30 15:54:06'),(481,87,'reqid','17579092d1012b','2020-10-30 15:54:06','2020-10-30 15:54:06'),(482,88,'_token','2n21fQuKV2Mm0NfTt8s4smzKlWKcRngac8wvV5GN','2020-10-30 15:54:11','2020-10-30 15:54:11'),(483,88,'cmd','open','2020-10-30 15:54:11','2020-10-30 15:54:11'),(484,88,'target','l1_cGFnZQ','2020-10-30 15:54:11','2020-10-30 15:54:11'),(485,88,'reqid','1757909411120f','2020-10-30 15:54:11','2020-10-30 15:54:11'),(486,89,'_token','2n21fQuKV2Mm0NfTt8s4smzKlWKcRngac8wvV5GN','2020-10-30 15:54:14','2020-10-30 15:54:14'),(487,89,'cmd','open','2020-10-30 15:54:14','2020-10-30 15:54:14'),(488,89,'target','l1_cGFnZQ','2020-10-30 15:54:14','2020-10-30 15:54:14'),(489,89,'reqid','17579094eed1e0','2020-10-30 15:54:15','2020-10-30 15:54:15'),(490,90,'_token','2n21fQuKV2Mm0NfTt8s4smzKlWKcRngac8wvV5GN','2020-10-30 15:54:50','2020-10-30 15:54:50'),(491,90,'cmd','ls','2020-10-30 15:54:50','2020-10-30 15:54:50'),(492,90,'target','l1_cGFnZQ','2020-10-30 15:54:50','2020-10-30 15:54:50'),(493,90,'intersect','esskay-md.jpg','2020-10-30 15:54:50','2020-10-30 15:54:50'),(494,90,'reqid','1757909d8b223','2020-10-30 15:54:50','2020-10-30 15:54:50'),(495,91,'_token','2n21fQuKV2Mm0NfTt8s4smzKlWKcRngac8wvV5GN','2020-10-30 15:54:55','2020-10-30 15:54:55'),(496,91,'cmd','tmb','2020-10-30 15:54:55','2020-10-30 15:54:55'),(497,91,'targets','l1_cGFnZS9lc3NrYXktbWQuanBn','2020-10-30 15:54:55','2020-10-30 15:54:55'),(498,91,'reqid','1757909e9dd29e','2020-10-30 15:54:55','2020-10-30 15:54:55'),(499,92,'_token','2n21fQuKV2Mm0NfTt8s4smzKlWKcRngac8wvV5GN','2020-10-30 16:30:22','2020-10-30 16:30:22'),(500,92,'cmd','open','2020-10-30 16:30:22','2020-10-30 16:30:22'),(501,92,'target','l1_ZG9jdW1lbnRz','2020-10-30 16:30:22','2020-10-30 16:30:22'),(502,92,'init','1','2020-10-30 16:30:22','2020-10-30 16:30:22'),(503,92,'tree','1','2020-10-30 16:30:22','2020-10-30 16:30:22'),(504,92,'_','1604055621385','2020-10-30 16:30:22','2020-10-30 16:30:22'),(505,93,'_token','2n21fQuKV2Mm0NfTt8s4smzKlWKcRngac8wvV5GN','2020-10-30 16:30:24','2020-10-30 16:30:24'),(506,93,'cmd','open','2020-10-30 16:30:24','2020-10-30 16:30:24'),(507,93,'reload','1','2020-10-30 16:30:24','2020-10-30 16:30:24'),(508,93,'target','l1_ZG9jdW1lbnRz','2020-10-30 16:30:24','2020-10-30 16:30:24'),(509,93,'tree','1','2020-10-30 16:30:24','2020-10-30 16:30:24'),(510,93,'compare','','2020-10-30 16:30:24','2020-10-30 16:30:24'),(511,93,'reqid','175792a6aa717b','2020-10-30 16:30:24','2020-10-30 16:30:24'),(512,94,'_token','2n21fQuKV2Mm0NfTt8s4smzKlWKcRngac8wvV5GN','2020-10-30 16:30:25','2020-10-30 16:30:25'),(513,94,'cmd','parents','2020-10-30 16:30:25','2020-10-30 16:30:25'),(514,94,'target','l1_ZG9jdW1lbnRz','2020-10-30 16:30:25','2020-10-30 16:30:25'),(515,94,'reqid','175792a6aa833f','2020-10-30 16:30:25','2020-10-30 16:30:25'),(516,95,'_token','2n21fQuKV2Mm0NfTt8s4smzKlWKcRngac8wvV5GN','2020-10-30 16:30:25','2020-10-30 16:30:25'),(517,95,'cmd','parents','2020-10-30 16:30:25','2020-10-30 16:30:25'),(518,95,'target','l1_ZG9jdW1lbnRz','2020-10-30 16:30:25','2020-10-30 16:30:25'),(519,95,'reqid','175792a6aae35d','2020-10-30 16:30:25','2020-10-30 16:30:25'),(520,96,'_token','2n21fQuKV2Mm0NfTt8s4smzKlWKcRngac8wvV5GN','2020-10-30 16:30:26','2020-10-30 16:30:26'),(521,96,'cmd','abort','2020-10-30 16:30:26','2020-10-30 16:30:26'),(522,96,'id','175792a6aa717b','2020-10-30 16:30:26','2020-10-30 16:30:26'),(523,96,'reqid','175792a734b35e','2020-10-30 16:30:26','2020-10-30 16:30:26'),(524,97,'_token','2n21fQuKV2Mm0NfTt8s4smzKlWKcRngac8wvV5GN','2020-10-30 16:30:27','2020-10-30 16:30:27'),(525,97,'cmd','open','2020-10-30 16:30:27','2020-10-30 16:30:27'),(526,97,'target','l1_Lw','2020-10-30 16:30:27','2020-10-30 16:30:27'),(527,97,'tree','1','2020-10-30 16:30:27','2020-10-30 16:30:27'),(528,97,'init','1','2020-10-30 16:30:27','2020-10-30 16:30:27'),(529,97,'reqid','175792a6ab3131','2020-10-30 16:30:27','2020-10-30 16:30:27'),(530,98,'_token','2n21fQuKV2Mm0NfTt8s4smzKlWKcRngac8wvV5GN','2020-10-30 16:30:27','2020-10-30 16:30:27'),(531,98,'cmd','abort','2020-10-30 16:30:27','2020-10-30 16:30:27'),(532,98,'id','175792a6aae35d','2020-10-30 16:30:27','2020-10-30 16:30:27'),(533,98,'reqid','175792a7350d6','2020-10-30 16:30:27','2020-10-30 16:30:27'),(534,99,'_token','2n21fQuKV2Mm0NfTt8s4smzKlWKcRngac8wvV5GN','2020-10-30 16:30:31','2020-10-30 16:30:31'),(535,99,'cmd','open','2020-10-30 16:30:31','2020-10-30 16:30:31'),(536,99,'target','l1_cGFnZQ','2020-10-30 16:30:31','2020-10-30 16:30:31'),(537,99,'reqid','175792a86e4180','2020-10-30 16:30:31','2020-10-30 16:30:31'),(538,100,'_token','2n21fQuKV2Mm0NfTt8s4smzKlWKcRngac8wvV5GN','2020-10-30 16:30:39','2020-10-30 16:30:39'),(539,100,'cmd','ls','2020-10-30 16:30:39','2020-10-30 16:30:39'),(540,100,'target','l1_cGFnZQ','2020-10-30 16:30:39','2020-10-30 16:30:39'),(541,100,'intersect','esskay-md.png','2020-10-30 16:30:39','2020-10-30 16:30:39'),(542,100,'reqid','175792aa2663a0','2020-10-30 16:30:39','2020-10-30 16:30:39'),(543,101,'_token','2n21fQuKV2Mm0NfTt8s4smzKlWKcRngac8wvV5GN','2020-10-30 16:30:43','2020-10-30 16:30:43'),(544,101,'cmd','tmb','2020-10-30 16:30:43','2020-10-30 16:30:43'),(545,101,'targets','l1_cGFnZS9lc3NrYXktbWQucG5n','2020-10-30 16:30:43','2020-10-30 16:30:43'),(546,101,'reqid','175792ab471de','2020-10-30 16:30:43','2020-10-30 16:30:43'),(547,102,'_token','z9j73RuG19BWkIQyT4BlGPtaIjeib3fr4aYlvJ9P','2020-11-03 10:16:59','2020-11-03 10:16:59'),(548,102,'mimes','false','2020-11-03 10:16:59','2020-11-03 10:16:59'),(549,102,'cmd','open','2020-11-03 10:16:59','2020-11-03 10:16:59'),(550,102,'target','','2020-11-03 10:16:59','2020-11-03 10:16:59'),(551,102,'init','1','2020-11-03 10:16:59','2020-11-03 10:16:59'),(552,102,'tree','1','2020-11-03 10:16:59','2020-11-03 10:16:59'),(553,102,'_','1604378816818','2020-11-03 10:16:59','2020-11-03 10:16:59'),(554,103,'_token','z9j73RuG19BWkIQyT4BlGPtaIjeib3fr4aYlvJ9P','2020-11-03 10:19:25','2020-11-03 10:19:25'),(555,103,'mimes','false','2020-11-03 10:19:25','2020-11-03 10:19:25'),(556,103,'cmd','open','2020-11-03 10:19:25','2020-11-03 10:19:25'),(557,103,'target','l1_Lw','2020-11-03 10:19:25','2020-11-03 10:19:25'),(558,103,'init','1','2020-11-03 10:19:25','2020-11-03 10:19:25'),(559,103,'tree','1','2020-11-03 10:19:25','2020-11-03 10:19:25'),(560,103,'_','1604378963516','2020-11-03 10:19:25','2020-11-03 10:19:25'),(561,104,'_token','z9j73RuG19BWkIQyT4BlGPtaIjeib3fr4aYlvJ9P','2020-11-03 10:19:36','2020-11-03 10:19:36'),(562,104,'mimes','false','2020-11-03 10:19:36','2020-11-03 10:19:36'),(563,104,'cmd','open','2020-11-03 10:19:36','2020-11-03 10:19:36'),(564,104,'target','l1_bG9naW4','2020-11-03 10:19:36','2020-11-03 10:19:36'),(565,104,'reqid','1758c705de81ba','2020-11-03 10:19:36','2020-11-03 10:19:36'),(566,105,'_token','z9j73RuG19BWkIQyT4BlGPtaIjeib3fr4aYlvJ9P','2020-11-03 10:19:39','2020-11-03 10:19:39'),(567,105,'mimes','false','2020-11-03 10:19:39','2020-11-03 10:19:39'),(568,105,'cmd','tmb','2020-11-03 10:19:39','2020-11-03 10:19:39'),(569,105,'targets','l1_bG9naW4vYWRtaW4tbG9nby1pbWFnZS5qcGc','2020-11-03 10:19:39','2020-11-03 10:19:39'),(570,105,'reqid','1758c706b61b5','2020-11-03 10:19:39','2020-11-03 10:19:39'),(571,106,'_token','z9j73RuG19BWkIQyT4BlGPtaIjeib3fr4aYlvJ9P','2020-11-03 10:19:43','2020-11-03 10:19:43'),(572,106,'mimes','false','2020-11-03 10:19:43','2020-11-03 10:19:43'),(573,106,'cmd','abort','2020-11-03 10:19:43','2020-11-03 10:19:43'),(574,106,'id','1758c706b61b5','2020-11-03 10:19:43','2020-11-03 10:19:43'),(575,106,'reqid','1758c706cd725d','2020-11-03 10:19:43','2020-11-03 10:19:43'),(576,107,'_token','z9j73RuG19BWkIQyT4BlGPtaIjeib3fr4aYlvJ9P','2020-11-03 10:19:47','2020-11-03 10:19:47'),(577,107,'mimes','false','2020-11-03 10:19:47','2020-11-03 10:19:47'),(578,107,'cmd','open','2020-11-03 10:19:47','2020-11-03 10:19:47'),(579,107,'target','l1_bG9naW4','2020-11-03 10:19:47','2020-11-03 10:19:47'),(580,107,'init','1','2020-11-03 10:19:47','2020-11-03 10:19:47'),(581,107,'tree','1','2020-11-03 10:19:47','2020-11-03 10:19:47'),(582,107,'_','1604378984953','2020-11-03 10:19:47','2020-11-03 10:19:47'),(583,108,'_token','z9j73RuG19BWkIQyT4BlGPtaIjeib3fr4aYlvJ9P','2020-11-03 10:19:49','2020-11-03 10:19:49'),(584,108,'mimes','false','2020-11-03 10:19:49','2020-11-03 10:19:49'),(585,108,'cmd','tree','2020-11-03 10:19:49','2020-11-03 10:19:49'),(586,108,'target','l1_Lw','2020-11-03 10:19:49','2020-11-03 10:19:49'),(587,108,'reqid','1758c7093558b','2020-11-03 10:19:49','2020-11-03 10:19:49'),(588,109,'sdf','','2020-11-03 16:01:08','2020-11-03 16:01:08'),(589,110,'_token','4uuOfVH3IkzSmqvTO44dZoQZyES9R8n7xpJX3fV3','2020-11-05 16:53:35','2020-11-05 16:53:35'),(590,110,'mimes','false','2020-11-05 16:53:35','2020-11-05 16:53:35'),(591,110,'cmd','open','2020-11-05 16:53:35','2020-11-05 16:53:35'),(592,110,'target','','2020-11-05 16:53:35','2020-11-05 16:53:35'),(593,110,'init','1','2020-11-05 16:53:35','2020-11-05 16:53:35'),(594,110,'tree','1','2020-11-05 16:53:35','2020-11-05 16:53:35'),(595,110,'_','1604575453886','2020-11-05 16:53:35','2020-11-05 16:53:35'),(596,111,'_token','4uuOfVH3IkzSmqvTO44dZoQZyES9R8n7xpJX3fV3','2020-11-05 16:53:50','2020-11-05 16:53:50'),(597,111,'mimes','false','2020-11-05 16:53:50','2020-11-05 16:53:50'),(598,111,'cmd','open','2020-11-05 16:53:51','2020-11-05 16:53:51'),(599,111,'target','l1_Lw','2020-11-05 16:53:51','2020-11-05 16:53:51'),(600,111,'init','1','2020-11-05 16:53:51','2020-11-05 16:53:51'),(601,111,'tree','1','2020-11-05 16:53:51','2020-11-05 16:53:51'),(602,111,'_','1604575473762','2020-11-05 16:53:51','2020-11-05 16:53:51'),(603,112,'_token','4uuOfVH3IkzSmqvTO44dZoQZyES9R8n7xpJX3fV3','2020-11-05 16:54:02','2020-11-05 16:54:02'),(604,112,'mimes','false','2020-11-05 16:54:02','2020-11-05 16:54:02'),(605,112,'cmd','open','2020-11-05 16:54:02','2020-11-05 16:54:02'),(606,112,'target','','2020-11-05 16:54:02','2020-11-05 16:54:02'),(607,112,'init','1','2020-11-05 16:54:02','2020-11-05 16:54:02'),(608,112,'tree','1','2020-11-05 16:54:02','2020-11-05 16:54:02'),(609,112,'_','1604575484811','2020-11-05 16:54:02','2020-11-05 16:54:02'),(610,113,'_token','gM4dOHhuZ9WKA5JOeo4DyzgJp5mackyOlOTaMBMn','2020-11-05 20:16:45','2020-11-05 20:16:45'),(611,113,'mimes','false','2020-11-05 20:16:45','2020-11-05 20:16:45'),(612,113,'cmd','open','2020-11-05 20:16:45','2020-11-05 20:16:45'),(613,113,'target','','2020-11-05 20:16:45','2020-11-05 20:16:45'),(614,113,'init','1','2020-11-05 20:16:45','2020-11-05 20:16:45'),(615,113,'tree','1','2020-11-05 20:16:45','2020-11-05 20:16:45'),(616,113,'_','1604587601074','2020-11-05 20:16:45','2020-11-05 20:16:45'),(617,114,'_token','gM4dOHhuZ9WKA5JOeo4DyzgJp5mackyOlOTaMBMn','2020-11-05 20:16:51','2020-11-05 20:16:51'),(618,114,'mimes','false','2020-11-05 20:16:51','2020-11-05 20:16:51'),(619,114,'cmd','open','2020-11-05 20:16:51','2020-11-05 20:16:51'),(620,114,'target','l1_YXJ0aWNsZXM','2020-11-05 20:16:51','2020-11-05 20:16:51'),(621,114,'reqid','17598dfdecbcb','2020-11-05 20:16:51','2020-11-05 20:16:51'),(622,115,'_token','gM4dOHhuZ9WKA5JOeo4DyzgJp5mackyOlOTaMBMn','2020-11-05 20:16:53','2020-11-05 20:16:53'),(623,115,'mimes','false','2020-11-05 20:16:53','2020-11-05 20:16:53'),(624,115,'cmd','tmb','2020-11-05 20:16:53','2020-11-05 20:16:53'),(625,115,'targets','l1_YXJ0aWNsZXMvMjgwMDgyNzcwMDEuanBlZw,l1_YXJ0aWNsZXMvYmxvZ19pbWFnZTEuanBn,l1_YXJ0aWNsZXMvYmxvZ19pbWFnZTIuanBn,l1_YXJ0aWNsZXMvYmxvZ19pbWFnZTMuanBn,l1_YXJ0aWNsZXMvYmxvZ19pbWFnZTQuanBn','2020-11-05 20:16:53','2020-11-05 20:16:53'),(626,115,'reqid','17598dfe83c205','2020-11-05 20:16:53','2020-11-05 20:16:53'),(627,116,'_token','gM4dOHhuZ9WKA5JOeo4DyzgJp5mackyOlOTaMBMn','2020-11-05 20:16:56','2020-11-05 20:16:56'),(628,116,'mimes','false','2020-11-05 20:16:56','2020-11-05 20:16:56'),(629,116,'cmd','abort','2020-11-05 20:16:56','2020-11-05 20:16:56'),(630,116,'id','17598dfe83c205','2020-11-05 20:16:56','2020-11-05 20:16:56'),(631,116,'reqid','17598dff0e7c0','2020-11-05 20:16:56','2020-11-05 20:16:56'),(632,117,'_token','gM4dOHhuZ9WKA5JOeo4DyzgJp5mackyOlOTaMBMn','2020-11-05 20:16:56','2020-11-05 20:16:56'),(633,117,'mimes','false','2020-11-05 20:16:56','2020-11-05 20:16:56'),(634,117,'cmd','open','2020-11-05 20:16:56','2020-11-05 20:16:56'),(635,117,'target','l1_Lw','2020-11-05 20:16:56','2020-11-05 20:16:56'),(636,117,'reqid','17598dff0e7144','2020-11-05 20:16:56','2020-11-05 20:16:56'),(637,118,'_token','gM4dOHhuZ9WKA5JOeo4DyzgJp5mackyOlOTaMBMn','2020-11-05 20:17:06','2020-11-05 20:17:06'),(638,118,'mimes','false','2020-11-05 20:17:06','2020-11-05 20:17:06'),(639,118,'cmd','mkdir','2020-11-05 20:17:06','2020-11-05 20:17:06'),(640,118,'name','article_pdf','2020-11-05 20:17:06','2020-11-05 20:17:06'),(641,118,'target','l1_Lw','2020-11-05 20:17:06','2020-11-05 20:17:06'),(642,118,'reqid','17598e018d01f4','2020-11-05 20:17:06','2020-11-05 20:17:06'),(643,119,'_token','gM4dOHhuZ9WKA5JOeo4DyzgJp5mackyOlOTaMBMn','2020-11-05 20:17:09','2020-11-05 20:17:09'),(644,119,'mimes','false','2020-11-05 20:17:09','2020-11-05 20:17:09'),(645,119,'cmd','open','2020-11-05 20:17:09','2020-11-05 20:17:09'),(646,119,'target','l1_YXJ0aWNsZV9wZGY','2020-11-05 20:17:09','2020-11-05 20:17:09'),(647,119,'reqid','17598e02523256','2020-11-05 20:17:09','2020-11-05 20:17:09'),(648,120,'_token','gM4dOHhuZ9WKA5JOeo4DyzgJp5mackyOlOTaMBMn','2020-11-05 20:17:20','2020-11-05 20:17:20'),(649,120,'mimes','false','2020-11-05 20:17:20','2020-11-05 20:17:20'),(650,120,'cmd','ls','2020-11-05 20:17:20','2020-11-05 20:17:20'),(651,120,'target','l1_YXJ0aWNsZV9wZGY','2020-11-05 20:17:20','2020-11-05 20:17:20'),(652,120,'intersect','print.pdf,Tiger Riders Logo.pdf,factory-20-10-12.pdf','2020-11-05 20:17:20','2020-11-05 20:17:20'),(653,120,'reqid','17598e050443e','2020-11-05 20:17:20','2020-11-05 20:17:20'),(654,121,'_token','gM4dOHhuZ9WKA5JOeo4DyzgJp5mackyOlOTaMBMn','2020-11-05 20:18:09','2020-11-05 20:18:09'),(655,121,'mimes','false','2020-11-05 20:18:09','2020-11-05 20:18:09'),(656,121,'cmd','open','2020-11-05 20:18:09','2020-11-05 20:18:09'),(657,121,'target','l1_YXJ0aWNsZV9wZGY','2020-11-05 20:18:09','2020-11-05 20:18:09'),(658,121,'init','1','2020-11-05 20:18:09','2020-11-05 20:18:09'),(659,121,'tree','1','2020-11-05 20:18:09','2020-11-05 20:18:09'),(660,121,'_','1604587688191','2020-11-05 20:18:09','2020-11-05 20:18:09'),(661,122,'_token','gM4dOHhuZ9WKA5JOeo4DyzgJp5mackyOlOTaMBMn','2020-11-05 20:18:11','2020-11-05 20:18:11'),(662,122,'mimes','false','2020-11-05 20:18:11','2020-11-05 20:18:11'),(663,122,'cmd','tree','2020-11-05 20:18:11','2020-11-05 20:18:11'),(664,122,'target','l1_Lw','2020-11-05 20:18:11','2020-11-05 20:18:11'),(665,122,'reqid','17598e1194229c','2020-11-05 20:18:11','2020-11-05 20:18:11'),(666,123,'Type','Media','2020-11-07 05:43:03','2020-11-07 05:43:03'),(667,124,'_token','TpvhZb6P1DC8tuBZ6r9Kj1oBNuZ3J1QzcP76E6JB','2020-11-07 10:55:12','2020-11-07 10:55:12'),(668,124,'mimes','false','2020-11-07 10:55:12','2020-11-07 10:55:12'),(669,124,'cmd','open','2020-11-07 10:55:12','2020-11-07 10:55:12'),(670,124,'target','','2020-11-07 10:55:12','2020-11-07 10:55:12'),(671,124,'init','1','2020-11-07 10:55:12','2020-11-07 10:55:12'),(672,124,'tree','1','2020-11-07 10:55:12','2020-11-07 10:55:12'),(673,124,'_','1604726711633','2020-11-07 10:55:12','2020-11-07 10:55:12'),(674,125,'_token','TpvhZb6P1DC8tuBZ6r9Kj1oBNuZ3J1QzcP76E6JB','2020-11-07 10:55:17','2020-11-07 10:55:17'),(675,125,'mimes','false','2020-11-07 10:55:17','2020-11-07 10:55:17'),(676,125,'cmd','open','2020-11-07 10:55:17','2020-11-07 10:55:17'),(677,125,'target','l1_bG9nbw','2020-11-07 10:55:17','2020-11-07 10:55:17'),(678,125,'reqid','175a12a7fb827','2020-11-07 10:55:17','2020-11-07 10:55:17'),(679,126,'_token','TpvhZb6P1DC8tuBZ6r9Kj1oBNuZ3J1QzcP76E6JB','2020-11-07 10:55:18','2020-11-07 10:55:18'),(680,126,'mimes','false','2020-11-07 10:55:18','2020-11-07 10:55:18'),(681,126,'cmd','abort','2020-11-07 10:55:18','2020-11-07 10:55:18'),(682,126,'id','175a12a7fb827','2020-11-07 10:55:18','2020-11-07 10:55:18'),(683,126,'reqid','175a12a833e23','2020-11-07 10:55:18','2020-11-07 10:55:18'),(684,127,'_token','TpvhZb6P1DC8tuBZ6r9Kj1oBNuZ3J1QzcP76E6JB','2020-11-07 10:55:18','2020-11-07 10:55:18'),(685,127,'mimes','false','2020-11-07 10:55:18','2020-11-07 10:55:18'),(686,127,'cmd','open','2020-11-07 10:55:18','2020-11-07 10:55:18'),(687,127,'target','l1_bG9naW4','2020-11-07 10:55:18','2020-11-07 10:55:18'),(688,127,'reqid','175a12a833e15b','2020-11-07 10:55:18','2020-11-07 10:55:18'),(689,128,'_token','TpvhZb6P1DC8tuBZ6r9Kj1oBNuZ3J1QzcP76E6JB','2020-11-07 10:55:20','2020-11-07 10:55:20'),(690,128,'mimes','false','2020-11-07 10:55:20','2020-11-07 10:55:20'),(691,128,'cmd','tmb','2020-11-07 10:55:20','2020-11-07 10:55:20'),(692,128,'targets','l1_bG9naW4vYWRtaW4tbG9nby1pbWFnZS5qcGc,l1_bG9naW4vYmc0LWwuanBn,l1_bG9naW4vZm9yZ290LXBhc3N3b3JkLmpwZw,l1_bG9naW4vZm9yZ290LXBhc3N3b3JkLmpwZ18x,l1_bG9naW4vbG9naW4tYmcuanBn','2020-11-07 10:55:20','2020-11-07 10:55:20'),(693,128,'reqid','175a12a8c3ebc','2020-11-07 10:55:20','2020-11-07 10:55:20'),(694,129,'_token','TpvhZb6P1DC8tuBZ6r9Kj1oBNuZ3J1QzcP76E6JB','2020-11-07 10:55:26','2020-11-07 10:55:26'),(695,129,'mimes','false','2020-11-07 10:55:26','2020-11-07 10:55:26'),(696,129,'cmd','tmb','2020-11-07 10:55:26','2020-11-07 10:55:26'),(697,129,'targets','l1_bG9naW4vbWlraGFpbC1kZXJlY2hhLXEtWFRCLVlUc2hvLXVuc3BsYXNoLmpwZw,l1_bG9naW4vcmVnaXN0ZXItYmcuanBn,l1_bG9naW4vcmVnaXN0ZXItcGFnZS5qcGc,l1_bG9naW4vcmVnaXN0ZXItcGFnZS5qcGdf,l1_bG9naW4vcmVnaXN0cmF','2020-11-07 10:55:26','2020-11-07 10:55:26'),(698,129,'reqid','175a12aa44324c','2020-11-07 10:55:26','2020-11-07 10:55:26'),(699,130,'_token','TpvhZb6P1DC8tuBZ6r9Kj1oBNuZ3J1QzcP76E6JB','2020-11-07 10:55:31','2020-11-07 10:55:31'),(700,130,'mimes','false','2020-11-07 10:55:31','2020-11-07 10:55:31'),(701,130,'cmd','tmb','2020-11-07 10:55:31','2020-11-07 10:55:31'),(702,130,'targets','l1_bG9naW4vcmVnaXN0cmF0aW9uLmpwZ18','2020-11-07 10:55:31','2020-11-07 10:55:31'),(703,130,'reqid','175a12ab778db','2020-11-07 10:55:31','2020-11-07 10:55:31'),(704,131,'_token','TpvhZb6P1DC8tuBZ6r9Kj1oBNuZ3J1QzcP76E6JB','2020-11-07 10:56:11','2020-11-07 10:56:11'),(705,131,'mimes','false','2020-11-07 10:56:12','2020-11-07 10:56:12'),(706,131,'cmd','ls','2020-11-07 10:56:12','2020-11-07 10:56:12'),(707,131,'target','l1_bG9naW4','2020-11-07 10:56:12','2020-11-07 10:56:12'),(708,131,'intersect','04.jpg','2020-11-07 10:56:12','2020-11-07 10:56:12'),(709,131,'reqid','175a12b546825e','2020-11-07 10:56:12','2020-11-07 10:56:12'),(710,132,'_token','TpvhZb6P1DC8tuBZ6r9Kj1oBNuZ3J1QzcP76E6JB','2020-11-07 10:56:15','2020-11-07 10:56:15'),(711,132,'mimes','false','2020-11-07 10:56:15','2020-11-07 10:56:15'),(712,132,'cmd','tmb','2020-11-07 10:56:15','2020-11-07 10:56:15'),(713,132,'targets','l1_bG9naW4vMDQuanBn','2020-11-07 10:56:15','2020-11-07 10:56:15'),(714,132,'reqid','175a12b656523c','2020-11-07 10:56:15','2020-11-07 10:56:15'),(715,133,'_token','TpvhZb6P1DC8tuBZ6r9Kj1oBNuZ3J1QzcP76E6JB','2020-11-07 10:57:50','2020-11-07 10:57:50'),(716,133,'mimes','false','2020-11-07 10:57:50','2020-11-07 10:57:50'),(717,133,'cmd','open','2020-11-07 10:57:50','2020-11-07 10:57:50'),(718,133,'target','l1_bG9naW4','2020-11-07 10:57:50','2020-11-07 10:57:50'),(719,133,'init','1','2020-11-07 10:57:50','2020-11-07 10:57:50'),(720,133,'tree','1','2020-11-07 10:57:50','2020-11-07 10:57:50'),(721,133,'_','1604726871337','2020-11-07 10:57:50','2020-11-07 10:57:50'),(722,134,'_token','TpvhZb6P1DC8tuBZ6r9Kj1oBNuZ3J1QzcP76E6JB','2020-11-07 10:57:51','2020-11-07 10:57:51'),(723,134,'mimes','false','2020-11-07 10:57:51','2020-11-07 10:57:51'),(724,134,'cmd','tree','2020-11-07 10:57:51','2020-11-07 10:57:51'),(725,134,'target','l1_Lw','2020-11-07 10:57:51','2020-11-07 10:57:51'),(726,134,'reqid','175a12cdb793b4','2020-11-07 10:57:51','2020-11-07 10:57:51'),(727,135,'_token','TpvhZb6P1DC8tuBZ6r9Kj1oBNuZ3J1QzcP76E6JB','2020-11-07 10:58:08','2020-11-07 10:58:08'),(728,135,'mimes','false','2020-11-07 10:58:08','2020-11-07 10:58:08'),(729,135,'cmd','ls','2020-11-07 10:58:08','2020-11-07 10:58:08'),(730,135,'target','l1_bG9naW4','2020-11-07 10:58:08','2020-11-07 10:58:08'),(731,135,'intersect','03.jpg','2020-11-07 10:58:08','2020-11-07 10:58:08'),(732,135,'reqid','175a12d1bb179','2020-11-07 10:58:08','2020-11-07 10:58:08'),(733,136,'_token','TpvhZb6P1DC8tuBZ6r9Kj1oBNuZ3J1QzcP76E6JB','2020-11-07 10:58:13','2020-11-07 10:58:13'),(734,136,'mimes','false','2020-11-07 10:58:13','2020-11-07 10:58:13'),(735,136,'cmd','tmb','2020-11-07 10:58:13','2020-11-07 10:58:13'),(736,136,'targets','l1_bG9naW4vMDMuanBn','2020-11-07 10:58:13','2020-11-07 10:58:13'),(737,136,'reqid','175a12d2eff25c','2020-11-07 10:58:13','2020-11-07 10:58:13'),(738,137,'_token','bCODIBMHen4hIRF52pCtOZYjIdPFHydAkawjhyyT','2020-11-07 13:22:00','2020-11-07 13:22:00'),(739,137,'cmd','open','2020-11-07 13:22:00','2020-11-07 13:22:00'),(740,137,'target','','2020-11-07 13:22:00','2020-11-07 13:22:00'),(741,137,'init','1','2020-11-07 13:22:00','2020-11-07 13:22:00'),(742,137,'tree','1','2020-11-07 13:22:00','2020-11-07 13:22:00'),(743,137,'_','1604735520654','2020-11-07 13:22:00','2020-11-07 13:22:00'),(744,138,'document_category_id','1','2020-11-09 11:11:08','2020-11-09 11:11:08'),(745,139,'document_category_id','1','2020-11-09 11:11:39','2020-11-09 11:11:39'),(746,139,'persistent-table','true','2020-11-09 11:11:39','2020-11-09 11:11:39'),(747,140,'_token','BzBd2BERJjaVjK85HnxkcLD9m8sthgUoxqlOCWHq','2020-11-09 11:25:18','2020-11-09 11:25:18'),(748,140,'mimes','false','2020-11-09 11:25:18','2020-11-09 11:25:18'),(749,140,'cmd','open','2020-11-09 11:25:18','2020-11-09 11:25:18'),(750,140,'target','','2020-11-09 11:25:18','2020-11-09 11:25:18'),(751,140,'init','1','2020-11-09 11:25:18','2020-11-09 11:25:18'),(752,140,'tree','1','2020-11-09 11:25:18','2020-11-09 11:25:18'),(753,140,'_','1604901312685','2020-11-09 11:25:18','2020-11-09 11:25:18'),(754,141,'_token','BzBd2BERJjaVjK85HnxkcLD9m8sthgUoxqlOCWHq','2020-11-09 11:25:24','2020-11-09 11:25:24'),(755,141,'mimes','false','2020-11-09 11:25:24','2020-11-09 11:25:24'),(756,141,'cmd','open','2020-11-09 11:25:24','2020-11-09 11:25:24'),(757,141,'target','l1_ZG9jdW1lbnRz','2020-11-09 11:25:24','2020-11-09 11:25:24'),(758,141,'reqid','175ab92cad3359','2020-11-09 11:25:24','2020-11-09 11:25:24'),(759,142,'_token','BzBd2BERJjaVjK85HnxkcLD9m8sthgUoxqlOCWHq','2020-11-09 11:25:26','2020-11-09 11:25:26'),(760,142,'mimes','false','2020-11-09 11:25:26','2020-11-09 11:25:26'),(761,142,'cmd','tmb','2020-11-09 11:25:26','2020-11-09 11:25:26'),(762,142,'targets','l1_ZG9jdW1lbnRzLzFiYW5uZXItdGVhY2hlcnMtZGF5LmpwZw,l1_ZG9jdW1lbnRzL2Jhbm5lci10ZWFjaGVycy1kYXktZnJlZS5qcGc,l1_ZG9jdW1lbnRzL2Jhbm5lci10ZWFjaGVycy1kYXkuanBn,l1_ZG9jdW1lbnRzL0lNRy0yMDIwMDgyNi1XQTA','2020-11-09 11:25:26','2020-11-09 11:25:26'),(763,142,'reqid','175ab92d271ca','2020-11-09 11:25:26','2020-11-09 11:25:26'),(764,143,'_token','BzBd2BERJjaVjK85HnxkcLD9m8sthgUoxqlOCWHq','2020-11-09 11:25:27','2020-11-09 11:25:27'),(765,143,'mimes','false','2020-11-09 11:25:27','2020-11-09 11:25:27'),(766,143,'cmd','tmb','2020-11-09 11:25:27','2020-11-09 11:25:27'),(767,143,'targets','l1_ZG9jdW1lbnRzL0lNRy0yMDIwMDkwOS1XQTAwNDUuanBn,l1_ZG9jdW1lbnRzL0lNRy0yMDIwMDkxMS1XQTAwMzcuanBn,l1_ZG9jdW1lbnRzL29mZmVyMS5qcGc,l1_ZG9jdW1lbnRzL29mZmVyMy5qcGc,l1_ZG9jdW1lbnRzL29nLWJoYXNrYXIuMm','2020-11-09 11:25:27','2020-11-09 11:25:27'),(768,143,'reqid','175ab92d927331','2020-11-09 11:25:27','2020-11-09 11:25:27'),(769,144,'_token','BzBd2BERJjaVjK85HnxkcLD9m8sthgUoxqlOCWHq','2020-11-09 11:25:29','2020-11-09 11:25:29'),(770,144,'mimes','false','2020-11-09 11:25:29','2020-11-09 11:25:29'),(771,144,'cmd','tmb','2020-11-09 11:25:29','2020-11-09 11:25:29'),(772,144,'targets','l1_ZG9jdW1lbnRzL3NsaWRlcjEuanBn,l1_ZG9jdW1lbnRzL3NsaWRlcjIuanBn,l1_ZG9jdW1lbnRzL3NsaWRlcjMuanBn,l1_ZG9jdW1lbnRzL3NsaWRlcjQuanBn,l1_ZG9jdW1lbnRzL3RpZ2VyX2xvZ28ucG5n','2020-11-09 11:25:29','2020-11-09 11:25:29'),(773,144,'reqid','175ab92dfab2c4','2020-11-09 11:25:29','2020-11-09 11:25:29'),(774,145,'_token','BzBd2BERJjaVjK85HnxkcLD9m8sthgUoxqlOCWHq','2020-11-09 11:25:31','2020-11-09 11:25:31'),(775,145,'mimes','false','2020-11-09 11:25:31','2020-11-09 11:25:31'),(776,145,'cmd','tmb','2020-11-09 11:25:31','2020-11-09 11:25:31'),(777,145,'targets','l1_ZG9jdW1lbnRzL1doYXRzQXBwIEltYWdlIDIwMjAtMDktMDcgYXQgOC4xMy41OCBQTS5qcGVn,l1_ZG9jdW1lbnRzL1doYXRzQXBwIEltYWdlIDIwMjAtMDktMDcgYXQgOC4xNC41OCBQTS5qcGVn,l1_ZG9jdW1lbnRzL3dob2xlc2VsbHIucG5n','2020-11-09 11:25:31','2020-11-09 11:25:31'),(778,145,'reqid','175ab92e87322c','2020-11-09 11:25:31','2020-11-09 11:25:31'),(779,146,'_token','BzBd2BERJjaVjK85HnxkcLD9m8sthgUoxqlOCWHq','2020-11-09 11:26:02','2020-11-09 11:26:02'),(780,146,'mimes','false','2020-11-09 11:26:02','2020-11-09 11:26:02'),(781,146,'cmd','ls','2020-11-09 11:26:02','2020-11-09 11:26:02'),(782,146,'target','l1_ZG9jdW1lbnRz','2020-11-09 11:26:02','2020-11-09 11:26:02'),(783,146,'intersect','Latest MOA & AOA_0001  10 Sept 2020.pdf','2020-11-09 11:26:02','2020-11-09 11:26:02'),(784,146,'reqid','175ab935ef83bf','2020-11-09 11:26:02','2020-11-09 11:26:02'),(785,147,'_token','BzBd2BERJjaVjK85HnxkcLD9m8sthgUoxqlOCWHq','2020-11-09 11:26:45','2020-11-09 11:26:45'),(786,147,'cmd','open','2020-11-09 11:26:45','2020-11-09 11:26:45'),(787,147,'target','l1_Lw','2020-11-09 11:26:45','2020-11-09 11:26:45'),(788,147,'init','1','2020-11-09 11:26:45','2020-11-09 11:26:45'),(789,147,'tree','1','2020-11-09 11:26:45','2020-11-09 11:26:45'),(790,147,'_','1604901405730','2020-11-09 11:26:45','2020-11-09 11:26:45'),(791,148,'_token','BzBd2BERJjaVjK85HnxkcLD9m8sthgUoxqlOCWHq','2020-11-09 11:26:52','2020-11-09 11:26:52'),(792,148,'cmd','open','2020-11-09 11:26:52','2020-11-09 11:26:52'),(793,148,'target','l1_ZG9jdW1lbnRz','2020-11-09 11:26:52','2020-11-09 11:26:52'),(794,148,'reqid','175ab942218259','2020-11-09 11:26:52','2020-11-09 11:26:52'),(795,149,'_token','BzBd2BERJjaVjK85HnxkcLD9m8sthgUoxqlOCWHq','2020-11-09 11:27:21','2020-11-09 11:27:21'),(796,149,'cmd','rm','2020-11-09 11:27:21','2020-11-09 11:27:21'),(797,149,'targets','l1_ZG9jdW1lbnRzLzFiYW5uZXItdGVhY2hlcnMtZGF5LmpwZw,l1_ZG9jdW1lbnRzL2Jhbm5lci10ZWFjaGVycy1kYXktZnJlZS5qcGc,l1_ZG9jdW1lbnRzL2Jhbm5lci10ZWFjaGVycy1kYXkuanBn,l1_ZG9jdW1lbnRzL2RtLnppcA,l1_ZG9jdW1lb','2020-11-09 11:27:21','2020-11-09 11:27:21'),(798,149,'reqid','175ab949543d1','2020-11-09 11:27:21','2020-11-09 11:27:21'),(799,150,'_token','BzBd2BERJjaVjK85HnxkcLD9m8sthgUoxqlOCWHq','2020-11-09 11:27:27','2020-11-09 11:27:27'),(800,150,'cmd','rm','2020-11-09 11:27:27','2020-11-09 11:27:27'),(801,150,'targets','l1_ZG9jdW1lbnRzL3NsaWRlcjIuanBn','2020-11-09 11:27:27','2020-11-09 11:27:27'),(802,150,'reqid','175ab94ac1373','2020-11-09 11:27:27','2020-11-09 11:27:27'),(803,151,'role','1','2020-11-09 11:45:03','2020-11-09 11:45:03'),(804,152,'_token','6DObuinCrcFTzcp2ECZNWtjRC9F4m1d3yOMi1APX','2020-11-09 14:13:05','2020-11-09 14:13:05'),(805,152,'cmd','open','2020-11-09 14:13:05','2020-11-09 14:13:05'),(806,152,'target','l1_ZG9jdW1lbnRz','2020-11-09 14:13:05','2020-11-09 14:13:05'),(807,152,'init','1','2020-11-09 14:13:05','2020-11-09 14:13:05'),(808,152,'tree','1','2020-11-09 14:13:05','2020-11-09 14:13:05'),(809,152,'_','1604911384046','2020-11-09 14:13:05','2020-11-09 14:13:05'),(810,153,'_token','6DObuinCrcFTzcp2ECZNWtjRC9F4m1d3yOMi1APX','2020-11-09 14:13:29','2020-11-09 14:13:29'),(811,153,'cmd','tree','2020-11-09 14:13:29','2020-11-09 14:13:29'),(812,153,'target','l1_Lw','2020-11-09 14:13:29','2020-11-09 14:13:29'),(813,153,'reqid','175ac2c57cd3c1','2020-11-09 14:13:29','2020-11-09 14:13:29'),(814,154,'_token','6DObuinCrcFTzcp2ECZNWtjRC9F4m1d3yOMi1APX','2020-11-09 14:13:30','2020-11-09 14:13:30'),(815,154,'cmd','ls','2020-11-09 14:13:30','2020-11-09 14:13:30'),(816,154,'target','l1_ZG9jdW1lbnRz','2020-11-09 14:13:30','2020-11-09 14:13:30'),(817,154,'intersect','Login_12.jpg','2020-11-09 14:13:30','2020-11-09 14:13:30'),(818,154,'reqid','175ac2cad9a165','2020-11-09 14:13:30','2020-11-09 14:13:30'),(819,155,'_token','6DObuinCrcFTzcp2ECZNWtjRC9F4m1d3yOMi1APX','2020-11-09 14:13:33','2020-11-09 14:13:33'),(820,155,'cmd','tmb','2020-11-09 14:13:33','2020-11-09 14:13:33'),(821,155,'targets','l1_ZG9jdW1lbnRzL0xvZ2luXzEyLmpwZw','2020-11-09 14:13:33','2020-11-09 14:13:33'),(822,155,'reqid','175ac2cba3615b','2020-11-09 14:13:33','2020-11-09 14:13:33'),(823,156,'_token','6DObuinCrcFTzcp2ECZNWtjRC9F4m1d3yOMi1APX','2020-11-09 14:14:10','2020-11-09 14:14:10'),(824,156,'mimes','false','2020-11-09 14:14:10','2020-11-09 14:14:10'),(825,156,'cmd','open','2020-11-09 14:14:10','2020-11-09 14:14:10'),(826,156,'target','l1_bG9naW4','2020-11-09 14:14:10','2020-11-09 14:14:10'),(827,156,'init','1','2020-11-09 14:14:10','2020-11-09 14:14:10'),(828,156,'tree','1','2020-11-09 14:14:10','2020-11-09 14:14:10'),(829,156,'_','1604911450900','2020-11-09 14:14:10','2020-11-09 14:14:10'),(830,157,'_token','6DObuinCrcFTzcp2ECZNWtjRC9F4m1d3yOMi1APX','2020-11-09 14:14:12','2020-11-09 14:14:12'),(831,157,'mimes','false','2020-11-09 14:14:12','2020-11-09 14:14:12'),(832,157,'cmd','tree','2020-11-09 14:14:12','2020-11-09 14:14:12'),(833,157,'target','l1_Lw','2020-11-09 14:14:12','2020-11-09 14:14:12'),(834,157,'reqid','175ac2d526f1c8','2020-11-09 14:14:12','2020-11-09 14:14:12'),(835,158,'_token','6DObuinCrcFTzcp2ECZNWtjRC9F4m1d3yOMi1APX','2020-11-09 14:14:19','2020-11-09 14:14:19'),(836,158,'mimes','false','2020-11-09 14:14:19','2020-11-09 14:14:19'),(837,158,'cmd','open','2020-11-09 14:14:19','2020-11-09 14:14:19'),(838,158,'target','l1_bG9nbw','2020-11-09 14:14:19','2020-11-09 14:14:19'),(839,158,'reqid','175ac2d6b86270','2020-11-09 14:14:19','2020-11-09 14:14:19'),(840,159,'_token','6DObuinCrcFTzcp2ECZNWtjRC9F4m1d3yOMi1APX','2020-11-09 14:14:20','2020-11-09 14:14:20'),(841,159,'mimes','false','2020-11-09 14:14:20','2020-11-09 14:14:20'),(842,159,'cmd','tmb','2020-11-09 14:14:20','2020-11-09 14:14:20'),(843,159,'targets','l1_bG9nby8xMWxvZ28ucG5n,l1_bG9nby9Mb2dvIEZpbmFsLnBuZw,l1_bG9nby9sb2dvX29sZC5wbmc,l1_bG9nby9sb2dvX3BuZy5wbmc,l1_bG9nby9Mb2dvX1JlY3RhbmdsZS5wbmc','2020-11-09 14:14:20','2020-11-09 14:14:20'),(844,159,'reqid','175ac2d73f11f3','2020-11-09 14:14:20','2020-11-09 14:14:20'),(845,160,'_token','6DObuinCrcFTzcp2ECZNWtjRC9F4m1d3yOMi1APX','2020-11-09 14:14:21','2020-11-09 14:14:21'),(846,160,'mimes','false','2020-11-09 14:14:21','2020-11-09 14:14:21'),(847,160,'cmd','tmb','2020-11-09 14:14:21','2020-11-09 14:14:21'),(848,160,'targets','l1_bG9nby9sb2dvLmpwZw,l1_bG9nby9sb2dvLnBuZw,l1_bG9nby9sb2dvMS5wbmc,l1_bG9nby9sb2dvMTIucG5n,l1_bG9nby9TSyBMb2dvX1NxdXJlLnBuZw','2020-11-09 14:14:21','2020-11-09 14:14:21'),(849,160,'reqid','175ac2d7945398','2020-11-09 14:14:21','2020-11-09 14:14:21'),(850,161,'_token','6DObuinCrcFTzcp2ECZNWtjRC9F4m1d3yOMi1APX','2020-11-09 14:14:23','2020-11-09 14:14:23'),(851,161,'mimes','false','2020-11-09 14:14:23','2020-11-09 14:14:23'),(852,161,'cmd','tmb','2020-11-09 14:14:23','2020-11-09 14:14:23'),(853,161,'targets','l1_bG9nby9TS19Mb2dvX1NxdXJlX25ldy5wbmc','2020-11-09 14:14:23','2020-11-09 14:14:23'),(854,161,'reqid','175ac2d7f193a5','2020-11-09 14:14:23','2020-11-09 14:14:23'),(855,162,'_token','6DObuinCrcFTzcp2ECZNWtjRC9F4m1d3yOMi1APX','2020-11-09 14:14:28','2020-11-09 14:14:28'),(856,162,'mimes','false','2020-11-09 14:14:28','2020-11-09 14:14:28'),(857,162,'cmd','open','2020-11-09 14:14:28','2020-11-09 14:14:28'),(858,162,'target','l1_cGFnZQ','2020-11-09 14:14:28','2020-11-09 14:14:28'),(859,162,'reqid','175ac2d94ff17a','2020-11-09 14:14:28','2020-11-09 14:14:28'),(860,163,'_token','6DObuinCrcFTzcp2ECZNWtjRC9F4m1d3yOMi1APX','2020-11-09 14:14:30','2020-11-09 14:14:30'),(861,163,'mimes','false','2020-11-09 14:14:30','2020-11-09 14:14:30'),(862,163,'cmd','tmb','2020-11-09 14:14:30','2020-11-09 14:14:30'),(863,163,'targets','l1_cGFnZS9hdHVsLnBuZw,l1_cGFnZS9lc3NrYXktbWQuanBn,l1_cGFnZS9lc3NrYXktbWQucG5n,l1_cGFnZS9naXJpc2gucG5n,l1_cGFnZS9ya3MtbWQucG5n','2020-11-09 14:14:30','2020-11-09 14:14:30'),(864,163,'reqid','175ac2d99ff292','2020-11-09 14:14:30','2020-11-09 14:14:30'),(865,164,'_token','6DObuinCrcFTzcp2ECZNWtjRC9F4m1d3yOMi1APX','2020-11-09 14:14:31','2020-11-09 14:14:31'),(866,164,'mimes','false','2020-11-09 14:14:31','2020-11-09 14:14:31'),(867,164,'cmd','tmb','2020-11-09 14:14:31','2020-11-09 14:14:31'),(868,164,'targets','l1_cGFnZS92aXZlay5wbmc,l1_cGFnZS95YXNoLnBuZw','2020-11-09 14:14:31','2020-11-09 14:14:31'),(869,164,'reqid','175ac2d9efc21e','2020-11-09 14:14:31','2020-11-09 14:14:31'),(870,165,'_token','6DObuinCrcFTzcp2ECZNWtjRC9F4m1d3yOMi1APX','2020-11-09 14:14:32','2020-11-09 14:14:32'),(871,165,'mimes','false','2020-11-09 14:14:32','2020-11-09 14:14:32'),(872,165,'cmd','open','2020-11-09 14:14:32','2020-11-09 14:14:32'),(873,165,'target','l1_ZG9jdW1lbnRz','2020-11-09 14:14:32','2020-11-09 14:14:32'),(874,165,'reqid','175ac2da48a279','2020-11-09 14:14:32','2020-11-09 14:14:32'),(875,166,'_token','6DObuinCrcFTzcp2ECZNWtjRC9F4m1d3yOMi1APX','2020-11-09 14:16:19','2020-11-09 14:16:19'),(876,166,'mimes','false','2020-11-09 14:16:19','2020-11-09 14:16:19'),(877,166,'cmd','open','2020-11-09 14:16:19','2020-11-09 14:16:19'),(878,166,'target','l1_ZG9jdW1lbnRz','2020-11-09 14:16:19','2020-11-09 14:16:19'),(879,166,'init','1','2020-11-09 14:16:19','2020-11-09 14:16:19'),(880,166,'tree','1','2020-11-09 14:16:19','2020-11-09 14:16:19'),(881,166,'_','1604911580704','2020-11-09 14:16:19','2020-11-09 14:16:19'),(882,167,'_token','6DObuinCrcFTzcp2ECZNWtjRC9F4m1d3yOMi1APX','2020-11-09 14:16:21','2020-11-09 14:16:21'),(883,167,'mimes','false','2020-11-09 14:16:21','2020-11-09 14:16:21'),(884,167,'cmd','tree','2020-11-09 14:16:21','2020-11-09 14:16:21'),(885,167,'target','l1_Lw','2020-11-09 14:16:21','2020-11-09 14:16:21'),(886,167,'reqid','175ac2f4c0b314','2020-11-09 14:16:21','2020-11-09 14:16:21'),(887,168,'_token','6DObuinCrcFTzcp2ECZNWtjRC9F4m1d3yOMi1APX','2020-11-09 14:16:24','2020-11-09 14:16:24'),(888,168,'mimes','false','2020-11-09 14:16:24','2020-11-09 14:16:24'),(889,168,'cmd','open','2020-11-09 14:16:24','2020-11-09 14:16:24'),(890,168,'target','l1_bG9naW4','2020-11-09 14:16:24','2020-11-09 14:16:24'),(891,168,'reqid','175ac2f588a31e','2020-11-09 14:16:24','2020-11-09 14:16:24');
/*!40000 ALTER TABLE `tracker_query_arguments` ENABLE KEYS */;
UNLOCK TABLES;
DROP TABLE IF EXISTS `tracker_referers`;
/*!40101 SET @saved_cs_client     = @@character_set_client */;
/*!40101 SET character_set_client = utf8 */;
CREATE TABLE `tracker_referers` (
  `id` bigint(20) unsigned NOT NULL AUTO_INCREMENT,
  `domain_id` bigint(20) unsigned NOT NULL,
  `url` varchar(191) NOT NULL,
  `host` varchar(191) NOT NULL,
  `created_at` timestamp NULL DEFAULT NULL,
  `updated_at` timestamp NULL DEFAULT NULL,
  `medium` varchar(191) DEFAULT NULL,
  `source` varchar(191) DEFAULT NULL,
  `search_terms_hash` varchar(191) DEFAULT NULL,
  PRIMARY KEY (`id`),
  KEY `tracker_referers_created_at_index` (`created_at`),
  KEY `tracker_referers_updated_at_index` (`updated_at`),
  KEY `tracker_referers_domain_id_index` (`domain_id`),
  KEY `tracker_referers_url_index` (`url`),
  KEY `tracker_referers_medium_index` (`medium`),
  KEY `tracker_referers_source_index` (`source`),
  KEY `tracker_referers_search_terms_hash_index` (`search_terms_hash`)
) ENGINE=MyISAM AUTO_INCREMENT=166 DEFAULT CHARSET=latin1;
/*!40101 SET character_set_client = @saved_cs_client */;

LOCK TABLES `tracker_referers` WRITE;
/*!40000 ALTER TABLE `tracker_referers` DISABLE KEYS */;
INSERT INTO `tracker_referers` VALUES (1,1,'http://esskay.microcrm.in/esskayadmin/login','esskay.microcrm.in','2020-10-13 20:03:10','2020-10-13 20:03:10',NULL,NULL,NULL),(2,1,'http://esskay.microcrm.in/login','esskay.microcrm.in','2020-10-13 21:23:57','2020-10-13 21:23:57',NULL,NULL,NULL),(3,1,'http://esskay.microcrm.in/user_otp','esskay.microcrm.in','2020-10-14 00:27:55','2020-10-14 00:27:55',NULL,NULL,NULL),(4,1,'http://esskay.microcrm.in/','esskay.microcrm.in','2020-10-14 10:33:31','2020-10-14 10:33:31',NULL,NULL,NULL),(5,1,'http://esskay.microcrm.in/esskayadmin/dashboard','esskay.microcrm.in','2020-10-14 12:14:35','2020-10-14 12:14:35',NULL,NULL,NULL),(6,1,'http://esskay.microcrm.in/esskayadmin/document','esskay.microcrm.in','2020-10-14 13:12:32','2020-10-14 13:12:32',NULL,NULL,NULL),(7,1,'http://esskay.microcrm.in/esskayadmin/document/5/edit','esskay.microcrm.in','2020-10-14 13:12:40','2020-10-14 13:12:40',NULL,NULL,NULL),(8,1,'http://esskay.microcrm.in/esskayadmin/document/5/revise','esskay.microcrm.in','2020-10-14 13:13:14','2020-10-14 13:13:14',NULL,NULL,NULL),(9,1,'http://esskay.microcrm.in/esskayadmin/setting','esskay.microcrm.in','2020-10-14 15:38:19','2020-10-14 15:38:19',NULL,NULL,NULL),(10,1,'http://esskay.microcrm.in/esskayadmin/lender','esskay.microcrm.in','2020-10-14 15:38:54','2020-10-14 15:38:54',NULL,NULL,NULL),(11,1,'http://esskay.microcrm.in/esskayadmin/lender/2/edit','esskay.microcrm.in','2020-10-14 15:39:07','2020-10-14 15:39:07',NULL,NULL,NULL),(12,1,'http://esskay.microcrm.in/esskayadmin/lender/1/edit','esskay.microcrm.in','2020-10-14 15:39:17','2020-10-14 15:39:17',NULL,NULL,NULL),(13,1,'http://esskay.microcrm.in/esskayadmin/log','esskay.microcrm.in','2020-10-14 16:40:18','2020-10-14 16:40:18',NULL,NULL,NULL),(14,1,'http://esskay.microcrm.in/esskayadmin/category','esskay.microcrm.in','2020-10-14 16:45:12','2020-10-14 16:45:12',NULL,NULL,NULL),(15,1,'http://esskay.microcrm.in/esskayadmin/category/reorder','esskay.microcrm.in','2020-10-14 16:45:33','2020-10-14 16:45:33',NULL,NULL,NULL),(16,1,'http://esskay.microcrm.in/esskayadmin/tag','esskay.microcrm.in','2020-10-14 16:45:39','2020-10-14 16:45:39',NULL,NULL,NULL),(17,1,'http://esskay.microcrm.in/esskayadmin/article','esskay.microcrm.in','2020-10-14 16:45:47','2020-10-14 16:45:47',NULL,NULL,NULL),(18,1,'http://esskay.microcrm.in/esskayadmin/article/create','esskay.microcrm.in','2020-10-14 16:46:01','2020-10-14 16:46:01',NULL,NULL,NULL),(19,1,'http://esskay.microcrm.in/esskayadmin/elfinder/popup/image','esskay.microcrm.in','2020-10-14 16:46:20','2020-10-14 16:46:20',NULL,NULL,NULL),(20,1,'http://esskay.microcrm.in/esskayadmin/page','esskay.microcrm.in','2020-10-14 18:20:46','2020-10-14 18:20:46',NULL,NULL,NULL),(21,1,'http://esskay.microcrm.in/esskayadmin/page/1/edit','esskay.microcrm.in','2020-10-14 18:21:38','2020-10-14 18:21:38',NULL,NULL,NULL),(22,1,'http://esskay.microcrm.in/esskayadmin/page/1/edit?template=about_us','esskay.microcrm.in','2020-10-14 18:21:45','2020-10-14 18:21:45',NULL,NULL,NULL),(23,1,'http://esskay.microcrm.in/esskayadmin/page/1/edit?template=services','esskay.microcrm.in','2020-10-14 18:21:58','2020-10-14 18:21:58',NULL,NULL,NULL),(24,1,'http://esskay.microcrm.in/esskayadmin/page/2/edit','esskay.microcrm.in','2020-10-14 18:22:51','2020-10-14 18:22:51',NULL,NULL,NULL),(25,1,'http://esskay.microcrm.in/esskayadmin/page/2/edit?template=about_us','esskay.microcrm.in','2020-10-14 18:22:56','2020-10-14 18:22:56',NULL,NULL,NULL),(26,1,'http://esskay.microcrm.in/esskayadmin/page/3/edit','esskay.microcrm.in','2020-10-14 18:25:27','2020-10-14 18:25:27',NULL,NULL,NULL),(27,1,'http://esskay.microcrm.in/esskayadmin/page/3/edit?template=services','esskay.microcrm.in','2020-10-14 18:25:43','2020-10-14 18:25:43',NULL,NULL,NULL),(28,1,'http://esskay.microcrm.in/esskayadmin/setting/4/edit','esskay.microcrm.in','2020-10-14 18:41:14','2020-10-14 18:41:14',NULL,NULL,NULL),(29,1,'http://esskay.microcrm.in/esskayadmin/elfinder/popup/value','esskay.microcrm.in','2020-10-14 18:41:16','2020-10-14 18:41:16',NULL,NULL,NULL),(30,1,'http://esskay.microcrm.in/esskayadmin/contact_us','esskay.microcrm.in','2020-10-14 19:46:48','2020-10-14 19:46:48',NULL,NULL,NULL),(31,1,'http://esskay.microcrm.in/esskayadmin/contact_us/4/edit','esskay.microcrm.in','2020-10-14 19:47:13','2020-10-14 19:47:13',NULL,NULL,NULL),(32,1,'http://esskay.microcrm.in/esskayadmin/user','esskay.microcrm.in','2020-10-15 09:18:31','2020-10-15 09:18:31',NULL,NULL,NULL),(33,1,'http://esskay.microcrm.in/esskayadmin/user/1/edit','esskay.microcrm.in','2020-10-15 09:39:27','2020-10-15 09:39:27',NULL,NULL,NULL),(34,1,'http://esskay.microcrm.in/forgot-password','esskay.microcrm.in','2020-10-15 09:56:09','2020-10-15 09:56:09',NULL,NULL,NULL),(35,1,'http://esskay.microcrm.in/register','esskay.microcrm.in','2020-10-15 10:25:33','2020-10-15 10:25:33',NULL,NULL,NULL),(36,1,'http://esskay.microcrm.in/esskayadmin/lender/2/show','esskay.microcrm.in','2020-10-15 10:53:45','2020-10-15 10:53:45',NULL,NULL,NULL),(37,1,'http://esskay.microcrm.in/esskayadmin/lender/create','esskay.microcrm.in','2020-10-15 11:15:28','2020-10-15 11:15:28',NULL,NULL,NULL),(38,1,'http://esskay.microcrm.in/esskayadmin/article/5/show','esskay.microcrm.in','2020-10-15 11:50:20','2020-10-15 11:50:20',NULL,NULL,NULL),(39,1,'http://esskay.microcrm.in/esskayadmin/article/5/edit','esskay.microcrm.in','2020-10-15 11:50:59','2020-10-15 11:50:59',NULL,NULL,NULL),(40,1,'http://esskay.microcrm.in/esskayadmin/log/preview/eyJpdiI6IkdIV0tMOGhVSEVmMG9wbnV4R0prZnc9PSIsInZhbHVlIjoiNTAxNnZTUXYxcUtRSUhvZjBDdnlaSXlsY080bFlGOFBBd3VCVXpzb0g0MD0iLCJtYWMiOiI2MGY5MmE3NDgwM','esskay.microcrm.in','2020-10-15 12:09:22','2020-10-15 12:09:22',NULL,NULL,NULL),(41,1,'http://esskay.microcrm.in/esskayadmin/enquiry','esskay.microcrm.in','2020-10-20 20:21:41','2020-10-20 20:21:41',NULL,NULL,NULL),(42,1,'http://esskay.microcrm.in/esskayadmin/page/5/edit','esskay.microcrm.in','2020-10-20 20:42:04','2020-10-20 20:42:04',NULL,NULL,NULL),(43,1,'http://esskay.microcrm.in/esskayadmin/page/5/edit?template=about_us','esskay.microcrm.in','2020-10-20 20:42:10','2020-10-20 20:42:10',NULL,NULL,NULL),(44,1,'http://esskay.microcrm.in/esskayadmin/page/5/edit?template=services','esskay.microcrm.in','2020-10-20 20:42:16','2020-10-20 20:42:16',NULL,NULL,NULL),(45,1,'http://esskay.microcrm.in/esskayadmin/log/preview/eyJpdiI6IjlhYjY0dTFpbUxNdy83TkhxYnB6bEE9PSIsInZhbHVlIjoiREdWUjBpR2J1ZnNCL2FLQ09oTnFsUUpOVkdsSVEvanp4N2NWaDFJd01odz0iLCJtYWMiOiI5NmY3ZTE3ZTNjZ','esskay.microcrm.in','2020-10-24 16:46:22','2020-10-24 16:46:22',NULL,NULL,NULL),(46,1,'http://esskay.microcrm.in/esskayadmin/log/preview/eyJpdiI6IlpKUEN0YUtud0lpS04zWnhCNGg4c0E9PSIsInZhbHVlIjoiTDNuc2hoN2o4SThYeE5DZ2E2NjZNbHhGcllscVlkOWJsdzBWQkRzaHhwND0iLCJtYWMiOiI4NzY4NzBiNzFiO','esskay.microcrm.in','2020-10-24 18:26:00','2020-10-24 18:26:00',NULL,NULL,NULL),(47,1,'http://esskay.microcrm.in/esskayadmin/article/14/edit','esskay.microcrm.in','2020-10-24 20:13:31','2020-10-24 20:13:31',NULL,NULL,NULL),(48,1,'http://esskay.microcrm.in/esskayadmin/log/preview/eyJpdiI6ImFMbTZ6STZRSGlHZjBHbkJzb0pHR3c9PSIsInZhbHVlIjoidXJHTGdjZWFidUc2ZVJMSWpIdnRPMTNDN2lvNVRXT21BU1NuSksrSDFIND0iLCJtYWMiOiJjOTA5ODA1NGQwN','esskay.microcrm.in','2020-10-24 20:37:51','2020-10-24 20:37:51',NULL,NULL,NULL),(49,1,'http://esskay.microcrm.in/esskayadmin/log/preview/eyJpdiI6ImFMbTZ6STZRSGlHZjBHbkJzb0pHR3c9PSIsInZhbHVlIjoidXJHTGdjZWFidUc2ZVJMSWpIdnRPMTNDN2lvNVRXT21BU1NuSksrSDFIND0iLCJtYWMiOiJjOTA5ODA1NGQwN','esskay.microcrm.in','2020-10-24 20:38:53','2020-10-24 20:38:53',NULL,NULL,NULL),(50,1,'http://esskay.microcrm.in/esskayadmin/log/preview/eyJpdiI6IldNUGd0OWQrT21rb0JUbm5qOUQ5YXc9PSIsInZhbHVlIjoidzljVCtSTDhYeWRXcnpKb2d1ZkNvWEU4dVN3UGF6amM0TTBZajhkVnQycz0iLCJtYWMiOiIyYzQ1MDZlMmY5Z','esskay.microcrm.in','2020-10-24 21:39:02','2020-10-24 21:39:02',NULL,NULL,NULL),(51,1,'http://esskay.microcrm.in/esskayadmin/document/1/edit','esskay.microcrm.in','2020-10-24 21:46:49','2020-10-24 21:46:49',NULL,NULL,NULL),(52,1,'http://esskay.microcrm.in/esskayadmin/log/preview/eyJpdiI6IkJjOHhiamZxNEtPOWZBZklvTFZaUVE9PSIsInZhbHVlIjoiQTFveDNZQ0hrVWtHZjRtSmpYTk4renVidVU4RUlUK1dLQTlDZ2ErWTdEQT0iLCJtYWMiOiI3MWE2MDA2MjdiM','esskay.microcrm.in','2020-10-24 22:05:03','2020-10-24 22:05:03',NULL,NULL,NULL),(53,1,'http://esskay.microcrm.in/esskayadmin/user_document','esskay.microcrm.in','2020-10-24 22:16:57','2020-10-24 22:16:57',NULL,NULL,NULL),(54,1,'http://esskay.microcrm.in/esskayadmin/user_document/8/show','esskay.microcrm.in','2020-10-24 22:27:38','2020-10-24 22:27:38',NULL,NULL,NULL),(55,1,'http://esskay.microcrm.in/esskayadmin/log/preview/eyJpdiI6IjM1MStOSDFCOWdOQlVyQzFsTkp2R3c9PSIsInZhbHVlIjoicHZuNGhzR2NsWEc5SGtMNTNwRy9ZalJ6SDFFN2svNFFLUFNQUDBidGphbz0iLCJtYWMiOiIzYTBhNDMwMDhkZ','esskay.microcrm.in','2020-10-25 22:09:49','2020-10-25 22:09:49',NULL,NULL,NULL),(56,1,'http://esskay.microcrm.in/esskayadmin/log/preview/eyJpdiI6IjM1MStOSDFCOWdOQlVyQzFsTkp2R3c9PSIsInZhbHVlIjoicHZuNGhzR2NsWEc5SGtMNTNwRy9ZalJ6SDFFN2svNFFLUFNQUDBidGphbz0iLCJtYWMiOiIzYTBhNDMwMDhkZ','esskay.microcrm.in','2020-10-25 22:10:13','2020-10-25 22:10:13',NULL,NULL,NULL),(57,1,'http://esskay.microcrm.in/esskayadmin/log/preview/eyJpdiI6IjM1MStOSDFCOWdOQlVyQzFsTkp2R3c9PSIsInZhbHVlIjoicHZuNGhzR2NsWEc5SGtMNTNwRy9ZalJ6SDFFN2svNFFLUFNQUDBidGphbz0iLCJtYWMiOiIzYTBhNDMwMDhkZ','esskay.microcrm.in','2020-10-25 22:10:27','2020-10-25 22:10:27',NULL,NULL,NULL),(58,1,'http://esskay.microcrm.in/esskayadmin/setting/6/edit','esskay.microcrm.in','2020-10-26 16:12:51','2020-10-26 16:12:51',NULL,NULL,NULL),(59,1,'http://esskay.microcrm.in/esskayadmin/setting/5/edit','esskay.microcrm.in','2020-10-26 16:21:47','2020-10-26 16:21:47',NULL,NULL,NULL),(60,1,'http://esskay.microcrm.in/esskayadmin/setting/8/edit','esskay.microcrm.in','2020-10-26 17:20:35','2020-10-26 17:20:35',NULL,NULL,NULL),(61,1,'http://esskay.microcrm.in/esskayadmin/page/6/edit','esskay.microcrm.in','2020-10-26 18:08:38','2020-10-26 18:08:38',NULL,NULL,NULL),(62,1,'http://esskay.microcrm.in/esskayadmin/page/4/edit','esskay.microcrm.in','2020-10-27 10:34:41','2020-10-27 10:34:41',NULL,NULL,NULL),(63,1,'http://esskay.microcrm.in/esskayadmin/backup','esskay.microcrm.in','2020-10-27 14:55:23','2020-10-27 14:55:23',NULL,NULL,NULL),(64,1,'http://esskay.microcrm.in/esskayadmin/enquiry/9/show','esskay.microcrm.in','2020-10-27 17:57:11','2020-10-27 17:57:11',NULL,NULL,NULL),(65,1,'http://esskay.microcrm.in/esskayadmin/setting/9/edit','esskay.microcrm.in','2020-10-27 18:11:23','2020-10-27 18:11:23',NULL,NULL,NULL),(66,1,'http://esskay.microcrm.in/change_password','esskay.microcrm.in','2020-10-27 18:14:54','2020-10-27 18:14:54',NULL,NULL,NULL),(67,1,'http://esskay.microcrm.in/esskayadmin/banking_arrangment','esskay.microcrm.in','2020-10-28 15:01:43','2020-10-28 15:01:43',NULL,NULL,NULL),(68,1,'http://esskay.microcrm.in/esskayadmin/banking_arrangment/reorder','esskay.microcrm.in','2020-10-28 15:01:53','2020-10-28 15:01:53',NULL,NULL,NULL),(69,1,'http://esskay.microcrm.in/esskayadmin/lender_banking','esskay.microcrm.in','2020-10-28 15:10:47','2020-10-28 15:10:47',NULL,NULL,NULL),(70,1,'http://esskay.microcrm.in/esskayadmin/lender_banking/create','esskay.microcrm.in','2020-10-28 15:11:16','2020-10-28 15:11:16',NULL,NULL,NULL),(71,1,'http://esskay.microcrm.in/esskayadmin/lender/52/edit','esskay.microcrm.in','2020-10-28 16:10:17','2020-10-28 16:10:17',NULL,NULL,NULL),(72,1,'http://esskay.microcrm.in/esskayadmin/lender_banking/200/edit','esskay.microcrm.in','2020-10-28 16:19:36','2020-10-28 16:19:36',NULL,NULL,NULL),(73,1,'http://esskay.microcrm.in/?sdfsd','esskay.microcrm.in','2020-10-28 17:11:56','2020-10-28 17:11:56',NULL,NULL,NULL),(74,1,'http://esskay.microcrm.in/esskayadmin/log/preview/eyJpdiI6IlRjbGJXbXlibmtkQmFHWnI0MWxoNlE9PSIsInZhbHVlIjoieEN6NlljbjRZM1VabVZ0NW9oNkRLdW5ocTZLL1JWS2FkbmJIQjNKdmZFdz0iLCJtYWMiOiJmNmFiN2U5MGNiM','esskay.microcrm.in','2020-10-28 17:19:58','2020-10-28 17:19:58',NULL,NULL,NULL),(75,1,'http://esskay.microcrm.in/esskayadmin/log/preview/eyJpdiI6IlRjbGJXbXlibmtkQmFHWnI0MWxoNlE9PSIsInZhbHVlIjoieEN6NlljbjRZM1VabVZ0NW9oNkRLdW5ocTZLL1JWS2FkbmJIQjNKdmZFdz0iLCJtYWMiOiJmNmFiN2U5MGNiM','esskay.microcrm.in','2020-10-28 17:20:27','2020-10-28 17:20:27',NULL,NULL,NULL),(76,1,'http://esskay.microcrm.in/esskayadmin/category/6/edit','esskay.microcrm.in','2020-10-28 17:20:58','2020-10-28 17:20:58',NULL,NULL,NULL),(77,1,'http://esskay.microcrm.in/esskayadmin/category/5/edit','esskay.microcrm.in','2020-10-28 17:21:21','2020-10-28 17:21:21',NULL,NULL,NULL),(78,1,'http://esskay.microcrm.in/esskayadmin/category/4/edit','esskay.microcrm.in','2020-10-28 17:21:46','2020-10-28 17:21:46',NULL,NULL,NULL),(79,1,'http://esskay.microcrm.in/esskayadmin/category/3/edit','esskay.microcrm.in','2020-10-28 17:22:10','2020-10-28 17:22:10',NULL,NULL,NULL),(80,1,'http://esskay.microcrm.in/esskayadmin/category/2/edit','esskay.microcrm.in','2020-10-28 17:22:28','2020-10-28 17:22:28',NULL,NULL,NULL),(81,1,'http://esskay.microcrm.in/esskayadmin/category/1/edit','esskay.microcrm.in','2020-10-28 17:22:46','2020-10-28 17:22:46',NULL,NULL,NULL),(82,1,'http://esskay.microcrm.in/esskayadmin/article/1/edit','esskay.microcrm.in','2020-10-28 17:26:11','2020-10-28 17:26:11',NULL,NULL,NULL),(83,1,'http://esskay.microcrm.in/esskayadmin/article/4/edit','esskay.microcrm.in','2020-10-28 17:33:32','2020-10-28 17:33:32',NULL,NULL,NULL),(84,1,'http://esskay.microcrm.in/esskayadmin/user_login','esskay.microcrm.in','2020-10-28 20:03:02','2020-10-28 20:03:02',NULL,NULL,NULL),(85,1,'http://esskay.microcrm.in/esskayadmin/elfinder/ckeditor?CKEditor=content&CKEditorFuncNum=0&langCode=en','esskay.microcrm.in','2020-10-30 15:53:55','2020-10-30 15:53:55',NULL,NULL,NULL),(86,1,'http://esskay.microcrm.in/esskayadmin/elfinder','esskay.microcrm.in','2020-10-30 16:30:21','2020-10-30 16:30:21',NULL,NULL,NULL),(87,1,'http://esskay.microcrm.in/public/assets/css/style.css','esskay.microcrm.in','2020-10-30 17:05:58','2020-10-30 17:05:58',NULL,NULL,NULL),(88,1,'http://esskay.microcrm.in/esskayadmin/lender_type','esskay.microcrm.in','2020-10-31 14:22:34','2020-10-31 14:22:34',NULL,NULL,NULL),(89,2,'https://www.google.com/','www.google.com','2020-10-31 14:23:19','2020-10-31 14:23:19','search','Google','da39a3ee5e6b4b0d3255bfef95601890afd80709'),(90,1,'http://esskay.microcrm.in/login-otp','esskay.microcrm.in','2020-10-31 19:23:56','2020-10-31 19:23:56',NULL,NULL,NULL),(91,1,'http://esskay.microcrm.in/esskayadmin/user/52/edit','esskay.microcrm.in','2020-11-02 13:43:56','2020-11-02 13:43:56',NULL,NULL,NULL),(92,1,'http://esskay.microcrm.in/esskayadmin/user_login/28/show','esskay.microcrm.in','2020-11-02 13:51:49','2020-11-02 13:51:49',NULL,NULL,NULL),(93,1,'http://esskay.microcrm.in/esskayadmin/role','esskay.microcrm.in','2020-11-02 13:51:51','2020-11-02 13:51:51',NULL,NULL,NULL),(94,1,'http://esskay.microcrm.in/?sdf','esskay.microcrm.in','2020-11-03 16:01:10','2020-11-03 16:01:10',NULL,NULL,NULL),(95,1,'http://esskay.microcrm.in/esskayadmin/instrument_type','esskay.microcrm.in','2020-11-05 11:30:03','2020-11-05 11:30:03',NULL,NULL,NULL),(96,1,'http://esskay.microcrm.in/esskayadmin/facility_type','esskay.microcrm.in','2020-11-05 11:30:15','2020-11-05 11:30:15',NULL,NULL,NULL),(97,1,'http://esskay.microcrm.in/esskayadmin/asset_class','esskay.microcrm.in','2020-11-05 11:30:40','2020-11-05 11:30:40',NULL,NULL,NULL),(98,1,'http://esskay.microcrm.in/esskayadmin/document_category','esskay.microcrm.in','2020-11-05 11:30:46','2020-11-05 11:30:46',NULL,NULL,NULL),(99,1,'http://esskay.microcrm.in/esskayadmin/user_document/15/show','esskay.microcrm.in','2020-11-05 11:33:13','2020-11-05 11:33:13',NULL,NULL,NULL),(100,1,'http://esskay.microcrm.in/esskayadmin/document/create','esskay.microcrm.in','2020-11-05 12:54:26','2020-11-05 12:54:26',NULL,NULL,NULL),(101,1,'http://esskay.microcrm.in/esskayadmin/document_category/1/edit','esskay.microcrm.in','2020-11-05 12:56:40','2020-11-05 12:56:40',NULL,NULL,NULL),(102,1,'http://esskay.microcrm.in/esskayadmin/email_sms','esskay.microcrm.in','2020-11-05 12:57:06','2020-11-05 12:57:06',NULL,NULL,NULL),(103,1,'http://esskay.microcrm.in/esskayadmin/document_category/9/edit','esskay.microcrm.in','2020-11-05 13:11:40','2020-11-05 13:11:40',NULL,NULL,NULL),(104,1,'http://esskay.microcrm.in/esskayadmin/elfinder/popup/article_pdf','esskay.microcrm.in','2020-11-05 16:54:02','2020-11-05 16:54:02',NULL,NULL,NULL),(105,1,'http://esskay.microcrm.in/packages/backpack/filemanager/themes/Backpack/elfinder.backpack.theme.css','esskay.microcrm.in','2020-11-05 20:17:01','2020-11-05 20:17:01',NULL,NULL,NULL),(106,1,'http://esskay.microcrm.in/esskayadmin/article/13/edit','esskay.microcrm.in','2020-11-05 20:18:07','2020-11-05 20:18:07',NULL,NULL,NULL),(107,1,'http://esskay.microcrm.in/esskayadmin/user_pdf','esskay.microcrm.in','2020-11-05 20:28:48','2020-11-05 20:28:48',NULL,NULL,NULL),(108,1,'http://esskay.microcrm.in/esskayadmin/user_pdf/1/show','esskay.microcrm.in','2020-11-05 20:30:15','2020-11-05 20:30:15',NULL,NULL,NULL),(109,3,'https://investor.skfin.in/login','investor.skfin.in','2020-11-06 16:07:03','2020-11-06 16:07:03',NULL,NULL,NULL),(110,3,'https://investor.skfin.in/','investor.skfin.in','2020-11-06 16:25:42','2020-11-06 16:25:42',NULL,NULL,NULL),(111,3,'http://investor.skfin.in/login','investor.skfin.in','2020-11-06 16:40:31','2020-11-06 16:40:31',NULL,NULL,NULL),(112,3,'http://investor.skfin.in/','investor.skfin.in','2020-11-06 16:40:37','2020-11-06 16:40:37',NULL,NULL,NULL),(113,3,'https://investor.skfin.in/esskayadmin/login','investor.skfin.in','2020-11-06 17:15:00','2020-11-06 17:15:00',NULL,NULL,NULL),(114,3,'https://investor.skfin.in/esskayadmin/dashboard','investor.skfin.in','2020-11-06 17:15:12','2020-11-06 17:15:12',NULL,NULL,NULL),(115,3,'https://investor.skfin.in/esskayadmin/page','investor.skfin.in','2020-11-06 17:15:16','2020-11-06 17:15:16',NULL,NULL,NULL),(116,3,'https://investor.skfin.in/esskayadmin/lender','investor.skfin.in','2020-11-06 17:24:24','2020-11-06 17:24:24',NULL,NULL,NULL),(117,3,'https://investor.skfin.in/esskayadmin/lender/1/edit','investor.skfin.in','2020-11-06 17:25:08','2020-11-06 17:25:08',NULL,NULL,NULL),(118,3,'http://www.investor.skfin.in/','www.investor.skfin.in','2020-11-06 20:03:08','2020-11-06 20:03:08',NULL,NULL,NULL),(119,3,'http://investor.skfin.in/esskayadmin/dashboard','investor.skfin.in','2020-11-07 00:10:45','2020-11-07 00:10:45',NULL,NULL,NULL),(120,3,'http://investor.skfin.in/esskayadmin/login','investor.skfin.in','2020-11-07 00:11:31','2020-11-07 00:11:31',NULL,NULL,NULL),(121,3,'http://investor.skfin.in/esskayadmin/user','investor.skfin.in','2020-11-07 00:12:20','2020-11-07 00:12:20',NULL,NULL,NULL),(122,3,'http://investor.skfin.in/esskayadmin/user/52/edit','investor.skfin.in','2020-11-07 00:37:45','2020-11-07 00:37:45',NULL,NULL,NULL),(123,3,'http://investor.skfin.in/esskayadmin/article','investor.skfin.in','2020-11-07 00:37:48','2020-11-07 00:37:48',NULL,NULL,NULL),(124,3,'http://investor.skfin.in/esskayadmin/category','investor.skfin.in','2020-11-07 00:38:12','2020-11-07 00:38:12',NULL,NULL,NULL),(125,3,'http://investor.skfin.in/esskayadmin/setting','investor.skfin.in','2020-11-07 10:48:30','2020-11-07 10:48:30',NULL,NULL,NULL),(126,3,'http://investor.skfin.in/esskayadmin/setting/6/edit','investor.skfin.in','2020-11-07 10:54:34','2020-11-07 10:54:34',NULL,NULL,NULL),(127,3,'http://investor.skfin.in/esskayadmin/elfinder/popup/value','investor.skfin.in','2020-11-07 10:55:12','2020-11-07 10:55:12',NULL,NULL,NULL),(128,3,'http://investor.skfin.in/esskayadmin/setting/8/edit','investor.skfin.in','2020-11-07 10:57:48','2020-11-07 10:57:48',NULL,NULL,NULL),(129,3,'https://investor.skfin.in/register','investor.skfin.in','2020-11-07 10:58:44','2020-11-07 10:58:44',NULL,NULL,NULL),(130,3,'https://investor.skfin.in/forgot-password','investor.skfin.in','2020-11-07 10:59:00','2020-11-07 10:59:00',NULL,NULL,NULL),(131,3,'http://investor.skfin.in/esskayadmin/enquiry','investor.skfin.in','2020-11-07 13:20:56','2020-11-07 13:20:56',NULL,NULL,NULL),(132,3,'http://investor.skfin.in/esskayadmin/enquiry/10/edit','investor.skfin.in','2020-11-07 13:21:11','2020-11-07 13:21:11',NULL,NULL,NULL),(133,3,'http://investor.skfin.in/esskayadmin/elfinder','investor.skfin.in','2020-11-07 13:21:59','2020-11-07 13:21:59',NULL,NULL,NULL),(134,3,'http://investor.skfin.in/esskayadmin/page','investor.skfin.in','2020-11-07 13:22:05','2020-11-07 13:22:05',NULL,NULL,NULL),(135,3,'http://investor.skfin.in/esskayadmin/page/1/edit','investor.skfin.in','2020-11-07 13:22:24','2020-11-07 13:22:24',NULL,NULL,NULL),(136,3,'http://investor.skfin.in/register','investor.skfin.in','2020-11-07 14:33:25','2020-11-07 14:33:25',NULL,NULL,NULL),(137,3,'http://investor.skfin.in/login-otp','investor.skfin.in','2020-11-07 14:34:07','2020-11-07 14:34:07',NULL,NULL,NULL),(138,3,'http://investor.skfin.in/forgot-password','investor.skfin.in','2020-11-07 14:38:33','2020-11-07 14:38:33',NULL,NULL,NULL),(139,3,'http://investor.skfin.in/esskayadmin/lender_banking','investor.skfin.in','2020-11-07 14:45:14','2020-11-07 14:45:14',NULL,NULL,NULL),(140,3,'http://investor.skfin.in/esskayadmin/document','investor.skfin.in','2020-11-09 11:09:47','2020-11-09 11:09:47',NULL,NULL,NULL),(141,3,'http://investor.skfin.in/esskayadmin/user_document','investor.skfin.in','2020-11-09 11:10:15','2020-11-09 11:10:15',NULL,NULL,NULL),(142,3,'http://investor.skfin.in/esskayadmin/document?document_category_id=1','investor.skfin.in','2020-11-09 11:11:15','2020-11-09 11:11:15',NULL,NULL,NULL),(143,3,'http://investor.skfin.in/esskayadmin/document/create','investor.skfin.in','2020-11-09 11:11:21','2020-11-09 11:11:21',NULL,NULL,NULL),(144,3,'http://investor.skfin.in/esskayadmin/document?document_category_id=1&persistent-table=true','investor.skfin.in','2020-11-09 11:11:40','2020-11-09 11:11:40',NULL,NULL,NULL),(145,3,'http://investor.skfin.in/esskayadmin/document_category','investor.skfin.in','2020-11-09 11:12:22','2020-11-09 11:12:22',NULL,NULL,NULL),(146,3,'http://investor.skfin.in/esskayadmin/document_category/create','investor.skfin.in','2020-11-09 11:12:37','2020-11-09 11:12:37',NULL,NULL,NULL),(147,3,'http://investor.skfin.in/esskayadmin/document_category/1/edit','investor.skfin.in','2020-11-09 11:12:49','2020-11-09 11:12:49',NULL,NULL,NULL),(148,3,'http://investor.skfin.in/esskayadmin/banking_arrangment','investor.skfin.in','2020-11-09 11:14:27','2020-11-09 11:14:27',NULL,NULL,NULL),(149,3,'http://investor.skfin.in/esskayadmin/asset_class','investor.skfin.in','2020-11-09 11:14:34','2020-11-09 11:14:34',NULL,NULL,NULL),(150,3,'http://investor.skfin.in/esskayadmin/document_category/1/show','investor.skfin.in','2020-11-09 11:16:05','2020-11-09 11:16:05',NULL,NULL,NULL),(151,3,'http://investor.skfin.in/esskayadmin/lender_type','investor.skfin.in','2020-11-09 11:16:30','2020-11-09 11:16:30',NULL,NULL,NULL),(152,3,'http://investor.skfin.in/esskayadmin/instrument_type','investor.skfin.in','2020-11-09 11:16:42','2020-11-09 11:16:42',NULL,NULL,NULL),(153,3,'http://investor.skfin.in/esskayadmin/facility_type','investor.skfin.in','2020-11-09 11:16:47','2020-11-09 11:16:47',NULL,NULL,NULL),(154,3,'http://investor.skfin.in/esskayadmin/lender','investor.skfin.in','2020-11-09 11:17:20','2020-11-09 11:17:20',NULL,NULL,NULL),(155,3,'http://investor.skfin.in/esskayadmin/document_category/reorder','investor.skfin.in','2020-11-09 11:18:43','2020-11-09 11:18:43',NULL,NULL,NULL),(156,3,'http://investor.skfin.in/esskayadmin/elfinder/popup/document_filename','investor.skfin.in','2020-11-09 11:25:18','2020-11-09 11:25:18',NULL,NULL,NULL),(157,3,'http://investor.skfin.in/esskayadmin/document/6/edit','investor.skfin.in','2020-11-09 11:29:18','2020-11-09 11:29:18',NULL,NULL,NULL),(158,3,'http://investor.skfin.in/esskayadmin/document_category/17/edit','investor.skfin.in','2020-11-09 11:31:55','2020-11-09 11:31:55',NULL,NULL,NULL),(159,3,'http://investor.skfin.in/esskayadmin/document_category/10/edit','investor.skfin.in','2020-11-09 11:42:25','2020-11-09 11:42:25',NULL,NULL,NULL),(160,3,'http://investor.skfin.in/esskayadmin/permission','investor.skfin.in','2020-11-09 11:44:24','2020-11-09 11:44:24',NULL,NULL,NULL),(161,3,'http://investor.skfin.in/esskayadmin/permission/17/edit','investor.skfin.in','2020-11-09 11:44:36','2020-11-09 11:44:36',NULL,NULL,NULL),(162,3,'http://investor.skfin.in/esskayadmin/role','investor.skfin.in','2020-11-09 11:44:49','2020-11-09 11:44:49',NULL,NULL,NULL),(163,3,'http://investor.skfin.in/esskayadmin/user?role=1','investor.skfin.in','2020-11-09 11:45:05','2020-11-09 11:45:05',NULL,NULL,NULL),(164,3,'http://investor.skfin.in/esskayadmin/user_document/7/show','investor.skfin.in','2020-11-09 11:45:37','2020-11-09 11:45:37',NULL,NULL,NULL),(165,3,'http://investor.skfin.in/esskayadmin/log','investor.skfin.in','2020-11-09 11:56:45','2020-11-09 11:56:45',NULL,NULL,NULL);
/*!40000 ALTER TABLE `tracker_referers` ENABLE KEYS */;
UNLOCK TABLES;
DROP TABLE IF EXISTS `tracker_referers_search_terms`;
/*!40101 SET @saved_cs_client     = @@character_set_client */;
/*!40101 SET character_set_client = utf8 */;
CREATE TABLE `tracker_referers_search_terms` (
  `id` bigint(20) unsigned NOT NULL AUTO_INCREMENT,
  `referer_id` bigint(20) unsigned NOT NULL,
  `search_term` varchar(191) NOT NULL,
  `created_at` timestamp NULL DEFAULT NULL,
  `updated_at` timestamp NULL DEFAULT NULL,
  PRIMARY KEY (`id`),
  KEY `tracker_referers_search_terms_created_at_index` (`created_at`),
  KEY `tracker_referers_search_terms_updated_at_index` (`updated_at`),
  KEY `tracker_referers_search_terms_referer_id_index` (`referer_id`),
  KEY `tracker_referers_search_terms_search_term_index` (`search_term`)
) ENGINE=MyISAM AUTO_INCREMENT=2 DEFAULT CHARSET=latin1;
/*!40101 SET character_set_client = @saved_cs_client */;

LOCK TABLES `tracker_referers_search_terms` WRITE;
/*!40000 ALTER TABLE `tracker_referers_search_terms` DISABLE KEYS */;
INSERT INTO `tracker_referers_search_terms` VALUES (1,89,'','2020-10-31 14:23:20','2020-10-31 14:23:20');
/*!40000 ALTER TABLE `tracker_referers_search_terms` ENABLE KEYS */;
UNLOCK TABLES;
DROP TABLE IF EXISTS `tracker_route_path_parameters`;
/*!40101 SET @saved_cs_client     = @@character_set_client */;
/*!40101 SET character_set_client = utf8 */;
CREATE TABLE `tracker_route_path_parameters` (
  `id` bigint(20) unsigned NOT NULL AUTO_INCREMENT,
  `route_path_id` bigint(20) unsigned NOT NULL,
  `parameter` varchar(191) NOT NULL,
  `value` varchar(191) NOT NULL,
  `created_at` timestamp NULL DEFAULT NULL,
  `updated_at` timestamp NULL DEFAULT NULL,
  PRIMARY KEY (`id`),
  KEY `tracker_route_path_parameters_created_at_index` (`created_at`),
  KEY `tracker_route_path_parameters_updated_at_index` (`updated_at`),
  KEY `tracker_route_path_parameters_route_path_id_index` (`route_path_id`),
  KEY `tracker_route_path_parameters_parameter_index` (`parameter`),
  KEY `tracker_route_path_parameters_value_index` (`value`)
) ENGINE=MyISAM AUTO_INCREMENT=131 DEFAULT CHARSET=latin1;
/*!40101 SET character_set_client = @saved_cs_client */;

LOCK TABLES `tracker_route_path_parameters` WRITE;
/*!40000 ALTER TABLE `tracker_route_path_parameters` DISABLE KEYS */;
INSERT INTO `tracker_route_path_parameters` VALUES (1,16,'id','5','2020-10-14 13:12:36','2020-10-14 13:12:36'),(2,17,'document_category_id','2','2020-10-14 13:12:40','2020-10-14 13:12:40'),(3,18,'id','5','2020-10-14 13:12:45','2020-10-14 13:12:45'),(4,19,'id','5','2020-10-14 13:12:53','2020-10-14 13:12:53'),(5,24,'id','2','2020-10-14 15:38:59','2020-10-14 15:38:59'),(6,25,'id','1','2020-10-14 15:39:13','2020-10-14 15:39:13'),(7,26,'id','1','2020-10-14 15:39:17','2020-10-14 15:39:17'),(8,27,'id','2','2020-10-14 15:43:52','2020-10-14 15:43:52'),(9,29,'file_name','eyJpdiI6Ik5OWW5hTnVKQTJsSm5TcTFZaWpuZHc9PSIsInZhbHVlIjoiRllQZDQ3NzduSnkxU25NK1NiS2FKL09tTW5oZlZGK2JLVytLTE5xblh3QT0iLCJtYWMiOiJhNTFjMzNmNWIzMmExMmNiMjgwYzM3OTU3ZDM5ZDc5NDZiYzJkMTNjMDI3YjUyOTF','2020-10-14 16:40:18','2020-10-14 16:40:18'),(10,30,'file_name','eyJpdiI6ImJrVVR5aURlME9kRVViMHFFeFRGM0E9PSIsInZhbHVlIjoiZXVVVmwvbjBRUVhQd1ZIc1JRekNpV2Rsck1XM1ZvOTRLektmV3BEM3RFOD0iLCJtYWMiOiI4MWNkNmMzNzA1ZTdkMTIyYWFjMjM0MGY1NTE2OWRjYjIzYzNlMTdkMDFjNDhjNzF','2020-10-14 16:40:19','2020-10-14 16:40:19'),(11,41,'input_id','image','2020-10-14 16:46:15','2020-10-14 16:46:15'),(12,51,'id','1','2020-10-14 18:21:32','2020-10-14 18:21:32'),(13,52,'id','1','2020-10-14 18:21:58','2020-10-14 18:21:58'),(14,53,'id','2','2020-10-14 18:22:45','2020-10-14 18:22:45'),(15,54,'id','2','2020-10-14 18:22:57','2020-10-14 18:22:57'),(16,55,'id','2','2020-10-14 18:25:10','2020-10-14 18:25:10'),(17,56,'id','3','2020-10-14 18:25:17','2020-10-14 18:25:17'),(18,57,'id','3','2020-10-14 18:25:43','2020-10-14 18:25:43'),(19,58,'id','4','2020-10-14 18:41:05','2020-10-14 18:41:05'),(20,59,'input_id','value','2020-10-14 18:41:15','2020-10-14 18:41:15'),(21,60,'id','4','2020-10-14 18:42:11','2020-10-14 18:42:11'),(22,64,'id','4','2020-10-14 19:46:54','2020-10-14 19:46:54'),(23,68,'id','1','2020-10-15 09:39:04','2020-10-15 09:39:04'),(24,70,'id','2','2020-10-15 10:53:13','2020-10-15 10:53:13'),(25,72,'id','5','2020-10-15 11:50:05','2020-10-15 11:50:05'),(26,73,'id','5','2020-10-15 11:50:20','2020-10-15 11:50:20'),(27,75,'file_name','eyJpdiI6IkdIV0tMOGhVSEVmMG9wbnV4R0prZnc9PSIsInZhbHVlIjoiNTAxNnZTUXYxcUtRSUhvZjBDdnlaSXlsY080bFlGOFBBd3VCVXpzb0g0MD0iLCJtYWMiOiI2MGY5MmE3NDgwMzg1Mzk5Y2MwYzNlZTU2ZGY4NmUwNWMwYjA0MTY4Njc5ODg1YzU','2020-10-15 12:09:04','2020-10-15 12:09:04'),(28,78,'id','5','2020-10-20 20:41:43','2020-10-20 20:41:43'),(29,79,'id','5','2020-10-20 20:42:16','2020-10-20 20:42:16'),(30,80,'file_name','eyJpdiI6ImlkcHFMV1JxL01HaE1kV3VuWFUyclE9PSIsInZhbHVlIjoic29vcm9KbXllWnZwZ05XNFYwZXVwOS9GeTR3dDMxSjQ3amkveFJBUStIND0iLCJtYWMiOiI3ZmY4ZmRiZGY0MzJhNTU1YTA1NDU0NDZhYWM4MzEzZWE2N2ViMDVlMzZkMzZhZmF','2020-10-24 16:44:49','2020-10-24 16:44:49'),(31,81,'file_name','eyJpdiI6InpnUHRPaXIrRy9yajdxUGVQc0lqRGc9PSIsInZhbHVlIjoiR3M4MjM4cVBuTEllbmJrRlNob3g1a2tmOTMrOWdNaG1NTGlqMEFLSnhFbz0iLCJtYWMiOiJlOGU1OWI3ZjYzZTM1YzQ4NThjNzRlNGQzNTM3M2U3YmM5OTAxYWE4NWExOTZlMWQ','2020-10-24 16:44:51','2020-10-24 16:44:51'),(32,82,'file_name','eyJpdiI6IjlhYjY0dTFpbUxNdy83TkhxYnB6bEE9PSIsInZhbHVlIjoiREdWUjBpR2J1ZnNCL2FLQ09oTnFsUUpOVkdsSVEvanp4N2NWaDFJd01odz0iLCJtYWMiOiI5NmY3ZTE3ZTNjZGUwNjJlNWM1NmJiYzVkY2FmYjA1Y2M0NzkxYWZhYTBmZjhlNTc','2020-10-24 16:44:51','2020-10-24 16:44:51'),(33,83,'file_name','eyJpdiI6ImhDR3lmM2ZjQmxqSkdUczFoVXZ5OXc9PSIsInZhbHVlIjoiQnRxajZ6Zm5KajV1ZlQxZEZBN1l6alA5YktrRjlldklJTnpPRFFwZUgrcz0iLCJtYWMiOiI3YjYxNTliMmU1OTkxZDAzYWM4ZWVlMGE0MjM4MDFlMDU3ZWI2ODM2MmUwMGMxNjE','2020-10-24 16:46:27','2020-10-24 16:46:27'),(34,84,'file_name','eyJpdiI6IjBHVkF5ZmJUM2FwR3lkNTdhdzFxbXc9PSIsInZhbHVlIjoiZS9sdGJFWUpaZEc5Y2J2TFZEMzQ5aU4rWlVoWXEvT3Y4MHFPYVdCU0FFQT0iLCJtYWMiOiI1YWI3MmUxYTZiZDU1MTQxM2JmMmZlYWZhYzc0Y2IwNjIyZmRjNWM5ZWQzZjM4OGV','2020-10-24 16:46:37','2020-10-24 16:46:37'),(35,85,'file_name','eyJpdiI6IlpKUEN0YUtud0lpS04zWnhCNGg4c0E9PSIsInZhbHVlIjoiTDNuc2hoN2o4SThYeE5DZ2E2NjZNbHhGcllscVlkOWJsdzBWQkRzaHhwND0iLCJtYWMiOiI4NzY4NzBiNzFiODM1Yjk4NGFiMjgxZjE1NDgzMjExYjFkMzY5YzBlOGYzZTVhZDY','2020-10-24 18:25:32','2020-10-24 18:25:32'),(36,86,'file_name','eyJpdiI6ImNLYVNoMktybitZaGllcDJJdnRsWUE9PSIsInZhbHVlIjoieEtJZDA5dE80d2l2Qld4VXRLdjhPWmYxVVR5U0NFQ0t5N0kwWWhtOUZuST0iLCJtYWMiOiJkMmM0ODA3ZTg5N2E1NjkwZjJkMmM2YWZkNGE1MTU3ZDY4MmVmZjYyNDA1ZjEwYTY','2020-10-24 18:26:05','2020-10-24 18:26:05'),(37,87,'id','14','2020-10-24 20:13:07','2020-10-24 20:13:07'),(38,88,'id','14','2020-10-24 20:25:07','2020-10-24 20:25:07'),(39,89,'file_name','eyJpdiI6ImFMbTZ6STZRSGlHZjBHbkJzb0pHR3c9PSIsInZhbHVlIjoidXJHTGdjZWFidUc2ZVJMSWpIdnRPMTNDN2lvNVRXT21BU1NuSksrSDFIND0iLCJtYWMiOiJjOTA5ODA1NGQwNGZlNzYyYTBiNGU0NTRhN2EyMGU2Y2JmZmJjM2E5ZTg1OGI2M2Z','2020-10-24 20:31:12','2020-10-24 20:31:12'),(40,90,'file_name','eyJpdiI6ImFMbTZ6STZRSGlHZjBHbkJzb0pHR3c9PSIsInZhbHVlIjoidXJHTGdjZWFidUc2ZVJMSWpIdnRPMTNDN2lvNVRXT21BU1NuSksrSDFIND0iLCJtYWMiOiJjOTA5ODA1NGQwNGZlNzYyYTBiNGU0NTRhN2EyMGU2Y2JmZmJjM2E5ZTg1OGI2M2Z','2020-10-24 20:35:21','2020-10-24 20:35:21'),(41,91,'file_name','eyJpdiI6ImFMbTZ6STZRSGlHZjBHbkJzb0pHR3c9PSIsInZhbHVlIjoidXJHTGdjZWFidUc2ZVJMSWpIdnRPMTNDN2lvNVRXT21BU1NuSksrSDFIND0iLCJtYWMiOiJjOTA5ODA1NGQwNGZlNzYyYTBiNGU0NTRhN2EyMGU2Y2JmZmJjM2E5ZTg1OGI2M2Z','2020-10-24 20:35:55','2020-10-24 20:35:55'),(42,92,'file_name','eyJpdiI6ImFMbTZ6STZRSGlHZjBHbkJzb0pHR3c9PSIsInZhbHVlIjoidXJHTGdjZWFidUc2ZVJMSWpIdnRPMTNDN2lvNVRXT21BU1NuSksrSDFIND0iLCJtYWMiOiJjOTA5ODA1NGQwNGZlNzYyYTBiNGU0NTRhN2EyMGU2Y2JmZmJjM2E5ZTg1OGI2M2Z','2020-10-24 20:36:47','2020-10-24 20:36:47'),(43,93,'file_name','eyJpdiI6ImFMbTZ6STZRSGlHZjBHbkJzb0pHR3c9PSIsInZhbHVlIjoidXJHTGdjZWFidUc2ZVJMSWpIdnRPMTNDN2lvNVRXT21BU1NuSksrSDFIND0iLCJtYWMiOiJjOTA5ODA1NGQwNGZlNzYyYTBiNGU0NTRhN2EyMGU2Y2JmZmJjM2E5ZTg1OGI2M2Z','2020-10-24 20:37:48','2020-10-24 20:37:48'),(44,94,'file_name','eyJpdiI6IkI5UlY3RnlzYkE3SFFNSjNFQlJ0d1E9PSIsInZhbHVlIjoidjBJVkhSUU5Wd3BlTEk2SnBtREkvWVN0R0RtUWRQcHhxSXlMSmFaTXEzTT0iLCJtYWMiOiJmNDYzOWFhMmQwMjdiMWU1OWY4YWVjOTFlNzBjYTBlMWI2NTU1MmQwNDcxMGExYTZ','2020-10-24 20:38:01','2020-10-24 20:38:01'),(45,96,'file_name','eyJpdiI6IldNUGd0OWQrT21rb0JUbm5qOUQ5YXc9PSIsInZhbHVlIjoidzljVCtSTDhYeWRXcnpKb2d1ZkNvWEU4dVN3UGF6amM0TTBZajhkVnQycz0iLCJtYWMiOiIyYzQ1MDZlMmY5ZGVkMTMwODA0MzQzYjk1MGI3OGUxODYwNzJkZWQzZDFmZDdmOTY','2020-10-24 21:38:08','2020-10-24 21:38:08'),(46,97,'file_name','eyJpdiI6ImxSUlAyL2lNU1h3eWdEeEd5YWh1T2c9PSIsInZhbHVlIjoia1o1Q2hvNXRMZi95Z3c2WnY0YUplc3NyY2xIeW0zMkd4NVRiOGZRR1V4WT0iLCJtYWMiOiIyN2MyNmJhNzlkZTliOGY0NzE5NTYwZTU0ZWE4NDRlYmIxM2Q3MmQyYWE1YjE0Njk','2020-10-24 21:39:08','2020-10-24 21:39:08'),(47,98,'id','1','2020-10-24 21:46:45','2020-10-24 21:46:45'),(48,99,'id','1','2020-10-24 21:48:01','2020-10-24 21:48:01'),(49,101,'file_name','eyJpdiI6IkJjOHhiamZxNEtPOWZBZklvTFZaUVE9PSIsInZhbHVlIjoiQTFveDNZQ0hrVWtHZjRtSmpYTk4renVidVU4RUlUK1dLQTlDZ2ErWTdEQT0iLCJtYWMiOiI3MWE2MDA2MjdiMmQzY2FjY2NkMDAwMmE1ZGJlN2U0ZjdmNDA5NDEyYTUyZDYzMDJ','2020-10-24 22:03:41','2020-10-24 22:03:41'),(50,102,'file_name','eyJpdiI6IjRZT3p3R2NqeDlQMzRoQVc1RkZUNVE9PSIsInZhbHVlIjoiWWltcmo0TE16ZlNFY2s2c1piSTJ2bEdGUWpBKy9RY3hobTJ5a2NxcEN0Zz0iLCJtYWMiOiI4N2RmNmZjODYwNDI2NTk0YjQ3NDgyM2JiN2RhZjQzNGQwNmY3NjA5YzA5OTU5MDZ','2020-10-24 22:05:10','2020-10-24 22:05:10'),(51,105,'id','8','2020-10-24 22:27:31','2020-10-24 22:27:31'),(52,107,'file_name','eyJpdiI6ImdJdGZ2K0JZTFJ3V2ozK0hxZnBsbmc9PSIsInZhbHVlIjoiYjE5NWlqb3dmR3g1U2F5Y2FQa1krbFRpSjl4NDNGRDdHTm1FYURFcmNaOD0iLCJtYWMiOiJjMmMxNGMwNWMwOWFmNDY1MjIxMGJkZDZlOTI5MGUxY2E5YjEwMmZjYzI2MDJiY2I','2020-10-25 22:09:28','2020-10-25 22:09:28'),(53,108,'file_name','eyJpdiI6IjM1MStOSDFCOWdOQlVyQzFsTkp2R3c9PSIsInZhbHVlIjoicHZuNGhzR2NsWEc5SGtMNTNwRy9ZalJ6SDFFN2svNFFLUFNQUDBidGphbz0iLCJtYWMiOiIzYTBhNDMwMDhkZDk1MWU0MzBiZThlNmJlN2JiMjgzZTc3MTdiYzc1MTExYTIyZDg','2020-10-25 22:09:28','2020-10-25 22:09:28'),(54,109,'file_name','eyJpdiI6InQwYy96eWJvcXRMMWNNdU1BdGFFWWc9PSIsInZhbHVlIjoiS1NQWG85eWJmTDlNeFBCcHc0ZEJkTFFaMGRLSlBxcE5heVo3M2ZYTnd0ST0iLCJtYWMiOiJhYjVkZDkwMWFjMzY0MmE1Y2NlMDg2MGVlNmEzY2JlMDhlOTI0NDE0NjBkZDE2MGJ','2020-10-25 22:09:54','2020-10-25 22:09:54'),(55,110,'file_name','eyJpdiI6InRQaXo5ZTZ1MTFBc254WXFvNWs4Qnc9PSIsInZhbHVlIjoiTjNGK1dRVmJWODBxSGdWYlgxVy9OaVNmbnR2VUZnVzhkYU9PNTVxaXpzTT0iLCJtYWMiOiJiZTc4NmIyNjJhM2UyMWIxNDc1YmViOTllMmNkOTczZTIyZGVjOTJhYTA1YjZiZTA','2020-10-25 22:10:31','2020-10-25 22:10:31'),(56,111,'id','1','2020-10-25 22:22:59','2020-10-25 22:22:59'),(57,112,'id','6','2020-10-26 16:12:41','2020-10-26 16:12:41'),(58,113,'id','6','2020-10-26 16:19:35','2020-10-26 16:19:35'),(59,114,'id','5','2020-10-26 16:21:36','2020-10-26 16:21:36'),(60,115,'id','5','2020-10-26 16:21:48','2020-10-26 16:21:48'),(61,116,'id','8','2020-10-26 17:20:31','2020-10-26 17:20:31'),(62,117,'id','8','2020-10-26 17:21:04','2020-10-26 17:21:04'),(63,118,'id','6','2020-10-26 18:08:17','2020-10-26 18:08:17'),(64,119,'id','6','2020-10-26 18:08:39','2020-10-26 18:08:39'),(65,121,'file_name','eyJpdiI6IjAxV2RKbzdDMzdZODg3TTd3UzRGaVE9PSIsInZhbHVlIjoiRWplTmtHN0VpS2QwQjhoYnFHTU4ySEY5V3ArNk9SbG9sSkhJT3lEQWRtaz0iLCJtYWMiOiI5ODAxNzgyOWViMWM0MGY2ZWM1OTEzNTE2YTFmYmFhM2JjMGU4ZmIyNDAxYWRkZjc','2020-10-26 18:40:07','2020-10-26 18:40:07'),(66,122,'file_name','eyJpdiI6IjAxV2RKbzdDMzdZODg3TTd3UzRGaVE9PSIsInZhbHVlIjoiRWplTmtHN0VpS2QwQjhoYnFHTU4ySEY5V3ArNk9SbG9sSkhJT3lEQWRtaz0iLCJtYWMiOiI5ODAxNzgyOWViMWM0MGY2ZWM1OTEzNTE2YTFmYmFhM2JjMGU4ZmIyNDAxYWRkZjc','2020-10-26 18:43:05','2020-10-26 18:43:05'),(67,123,'file_name','eyJpdiI6IjAxV2RKbzdDMzdZODg3TTd3UzRGaVE9PSIsInZhbHVlIjoiRWplTmtHN0VpS2QwQjhoYnFHTU4ySEY5V3ArNk9SbG9sSkhJT3lEQWRtaz0iLCJtYWMiOiI5ODAxNzgyOWViMWM0MGY2ZWM1OTEzNTE2YTFmYmFhM2JjMGU4ZmIyNDAxYWRkZjc','2020-10-26 18:43:22','2020-10-26 18:43:22'),(68,124,'id','4','2020-10-27 10:34:20','2020-10-27 10:34:20'),(69,125,'file_name','eyJpdiI6IjIrL1Q3M3J4RnIvbFE1RHJlZDRoQXc9PSIsInZhbHVlIjoiN0xyVXNFeTBVZzhuZk9OMktMWFFuUWl2Yjl4UWlSSjcrUkFhWGgwaGRuMD0iLCJtYWMiOiIzYjEwMmEwYmUxNjk5YTk2ODEwNWFiMGM3NTk5ZDdlN2Y2MDUyZjUzNGFkMzgwODZ','2020-10-27 12:39:18','2020-10-27 12:39:18'),(70,126,'file_name','eyJpdiI6IjVzMHJDM1N5VFhBMG9wOWRicC82clE9PSIsInZhbHVlIjoiYWkraGdjU2dra0NiYXlGU3NlWkdjMWhpMUxMbDdndnNDVFhONFIvTXdVYz0iLCJtYWMiOiJlODFkNTU4YWI5MGVmOWFlNTU0NDBjMGIwZjJkYzFlNzA3ZWJjNGYwOWNiZWUxZTM','2020-10-27 12:39:19','2020-10-27 12:39:19'),(71,129,'file_name','eyJpdiI6IjE1SGhXZHpNeEtia1Q0dDgwRVpCQmc9PSIsInZhbHVlIjoibC9UaklFK2ZXUUVLQVNhWUd2OHNNQUNhb0FPMDZiOFZsandabGw5bTdhQT0iLCJtYWMiOiJjMTQ1ZmY3Y2NjNWEyY2YzMDBmZmUyOGM2NTFlNjc2OTgzOWRkY2I1Y2QyMTQ0MTZ','2020-10-27 15:07:04','2020-10-27 15:07:04'),(72,130,'file_name','eyJpdiI6IjE1SGhXZHpNeEtia1Q0dDgwRVpCQmc9PSIsInZhbHVlIjoibC9UaklFK2ZXUUVLQVNhWUd2OHNNQUNhb0FPMDZiOFZsandabGw5bTdhQT0iLCJtYWMiOiJjMTQ1ZmY3Y2NjNWEyY2YzMDBmZmUyOGM2NTFlNjc2OTgzOWRkY2I1Y2QyMTQ0MTZ','2020-10-27 15:10:08','2020-10-27 15:10:08'),(73,132,'file_name','eyJpdiI6IjE1SGhXZHpNeEtia1Q0dDgwRVpCQmc9PSIsInZhbHVlIjoibC9UaklFK2ZXUUVLQVNhWUd2OHNNQUNhb0FPMDZiOFZsandabGw5bTdhQT0iLCJtYWMiOiJjMTQ1ZmY3Y2NjNWEyY2YzMDBmZmUyOGM2NTFlNjc2OTgzOWRkY2I1Y2QyMTQ0MTZ','2020-10-27 15:15:37','2020-10-27 15:15:37'),(74,133,'file_name','eyJpdiI6IjE1SGhXZHpNeEtia1Q0dDgwRVpCQmc9PSIsInZhbHVlIjoibC9UaklFK2ZXUUVLQVNhWUd2OHNNQUNhb0FPMDZiOFZsandabGw5bTdhQT0iLCJtYWMiOiJjMTQ1ZmY3Y2NjNWEyY2YzMDBmZmUyOGM2NTFlNjc2OTgzOWRkY2I1Y2QyMTQ0MTZ','2020-10-27 16:07:13','2020-10-27 16:07:13'),(75,134,'id','9','2020-10-27 17:56:22','2020-10-27 17:56:22'),(76,137,'id','9','2020-10-27 18:11:13','2020-10-27 18:11:13'),(77,138,'id','9','2020-10-27 18:12:31','2020-10-27 18:12:31'),(78,140,'id','2','2020-10-28 13:05:32','2020-10-28 13:05:32'),(79,148,'id','52','2020-10-28 16:10:02','2020-10-28 16:10:02'),(80,149,'id','200','2020-10-28 16:19:29','2020-10-28 16:19:29'),(81,150,'id','200','2020-10-28 16:19:36','2020-10-28 16:19:36'),(82,151,'file_name','eyJpdiI6IlRjbGJXbXlibmtkQmFHWnI0MWxoNlE9PSIsInZhbHVlIjoieEN6NlljbjRZM1VabVZ0NW9oNkRLdW5ocTZLL1JWS2FkbmJIQjNKdmZFdz0iLCJtYWMiOiJmNmFiN2U5MGNiMjg2MjI5ZGRmZTBlMjMzMmQ4YjBmZWYwYWJkM2ZiYTc0NTAwMzU','2020-10-28 17:17:19','2020-10-28 17:17:19'),(83,152,'file_name','eyJpdiI6IkVGZE9FV3cvZ09hNVpzVVBtcVpJTUE9PSIsInZhbHVlIjoiaHF4by9yNHdvZkI4Q1NTQks2TlRLbWZRTlVnNlNUbWNBeUJyd2ZIZ2g2MD0iLCJtYWMiOiI0Yzg2YzBmYWE3NzIyY2RmMzk5ZTEyNTMxMmQwN2ExNDhhMDRkMjgxYjQ4ZDBjYWU','2020-10-28 17:20:09','2020-10-28 17:20:09'),(84,153,'id','6','2020-10-28 17:20:30','2020-10-28 17:20:30'),(85,154,'id','6','2020-10-28 17:20:59','2020-10-28 17:20:59'),(86,155,'id','5','2020-10-28 17:21:12','2020-10-28 17:21:12'),(87,156,'id','5','2020-10-28 17:21:21','2020-10-28 17:21:21'),(88,157,'id','4','2020-10-28 17:21:31','2020-10-28 17:21:31'),(89,158,'id','4','2020-10-28 17:21:47','2020-10-28 17:21:47'),(90,159,'id','3','2020-10-28 17:21:56','2020-10-28 17:21:56'),(91,160,'id','3','2020-10-28 17:22:10','2020-10-28 17:22:10'),(92,161,'id','2','2020-10-28 17:22:20','2020-10-28 17:22:20'),(93,162,'id','2','2020-10-28 17:22:29','2020-10-28 17:22:29'),(94,163,'id','1','2020-10-28 17:22:39','2020-10-28 17:22:39'),(95,164,'id','1','2020-10-28 17:22:46','2020-10-28 17:22:46'),(96,165,'id','1','2020-10-28 17:26:02','2020-10-28 17:26:02'),(97,166,'id','1','2020-10-28 17:26:11','2020-10-28 17:26:11'),(98,167,'id','4','2020-10-28 17:28:45','2020-10-28 17:28:45'),(99,168,'file_name','eyJpdiI6IjVKVWRwelN5N0h5Sm53TVNKS1kxL1E9PSIsInZhbHVlIjoiNHRFaWlpTzR4R053eWdpWFRuTjFpUFBkNEhRMnhyOWRRenZBMW80UG1RND0iLCJtYWMiOiJhODhiODFmNmUxYWE5NGQ5MGMwM2VjMmJmYWFlYzM2NTliZGE2OGJiZmU1NDBhNjU','2020-10-28 19:54:26','2020-10-28 19:54:26'),(100,169,'file_name','eyJpdiI6IkdKNXlTM3huRHU3bGI2QVdtSkxWRnc9PSIsInZhbHVlIjoiTHRJeUpZV0J5dFQ4VHRSOHJRblUvQ2Z5VDg5WmdpY1VuTlRkZ0VPN2Fodz0iLCJtYWMiOiIwZjdkM2Y5YTI2YmM5Yjg4MmNhNGM2MmI0OTQ2YjVjNDM5MDFhZGM5OWQzZjg4OTM','2020-10-28 20:02:48','2020-10-28 20:02:48'),(101,172,'file_name','eyJpdiI6ImtrR0pQbEdUeXFxc0NqQkFFdlJMMGc9PSIsInZhbHVlIjoibGpHb3IzSndPV3RUNmZtRjlrTk9haFowUUNMdW5zQmdCNTVTYkxKellnbz0iLCJtYWMiOiJhMWY1ZGY2ZGRjMWQ2ZjNmMmU2NjQ1NjQzNzUxNDY4MDM3OTJlMTAyNDBiZDZmN2F','2020-10-30 15:52:29','2020-10-30 15:52:29'),(102,173,'file_name','eyJpdiI6InVIcU1Ca2FuakluRDVkUmJXVUFZNXc9PSIsInZhbHVlIjoiYUVZVkNNalRVNGpXL2VOcHRadXltVGVmVUQ0OEJXOXQ2QWFmMjJHYkFCMD0iLCJtYWMiOiJmZmY1ZGMzOWI4ODE5ZjRlOTM5NGMwMjNjMWI1YmFmNWE4ODgyOGY4ZTZmYmZjODA','2020-10-30 15:52:30','2020-10-30 15:52:30'),(103,178,'id','52','2020-10-31 14:23:30','2020-10-31 14:23:30'),(104,181,'id','52','2020-11-02 13:43:48','2020-11-02 13:43:48'),(105,182,'id','52','2020-11-02 13:43:56','2020-11-02 13:43:56'),(106,183,'id','28','2020-11-02 13:51:35','2020-11-02 13:51:35'),(107,194,'id','15','2020-11-05 11:33:03','2020-11-05 11:33:03'),(108,196,'id','1','2020-11-05 12:54:39','2020-11-05 12:54:39'),(109,199,'id','1','2020-11-05 13:11:06','2020-11-05 13:11:06'),(110,200,'id','9','2020-11-05 13:11:20','2020-11-05 13:11:20'),(111,201,'file_name','eyJpdiI6InlSNERPRnhFTFpzakp3Zm1QR2phelE9PSIsInZhbHVlIjoiVUdnNGFpWUZwblE0RUJjRHlSemRqRXZOS1BacVExK2dUM0JpdTBFZXdwOD0iLCJtYWMiOiI4M2U1ZjRmYTZjM2I2ZjUwMjgzMWQ4MjRkNDA4YWRmMzU1MzM5ZmIwODhkZWZlNGJ','2020-11-05 15:28:00','2020-11-05 15:28:00'),(112,202,'file_name','eyJpdiI6InlSNERPRnhFTFpzakp3Zm1QR2phelE9PSIsInZhbHVlIjoiVUdnNGFpWUZwblE0RUJjRHlSemRqRXZOS1BacVExK2dUM0JpdTBFZXdwOD0iLCJtYWMiOiI4M2U1ZjRmYTZjM2I2ZjUwMjgzMWQ4MjRkNDA4YWRmMzU1MzM5ZmIwODhkZWZlNGJ','2020-11-05 15:29:52','2020-11-05 15:29:52'),(113,203,'input_id','article_pdf','2020-11-05 16:54:00','2020-11-05 16:54:00'),(114,204,'id','13','2020-11-05 20:18:01','2020-11-05 20:18:01'),(115,205,'id','13','2020-11-05 20:18:17','2020-11-05 20:18:17'),(116,206,'id','2','2020-11-05 20:19:12','2020-11-05 20:19:12'),(117,209,'id','1','2020-11-05 20:30:07','2020-11-05 20:30:07'),(118,210,'id','3','2020-11-05 20:30:42','2020-11-05 20:30:42'),(119,211,'id','4','2020-11-06 10:12:21','2020-11-06 10:12:21'),(120,213,'id','10','2020-11-07 13:21:05','2020-11-07 13:21:05'),(121,214,'document_category_id','1','2020-11-09 11:11:21','2020-11-09 11:11:21'),(122,216,'id','1','2020-11-09 11:16:00','2020-11-09 11:16:00'),(123,220,'input_id','document_filename','2020-11-09 11:25:09','2020-11-09 11:25:09'),(124,222,'id','6','2020-11-09 11:29:17','2020-11-09 11:29:17'),(125,223,'id','6','2020-11-09 11:29:35','2020-11-09 11:29:35'),(126,224,'id','17','2020-11-09 11:31:44','2020-11-09 11:31:44'),(127,225,'id','17','2020-11-09 11:31:55','2020-11-09 11:31:55'),(128,226,'id','10','2020-11-09 11:42:09','2020-11-09 11:42:09'),(129,229,'id','17','2020-11-09 11:44:32','2020-11-09 11:44:32'),(130,230,'id','7','2020-11-09 11:45:30','2020-11-09 11:45:30');
/*!40000 ALTER TABLE `tracker_route_path_parameters` ENABLE KEYS */;
UNLOCK TABLES;
DROP TABLE IF EXISTS `tracker_route_paths`;
/*!40101 SET @saved_cs_client     = @@character_set_client */;
/*!40101 SET character_set_client = utf8 */;
CREATE TABLE `tracker_route_paths` (
  `id` bigint(20) unsigned NOT NULL AUTO_INCREMENT,
  `route_id` bigint(20) unsigned NOT NULL,
  `path` varchar(191) NOT NULL,
  `created_at` timestamp NULL DEFAULT NULL,
  `updated_at` timestamp NULL DEFAULT NULL,
  PRIMARY KEY (`id`),
  KEY `tracker_route_paths_created_at_index` (`created_at`),
  KEY `tracker_route_paths_updated_at_index` (`updated_at`),
  KEY `tracker_route_paths_route_id_index` (`route_id`),
  KEY `tracker_route_paths_path_index` (`path`)
) ENGINE=MyISAM AUTO_INCREMENT=231 DEFAULT CHARSET=latin1;
/*!40101 SET character_set_client = @saved_cs_client */;

LOCK TABLES `tracker_route_paths` WRITE;
/*!40000 ALTER TABLE `tracker_route_paths` DISABLE KEYS */;
INSERT INTO `tracker_route_paths` VALUES (1,1,'/','2020-10-13 20:02:48','2020-10-13 20:02:48'),(2,2,'esskayadmin','2020-10-13 20:02:55','2020-10-13 20:02:55'),(3,3,'esskayadmin/login','2020-10-13 20:02:56','2020-10-13 20:02:56'),(4,4,'esskayadmin/login','2020-10-13 20:04:34','2020-10-13 20:04:34'),(5,5,'esskayadmin/dashboard','2020-10-13 20:04:37','2020-10-13 20:04:37'),(6,6,'/','2020-10-13 21:23:54','2020-10-13 21:23:54'),(7,7,'login','2020-10-13 21:23:55','2020-10-13 21:23:55'),(8,8,'saveLogin','2020-10-13 23:34:30','2020-10-13 23:34:30'),(9,9,'user_otp','2020-10-14 00:18:10','2020-10-14 00:18:10'),(10,10,'saveUserOTP','2020-10-14 00:28:38','2020-10-14 00:28:38'),(11,11,'user_password','2020-10-14 09:43:08','2020-10-14 09:43:08'),(12,12,'esskayadmin/logout','2020-10-14 12:14:35','2020-10-14 12:14:35'),(13,13,'logout','2020-10-14 12:29:12','2020-10-14 12:29:12'),(14,14,'esskayadmin/document','2020-10-14 13:12:28','2020-10-14 13:12:28'),(15,15,'esskayadmin/document/search','2020-10-14 13:12:32','2020-10-14 13:12:32'),(16,16,'esskayadmin/document/5/edit','2020-10-14 13:12:36','2020-10-14 13:12:36'),(17,17,'esskayadmin/getSubCategory/2','2020-10-14 13:12:40','2020-10-14 13:12:40'),(18,18,'esskayadmin/document/5','2020-10-14 13:12:45','2020-10-14 13:12:45'),(19,19,'esskayadmin/document/5/revise','2020-10-14 13:12:53','2020-10-14 13:12:53'),(20,20,'esskayadmin/setting','2020-10-14 15:38:13','2020-10-14 15:38:13'),(21,21,'esskayadmin/setting/search','2020-10-14 15:38:20','2020-10-14 15:38:20'),(22,22,'esskayadmin/lender','2020-10-14 15:38:52','2020-10-14 15:38:52'),(23,23,'esskayadmin/lender/search','2020-10-14 15:38:55','2020-10-14 15:38:55'),(24,24,'esskayadmin/lender/2/edit','2020-10-14 15:38:59','2020-10-14 15:38:59'),(25,24,'esskayadmin/lender/1/edit','2020-10-14 15:39:13','2020-10-14 15:39:13'),(26,25,'esskayadmin/lender/1','2020-10-14 15:39:17','2020-10-14 15:39:17'),(27,25,'esskayadmin/lender/2','2020-10-14 15:43:52','2020-10-14 15:43:52'),(28,26,'esskayadmin/log','2020-10-14 16:40:12','2020-10-14 16:40:12'),(29,27,'esskayadmin/log/delete/eyJpdiI6Ik5OWW5hTnVKQTJsSm5TcTFZaWpuZHc9PSIsInZhbHVlIjoiRllQZDQ3NzduSnkxU25NK1NiS2FKL09tTW5oZlZGK2JLVytLTE5xblh3QT0iLCJtYWMiOiJhNTFjMzNmNWIzMmExMmNiMjgwYzM3OTU3ZDM5ZDc5','2020-10-14 16:40:18','2020-10-14 16:40:18'),(30,27,'esskayadmin/log/delete/eyJpdiI6ImJrVVR5aURlME9kRVViMHFFeFRGM0E9PSIsInZhbHVlIjoiZXVVVmwvbjBRUVhQd1ZIc1JRekNpV2Rsck1XM1ZvOTRLektmV3BEM3RFOD0iLCJtYWMiOiI4MWNkNmMzNzA1ZTdkMTIyYWFjMjM0MGY1NTE2OWRj','2020-10-14 16:40:19','2020-10-14 16:40:19'),(31,28,'esskayadmin/category','2020-10-14 16:45:08','2020-10-14 16:45:08'),(32,29,'esskayadmin/category/search','2020-10-14 16:45:12','2020-10-14 16:45:12'),(33,30,'esskayadmin/category/reorder','2020-10-14 16:45:29','2020-10-14 16:45:29'),(34,31,'esskayadmin/category/reorder','2020-10-14 16:45:33','2020-10-14 16:45:33'),(35,32,'esskayadmin/tag','2020-10-14 16:45:37','2020-10-14 16:45:37'),(36,33,'esskayadmin/tag/search','2020-10-14 16:45:39','2020-10-14 16:45:39'),(37,34,'esskayadmin/article','2020-10-14 16:45:44','2020-10-14 16:45:44'),(38,35,'esskayadmin/article/search','2020-10-14 16:45:47','2020-10-14 16:45:47'),(39,36,'esskayadmin/article/create','2020-10-14 16:45:54','2020-10-14 16:45:54'),(40,37,'esskayadmin/article/fetch/category','2020-10-14 16:46:02','2020-10-14 16:46:02'),(41,38,'esskayadmin/elfinder/popup/image','2020-10-14 16:46:15','2020-10-14 16:46:15'),(42,39,'esskayadmin/elfinder/connector','2020-10-14 16:46:21','2020-10-14 16:46:21'),(43,40,'esskayadmin/article/fetch/tags','2020-10-14 16:47:30','2020-10-14 16:47:30'),(44,41,'esskayadmin/article','2020-10-14 16:47:47','2020-10-14 16:47:47'),(45,42,'homepage','2020-10-14 17:11:25','2020-10-14 17:11:25'),(46,43,'document','2020-10-14 17:13:39','2020-10-14 17:13:39'),(47,44,'news','2020-10-14 17:13:43','2020-10-14 17:13:43'),(48,45,'contact_us','2020-10-14 17:18:13','2020-10-14 17:18:13'),(49,46,'esskayadmin/page','2020-10-14 18:20:43','2020-10-14 18:20:43'),(50,47,'esskayadmin/page/search','2020-10-14 18:20:46','2020-10-14 18:20:46'),(51,48,'esskayadmin/page/1/edit','2020-10-14 18:21:32','2020-10-14 18:21:32'),(52,49,'esskayadmin/page/1','2020-10-14 18:21:58','2020-10-14 18:21:58'),(53,48,'esskayadmin/page/2/edit','2020-10-14 18:22:45','2020-10-14 18:22:45'),(54,49,'esskayadmin/page/2','2020-10-14 18:22:57','2020-10-14 18:22:57'),(55,50,'esskayadmin/page/2/clone','2020-10-14 18:25:10','2020-10-14 18:25:10'),(56,48,'esskayadmin/page/3/edit','2020-10-14 18:25:17','2020-10-14 18:25:17'),(57,49,'esskayadmin/page/3','2020-10-14 18:25:43','2020-10-14 18:25:43'),(58,51,'esskayadmin/setting/4/edit','2020-10-14 18:41:05','2020-10-14 18:41:05'),(59,38,'esskayadmin/elfinder/popup/value','2020-10-14 18:41:15','2020-10-14 18:41:15'),(60,52,'esskayadmin/setting/4','2020-10-14 18:42:11','2020-10-14 18:42:11'),(61,53,'saveContact','2020-10-14 19:38:23','2020-10-14 19:38:23'),(62,54,'esskayadmin/contact_us','2020-10-14 19:46:45','2020-10-14 19:46:45'),(63,55,'esskayadmin/contact_us/search','2020-10-14 19:46:48','2020-10-14 19:46:48'),(64,56,'esskayadmin/contact_us/4/edit','2020-10-14 19:46:54','2020-10-14 19:46:54'),(65,57,'forgot-password','2020-10-14 20:37:49','2020-10-14 20:37:49'),(66,58,'esskayadmin/user','2020-10-15 09:18:26','2020-10-15 09:18:26'),(67,59,'esskayadmin/user/search','2020-10-15 09:18:32','2020-10-15 09:18:32'),(68,60,'esskayadmin/user/1/edit','2020-10-15 09:39:04','2020-10-15 09:39:04'),(69,61,'register','2020-10-15 10:25:23','2020-10-15 10:25:23'),(70,62,'esskayadmin/lender/2/show','2020-10-15 10:53:13','2020-10-15 10:53:13'),(71,63,'esskayadmin/lender/create','2020-10-15 11:03:07','2020-10-15 11:03:07'),(72,64,'esskayadmin/article/5/show','2020-10-15 11:50:05','2020-10-15 11:50:05'),(73,65,'esskayadmin/article/5/edit','2020-10-15 11:50:20','2020-10-15 11:50:20'),(74,66,'esskayadmin/category/inline/create/modal','2020-10-15 11:51:14','2020-10-15 11:51:14'),(75,67,'esskayadmin/log/preview/eyJpdiI6IkdIV0tMOGhVSEVmMG9wbnV4R0prZnc9PSIsInZhbHVlIjoiNTAxNnZTUXYxcUtRSUhvZjBDdnlaSXlsY080bFlGOFBBd3VCVXpzb0g0MD0iLCJtYWMiOiI2MGY5MmE3NDgwMzg1Mzk5Y2MwYzNlZTU2ZGY4NmU','2020-10-15 12:09:04','2020-10-15 12:09:04'),(76,68,'esskayadmin/enquiry','2020-10-20 20:21:32','2020-10-20 20:21:32'),(77,69,'esskayadmin/enquiry/search','2020-10-20 20:21:41','2020-10-20 20:21:41'),(78,48,'esskayadmin/page/5/edit','2020-10-20 20:41:43','2020-10-20 20:41:43'),(79,49,'esskayadmin/page/5','2020-10-20 20:42:16','2020-10-20 20:42:16'),(80,27,'esskayadmin/log/delete/eyJpdiI6ImlkcHFMV1JxL01HaE1kV3VuWFUyclE9PSIsInZhbHVlIjoic29vcm9KbXllWnZwZ05XNFYwZXVwOS9GeTR3dDMxSjQ3amkveFJBUStIND0iLCJtYWMiOiI3ZmY4ZmRiZGY0MzJhNTU1YTA1NDU0NDZhYWM4MzEz','2020-10-24 16:44:49','2020-10-24 16:44:49'),(81,27,'esskayadmin/log/delete/eyJpdiI6InpnUHRPaXIrRy9yajdxUGVQc0lqRGc9PSIsInZhbHVlIjoiR3M4MjM4cVBuTEllbmJrRlNob3g1a2tmOTMrOWdNaG1NTGlqMEFLSnhFbz0iLCJtYWMiOiJlOGU1OWI3ZjYzZTM1YzQ4NThjNzRlNGQzNTM3M2U3','2020-10-24 16:44:51','2020-10-24 16:44:51'),(82,67,'esskayadmin/log/preview/eyJpdiI6IjlhYjY0dTFpbUxNdy83TkhxYnB6bEE9PSIsInZhbHVlIjoiREdWUjBpR2J1ZnNCL2FLQ09oTnFsUUpOVkdsSVEvanp4N2NWaDFJd01odz0iLCJtYWMiOiI5NmY3ZTE3ZTNjZGUwNjJlNWM1NmJiYzVkY2FmYjA','2020-10-24 16:44:51','2020-10-24 16:44:51'),(83,27,'esskayadmin/log/delete/eyJpdiI6ImhDR3lmM2ZjQmxqSkdUczFoVXZ5OXc9PSIsInZhbHVlIjoiQnRxajZ6Zm5KajV1ZlQxZEZBN1l6alA5YktrRjlldklJTnpPRFFwZUgrcz0iLCJtYWMiOiI3YjYxNTliMmU1OTkxZDAzYWM4ZWVlMGE0MjM4MDFl','2020-10-24 16:46:27','2020-10-24 16:46:27'),(84,67,'esskayadmin/log/preview/eyJpdiI6IjBHVkF5ZmJUM2FwR3lkNTdhdzFxbXc9PSIsInZhbHVlIjoiZS9sdGJFWUpaZEc5Y2J2TFZEMzQ5aU4rWlVoWXEvT3Y4MHFPYVdCU0FFQT0iLCJtYWMiOiI1YWI3MmUxYTZiZDU1MTQxM2JmMmZlYWZhYzc0Y2I','2020-10-24 16:46:37','2020-10-24 16:46:37'),(85,67,'esskayadmin/log/preview/eyJpdiI6IlpKUEN0YUtud0lpS04zWnhCNGg4c0E9PSIsInZhbHVlIjoiTDNuc2hoN2o4SThYeE5DZ2E2NjZNbHhGcllscVlkOWJsdzBWQkRzaHhwND0iLCJtYWMiOiI4NzY4NzBiNzFiODM1Yjk4NGFiMjgxZjE1NDgzMjE','2020-10-24 18:25:32','2020-10-24 18:25:32'),(86,27,'esskayadmin/log/delete/eyJpdiI6ImNLYVNoMktybitZaGllcDJJdnRsWUE9PSIsInZhbHVlIjoieEtJZDA5dE80d2l2Qld4VXRLdjhPWmYxVVR5U0NFQ0t5N0kwWWhtOUZuST0iLCJtYWMiOiJkMmM0ODA3ZTg5N2E1NjkwZjJkMmM2YWZkNGE1MTU3','2020-10-24 18:26:05','2020-10-24 18:26:05'),(87,65,'esskayadmin/article/14/edit','2020-10-24 20:13:07','2020-10-24 20:13:07'),(88,70,'esskayadmin/article/14','2020-10-24 20:25:07','2020-10-24 20:25:07'),(89,67,'esskayadmin/log/preview/eyJpdiI6ImFMbTZ6STZRSGlHZjBHbkJzb0pHR3c9PSIsInZhbHVlIjoidXJHTGdjZWFidUc2ZVJMSWpIdnRPMTNDN2lvNVRXT21BU1NuSksrSDFIND0iLCJtYWMiOiJjOTA5ODA1NGQwNGZlNzYyYTBiNGU0NTRhN2EyMGU','2020-10-24 20:31:12','2020-10-24 20:31:12'),(90,67,'esskayadmin/log/preview/eyJpdiI6ImFMbTZ6STZRSGlHZjBHbkJzb0pHR3c9PSIsInZhbHVlIjoidXJHTGdjZWFidUc2ZVJMSWpIdnRPMTNDN2lvNVRXT21BU1NuSksrSDFIND0iLCJtYWMiOiJjOTA5ODA1NGQwNGZlNzYyYTBiNGU0NTRhN2EyMGU','2020-10-24 20:35:21','2020-10-24 20:35:21'),(91,67,'esskayadmin/log/preview/eyJpdiI6ImFMbTZ6STZRSGlHZjBHbkJzb0pHR3c9PSIsInZhbHVlIjoidXJHTGdjZWFidUc2ZVJMSWpIdnRPMTNDN2lvNVRXT21BU1NuSksrSDFIND0iLCJtYWMiOiJjOTA5ODA1NGQwNGZlNzYyYTBiNGU0NTRhN2EyMGU','2020-10-24 20:35:55','2020-10-24 20:35:55'),(92,67,'esskayadmin/log/preview/eyJpdiI6ImFMbTZ6STZRSGlHZjBHbkJzb0pHR3c9PSIsInZhbHVlIjoidXJHTGdjZWFidUc2ZVJMSWpIdnRPMTNDN2lvNVRXT21BU1NuSksrSDFIND0iLCJtYWMiOiJjOTA5ODA1NGQwNGZlNzYyYTBiNGU0NTRhN2EyMGU','2020-10-24 20:36:47','2020-10-24 20:36:47'),(93,67,'esskayadmin/log/preview/eyJpdiI6ImFMbTZ6STZRSGlHZjBHbkJzb0pHR3c9PSIsInZhbHVlIjoidXJHTGdjZWFidUc2ZVJMSWpIdnRPMTNDN2lvNVRXT21BU1NuSksrSDFIND0iLCJtYWMiOiJjOTA5ODA1NGQwNGZlNzYyYTBiNGU0NTRhN2EyMGU','2020-10-24 20:37:48','2020-10-24 20:37:48'),(94,27,'esskayadmin/log/delete/eyJpdiI6IkI5UlY3RnlzYkE3SFFNSjNFQlJ0d1E9PSIsInZhbHVlIjoidjBJVkhSUU5Wd3BlTEk2SnBtREkvWVN0R0RtUWRQcHhxSXlMSmFaTXEzTT0iLCJtYWMiOiJmNDYzOWFhMmQwMjdiMWU1OWY4YWVjOTFlNzBjYTBl','2020-10-24 20:38:01','2020-10-24 20:38:01'),(95,71,'showDoc','2020-10-24 21:10:07','2020-10-24 21:10:07'),(96,67,'esskayadmin/log/preview/eyJpdiI6IldNUGd0OWQrT21rb0JUbm5qOUQ5YXc9PSIsInZhbHVlIjoidzljVCtSTDhYeWRXcnpKb2d1ZkNvWEU4dVN3UGF6amM0TTBZajhkVnQycz0iLCJtYWMiOiIyYzQ1MDZlMmY5ZGVkMTMwODA0MzQzYjk1MGI3OGU','2020-10-24 21:38:08','2020-10-24 21:38:08'),(97,27,'esskayadmin/log/delete/eyJpdiI6ImxSUlAyL2lNU1h3eWdEeEd5YWh1T2c9PSIsInZhbHVlIjoia1o1Q2hvNXRMZi95Z3c2WnY0YUplc3NyY2xIeW0zMkd4NVRiOGZRR1V4WT0iLCJtYWMiOiIyN2MyNmJhNzlkZTliOGY0NzE5NTYwZTU0ZWE4NDRl','2020-10-24 21:39:08','2020-10-24 21:39:08'),(98,16,'esskayadmin/document/1/edit','2020-10-24 21:46:45','2020-10-24 21:46:45'),(99,18,'esskayadmin/document/1','2020-10-24 21:48:01','2020-10-24 21:48:01'),(100,72,'downloadDoc','2020-10-24 22:00:53','2020-10-24 22:00:53'),(101,67,'esskayadmin/log/preview/eyJpdiI6IkJjOHhiamZxNEtPOWZBZklvTFZaUVE9PSIsInZhbHVlIjoiQTFveDNZQ0hrVWtHZjRtSmpYTk4renVidVU4RUlUK1dLQTlDZ2ErWTdEQT0iLCJtYWMiOiI3MWE2MDA2MjdiMmQzY2FjY2NkMDAwMmE1ZGJlN2U','2020-10-24 22:03:41','2020-10-24 22:03:41'),(102,27,'esskayadmin/log/delete/eyJpdiI6IjRZT3p3R2NqeDlQMzRoQVc1RkZUNVE9PSIsInZhbHVlIjoiWWltcmo0TE16ZlNFY2s2c1piSTJ2bEdGUWpBKy9RY3hobTJ5a2NxcEN0Zz0iLCJtYWMiOiI4N2RmNmZjODYwNDI2NTk0YjQ3NDgyM2JiN2RhZjQz','2020-10-24 22:05:10','2020-10-24 22:05:10'),(103,73,'esskayadmin/user_document','2020-10-24 22:16:54','2020-10-24 22:16:54'),(104,74,'esskayadmin/user_document/search','2020-10-24 22:16:57','2020-10-24 22:16:57'),(105,75,'esskayadmin/user_document/8/show','2020-10-24 22:27:31','2020-10-24 22:27:31'),(106,76,'assignDate','2020-10-25 21:56:38','2020-10-25 21:56:38'),(107,27,'esskayadmin/log/delete/eyJpdiI6ImdJdGZ2K0JZTFJ3V2ozK0hxZnBsbmc9PSIsInZhbHVlIjoiYjE5NWlqb3dmR3g1U2F5Y2FQa1krbFRpSjl4NDNGRDdHTm1FYURFcmNaOD0iLCJtYWMiOiJjMmMxNGMwNWMwOWFmNDY1MjIxMGJkZDZlOTI5MGUx','2020-10-25 22:09:27','2020-10-25 22:09:27'),(108,67,'esskayadmin/log/preview/eyJpdiI6IjM1MStOSDFCOWdOQlVyQzFsTkp2R3c9PSIsInZhbHVlIjoicHZuNGhzR2NsWEc5SGtMNTNwRy9ZalJ6SDFFN2svNFFLUFNQUDBidGphbz0iLCJtYWMiOiIzYTBhNDMwMDhkZDk1MWU0MzBiZThlNmJlN2JiMjg','2020-10-25 22:09:28','2020-10-25 22:09:28'),(109,27,'esskayadmin/log/delete/eyJpdiI6InQwYy96eWJvcXRMMWNNdU1BdGFFWWc9PSIsInZhbHVlIjoiS1NQWG85eWJmTDlNeFBCcHc0ZEJkTFFaMGRLSlBxcE5heVo3M2ZYTnd0ST0iLCJtYWMiOiJhYjVkZDkwMWFjMzY0MmE1Y2NlMDg2MGVlNmEzY2Jl','2020-10-25 22:09:54','2020-10-25 22:09:54'),(110,67,'esskayadmin/log/preview/eyJpdiI6InRQaXo5ZTZ1MTFBc254WXFvNWs4Qnc9PSIsInZhbHVlIjoiTjNGK1dRVmJWODBxSGdWYlgxVy9OaVNmbnR2VUZnVzhkYU9PNTVxaXpzTT0iLCJtYWMiOiJiZTc4NmIyNjJhM2UyMWIxNDc1YmViOTllMmNkOTc','2020-10-25 22:10:31','2020-10-25 22:10:31'),(111,77,'downloadDoc/1','2020-10-25 22:22:59','2020-10-25 22:22:59'),(112,51,'esskayadmin/setting/6/edit','2020-10-26 16:12:41','2020-10-26 16:12:41'),(113,52,'esskayadmin/setting/6','2020-10-26 16:19:35','2020-10-26 16:19:35'),(114,51,'esskayadmin/setting/5/edit','2020-10-26 16:21:36','2020-10-26 16:21:36'),(115,52,'esskayadmin/setting/5','2020-10-26 16:21:48','2020-10-26 16:21:48'),(116,51,'esskayadmin/setting/8/edit','2020-10-26 17:20:31','2020-10-26 17:20:31'),(117,52,'esskayadmin/setting/8','2020-10-26 17:21:04','2020-10-26 17:21:04'),(118,48,'esskayadmin/page/6/edit','2020-10-26 18:08:17','2020-10-26 18:08:17'),(119,49,'esskayadmin/page/6','2020-10-26 18:08:39','2020-10-26 18:08:39'),(120,78,'saveRegister','2020-10-26 18:37:41','2020-10-26 18:37:41'),(121,67,'esskayadmin/log/preview/eyJpdiI6IjAxV2RKbzdDMzdZODg3TTd3UzRGaVE9PSIsInZhbHVlIjoiRWplTmtHN0VpS2QwQjhoYnFHTU4ySEY5V3ArNk9SbG9sSkhJT3lEQWRtaz0iLCJtYWMiOiI5ODAxNzgyOWViMWM0MGY2ZWM1OTEzNTE2YTFmYmF','2020-10-26 18:40:07','2020-10-26 18:40:07'),(122,67,'esskayadmin/log/preview/eyJpdiI6IjAxV2RKbzdDMzdZODg3TTd3UzRGaVE9PSIsInZhbHVlIjoiRWplTmtHN0VpS2QwQjhoYnFHTU4ySEY5V3ArNk9SbG9sSkhJT3lEQWRtaz0iLCJtYWMiOiI5ODAxNzgyOWViMWM0MGY2ZWM1OTEzNTE2YTFmYmF','2020-10-26 18:43:05','2020-10-26 18:43:05'),(123,67,'esskayadmin/log/preview/eyJpdiI6IjAxV2RKbzdDMzdZODg3TTd3UzRGaVE9PSIsInZhbHVlIjoiRWplTmtHN0VpS2QwQjhoYnFHTU4ySEY5V3ArNk9SbG9sSkhJT3lEQWRtaz0iLCJtYWMiOiI5ODAxNzgyOWViMWM0MGY2ZWM1OTEzNTE2YTFmYmF','2020-10-26 18:43:22','2020-10-26 18:43:22'),(124,48,'esskayadmin/page/4/edit','2020-10-27 10:34:20','2020-10-27 10:34:20'),(125,27,'esskayadmin/log/delete/eyJpdiI6IjIrL1Q3M3J4RnIvbFE1RHJlZDRoQXc9PSIsInZhbHVlIjoiN0xyVXNFeTBVZzhuZk9OMktMWFFuUWl2Yjl4UWlSSjcrUkFhWGgwaGRuMD0iLCJtYWMiOiIzYjEwMmEwYmUxNjk5YTk2ODEwNWFiMGM3NTk5ZDdl','2020-10-27 12:39:18','2020-10-27 12:39:18'),(126,27,'esskayadmin/log/delete/eyJpdiI6IjVzMHJDM1N5VFhBMG9wOWRicC82clE9PSIsInZhbHVlIjoiYWkraGdjU2dra0NiYXlGU3NlWkdjMWhpMUxMbDdndnNDVFhONFIvTXdVYz0iLCJtYWMiOiJlODFkNTU4YWI5MGVmOWFlNTU0NDBjMGIwZjJkYzFl','2020-10-27 12:39:19','2020-10-27 12:39:19'),(127,79,'esskayadmin/backup','2020-10-27 14:55:19','2020-10-27 14:55:19'),(128,80,'esskayadmin/backup/create','2020-10-27 14:55:23','2020-10-27 14:55:23'),(129,67,'esskayadmin/log/preview/eyJpdiI6IjE1SGhXZHpNeEtia1Q0dDgwRVpCQmc9PSIsInZhbHVlIjoibC9UaklFK2ZXUUVLQVNhWUd2OHNNQUNhb0FPMDZiOFZsandabGw5bTdhQT0iLCJtYWMiOiJjMTQ1ZmY3Y2NjNWEyY2YzMDBmZmUyOGM2NTFlNjc','2020-10-27 15:07:04','2020-10-27 15:07:04'),(130,67,'esskayadmin/log/preview/eyJpdiI6IjE1SGhXZHpNeEtia1Q0dDgwRVpCQmc9PSIsInZhbHVlIjoibC9UaklFK2ZXUUVLQVNhWUd2OHNNQUNhb0FPMDZiOFZsandabGw5bTdhQT0iLCJtYWMiOiJjMTQ1ZmY3Y2NjNWEyY2YzMDBmZmUyOGM2NTFlNjc','2020-10-27 15:10:08','2020-10-27 15:10:08'),(131,81,'send_mail','2020-10-27 15:15:29','2020-10-27 15:15:29'),(132,67,'esskayadmin/log/preview/eyJpdiI6IjE1SGhXZHpNeEtia1Q0dDgwRVpCQmc9PSIsInZhbHVlIjoibC9UaklFK2ZXUUVLQVNhWUd2OHNNQUNhb0FPMDZiOFZsandabGw5bTdhQT0iLCJtYWMiOiJjMTQ1ZmY3Y2NjNWEyY2YzMDBmZmUyOGM2NTFlNjc','2020-10-27 15:15:37','2020-10-27 15:15:37'),(133,67,'esskayadmin/log/preview/eyJpdiI6IjE1SGhXZHpNeEtia1Q0dDgwRVpCQmc9PSIsInZhbHVlIjoibC9UaklFK2ZXUUVLQVNhWUd2OHNNQUNhb0FPMDZiOFZsandabGw5bTdhQT0iLCJtYWMiOiJjMTQ1ZmY3Y2NjNWEyY2YzMDBmZmUyOGM2NTFlNjc','2020-10-27 16:07:13','2020-10-27 16:07:13'),(134,82,'esskayadmin/enquiry/9/show','2020-10-27 17:56:22','2020-10-27 17:56:22'),(135,83,'saveForgot','2020-10-27 17:57:56','2020-10-27 17:57:56'),(136,84,'change_password','2020-10-27 17:58:00','2020-10-27 17:58:00'),(137,51,'esskayadmin/setting/9/edit','2020-10-27 18:11:13','2020-10-27 18:11:13'),(138,52,'esskayadmin/setting/9','2020-10-27 18:12:31','2020-10-27 18:12:31'),(139,85,'saveChangePassword','2020-10-27 18:14:55','2020-10-27 18:14:55'),(140,77,'downloadDoc/2','2020-10-28 13:05:32','2020-10-28 13:05:32'),(141,86,'esskayadmin/banking_arrangment','2020-10-28 15:01:39','2020-10-28 15:01:39'),(142,87,'esskayadmin/banking_arrangment/search','2020-10-28 15:01:43','2020-10-28 15:01:43'),(143,88,'esskayadmin/banking_arrangment/reorder','2020-10-28 15:01:47','2020-10-28 15:01:47'),(144,89,'esskayadmin/banking_arrangment/reorder','2020-10-28 15:01:54','2020-10-28 15:01:54'),(145,90,'esskayadmin/lender_banking','2020-10-28 15:09:12','2020-10-28 15:09:12'),(146,91,'esskayadmin/lender_banking/search','2020-10-28 15:10:47','2020-10-28 15:10:47'),(147,92,'esskayadmin/lender_banking/create','2020-10-28 15:11:10','2020-10-28 15:11:10'),(148,24,'esskayadmin/lender/52/edit','2020-10-28 16:10:01','2020-10-28 16:10:01'),(149,93,'esskayadmin/lender_banking/200/edit','2020-10-28 16:19:29','2020-10-28 16:19:29'),(150,94,'esskayadmin/lender_banking/200','2020-10-28 16:19:36','2020-10-28 16:19:36'),(151,67,'esskayadmin/log/preview/eyJpdiI6IlRjbGJXbXlibmtkQmFHWnI0MWxoNlE9PSIsInZhbHVlIjoieEN6NlljbjRZM1VabVZ0NW9oNkRLdW5ocTZLL1JWS2FkbmJIQjNKdmZFdz0iLCJtYWMiOiJmNmFiN2U5MGNiMjg2MjI5ZGRmZTBlMjMzMmQ4YjB','2020-10-28 17:17:19','2020-10-28 17:17:19'),(152,27,'esskayadmin/log/delete/eyJpdiI6IkVGZE9FV3cvZ09hNVpzVVBtcVpJTUE9PSIsInZhbHVlIjoiaHF4by9yNHdvZkI4Q1NTQks2TlRLbWZRTlVnNlNUbWNBeUJyd2ZIZ2g2MD0iLCJtYWMiOiI0Yzg2YzBmYWE3NzIyY2RmMzk5ZTEyNTMxMmQwN2Ex','2020-10-28 17:20:09','2020-10-28 17:20:09'),(153,95,'esskayadmin/category/6/edit','2020-10-28 17:20:30','2020-10-28 17:20:30'),(154,96,'esskayadmin/category/6','2020-10-28 17:20:59','2020-10-28 17:20:59'),(155,95,'esskayadmin/category/5/edit','2020-10-28 17:21:12','2020-10-28 17:21:12'),(156,96,'esskayadmin/category/5','2020-10-28 17:21:21','2020-10-28 17:21:21'),(157,95,'esskayadmin/category/4/edit','2020-10-28 17:21:31','2020-10-28 17:21:31'),(158,96,'esskayadmin/category/4','2020-10-28 17:21:47','2020-10-28 17:21:47'),(159,95,'esskayadmin/category/3/edit','2020-10-28 17:21:56','2020-10-28 17:21:56'),(160,96,'esskayadmin/category/3','2020-10-28 17:22:10','2020-10-28 17:22:10'),(161,95,'esskayadmin/category/2/edit','2020-10-28 17:22:20','2020-10-28 17:22:20'),(162,96,'esskayadmin/category/2','2020-10-28 17:22:29','2020-10-28 17:22:29'),(163,95,'esskayadmin/category/1/edit','2020-10-28 17:22:39','2020-10-28 17:22:39'),(164,96,'esskayadmin/category/1','2020-10-28 17:22:46','2020-10-28 17:22:46'),(165,65,'esskayadmin/article/1/edit','2020-10-28 17:26:02','2020-10-28 17:26:02'),(166,70,'esskayadmin/article/1','2020-10-28 17:26:11','2020-10-28 17:26:11'),(167,65,'esskayadmin/article/4/edit','2020-10-28 17:28:45','2020-10-28 17:28:45'),(168,27,'esskayadmin/log/delete/eyJpdiI6IjVKVWRwelN5N0h5Sm53TVNKS1kxL1E9PSIsInZhbHVlIjoiNHRFaWlpTzR4R053eWdpWFRuTjFpUFBkNEhRMnhyOWRRenZBMW80UG1RND0iLCJtYWMiOiJhODhiODFmNmUxYWE5NGQ5MGMwM2VjMmJmYWFlYzM2','2020-10-28 19:54:26','2020-10-28 19:54:26'),(169,27,'esskayadmin/log/delete/eyJpdiI6IkdKNXlTM3huRHU3bGI2QVdtSkxWRnc9PSIsInZhbHVlIjoiTHRJeUpZV0J5dFQ4VHRSOHJRblUvQ2Z5VDg5WmdpY1VuTlRkZ0VPN2Fodz0iLCJtYWMiOiIwZjdkM2Y5YTI2YmM5Yjg4MmNhNGM2MmI0OTQ2YjVj','2020-10-28 20:02:48','2020-10-28 20:02:48'),(170,97,'esskayadmin/user_login','2020-10-28 20:02:57','2020-10-28 20:02:57'),(171,98,'esskayadmin/user_login/search','2020-10-28 20:03:03','2020-10-28 20:03:03'),(172,27,'esskayadmin/log/delete/eyJpdiI6ImtrR0pQbEdUeXFxc0NqQkFFdlJMMGc9PSIsInZhbHVlIjoibGpHb3IzSndPV3RUNmZtRjlrTk9haFowUUNMdW5zQmdCNTVTYkxKellnbz0iLCJtYWMiOiJhMWY1ZGY2ZGRjMWQ2ZjNmMmU2NjQ1NjQzNzUxNDY4','2020-10-30 15:52:29','2020-10-30 15:52:29'),(173,27,'esskayadmin/log/delete/eyJpdiI6InVIcU1Ca2FuakluRDVkUmJXVUFZNXc9PSIsInZhbHVlIjoiYUVZVkNNalRVNGpXL2VOcHRadXltVGVmVUQ0OEJXOXQ2QWFmMjJHYkFCMD0iLCJtYWMiOiJmZmY1ZGMzOWI4ODE5ZjRlOTM5NGMwMjNjMWI1YmFm','2020-10-30 15:52:30','2020-10-30 15:52:30'),(174,99,'esskayadmin/elfinder/ckeditor','2020-10-30 15:53:49','2020-10-30 15:53:49'),(175,100,'esskayadmin/elfinder','2020-10-30 16:30:19','2020-10-30 16:30:19'),(176,101,'esskayadmin/lender_type','2020-10-31 14:22:24','2020-10-31 14:22:24'),(177,102,'esskayadmin/lender_type/search','2020-10-31 14:22:35','2020-10-31 14:22:35'),(178,25,'esskayadmin/lender/52','2020-10-31 14:23:30','2020-10-31 14:23:30'),(179,103,'login-otp','2020-10-31 19:23:50','2020-10-31 19:23:50'),(180,104,'saveLoginOtp','2020-10-31 19:25:34','2020-10-31 19:25:34'),(181,60,'esskayadmin/user/52/edit','2020-11-02 13:43:48','2020-11-02 13:43:48'),(182,105,'esskayadmin/user/52','2020-11-02 13:43:56','2020-11-02 13:43:56'),(183,106,'esskayadmin/user_login/28/show','2020-11-02 13:51:35','2020-11-02 13:51:35'),(184,107,'esskayadmin/role','2020-11-02 13:51:50','2020-11-02 13:51:50'),(185,108,'esskayadmin/role/search','2020-11-02 13:51:51','2020-11-02 13:51:51'),(186,109,'esskayadmin/instrument_type','2020-11-05 11:30:00','2020-11-05 11:30:00'),(187,110,'esskayadmin/instrument_type/search','2020-11-05 11:30:04','2020-11-05 11:30:04'),(188,111,'esskayadmin/facility_type','2020-11-05 11:30:12','2020-11-05 11:30:12'),(189,112,'esskayadmin/facility_type/search','2020-11-05 11:30:15','2020-11-05 11:30:15'),(190,113,'esskayadmin/asset_class','2020-11-05 11:30:37','2020-11-05 11:30:37'),(191,114,'esskayadmin/asset_class/search','2020-11-05 11:30:40','2020-11-05 11:30:40'),(192,115,'esskayadmin/document_category','2020-11-05 11:30:44','2020-11-05 11:30:44'),(193,116,'esskayadmin/document_category/search','2020-11-05 11:30:46','2020-11-05 11:30:46'),(194,75,'esskayadmin/user_document/15/show','2020-11-05 11:33:03','2020-11-05 11:33:03'),(195,117,'esskayadmin/document/create','2020-11-05 12:53:54','2020-11-05 12:53:54'),(196,118,'esskayadmin/document_category/1/edit','2020-11-05 12:54:39','2020-11-05 12:54:39'),(197,119,'esskayadmin/email_sms','2020-11-05 12:57:04','2020-11-05 12:57:04'),(198,120,'esskayadmin/email_sms/search','2020-11-05 12:57:06','2020-11-05 12:57:06'),(199,121,'esskayadmin/document_category/1','2020-11-05 13:11:06','2020-11-05 13:11:06'),(200,118,'esskayadmin/document_category/9/edit','2020-11-05 13:11:20','2020-11-05 13:11:20'),(201,67,'esskayadmin/log/preview/eyJpdiI6InlSNERPRnhFTFpzakp3Zm1QR2phelE9PSIsInZhbHVlIjoiVUdnNGFpWUZwblE0RUJjRHlSemRqRXZOS1BacVExK2dUM0JpdTBFZXdwOD0iLCJtYWMiOiI4M2U1ZjRmYTZjM2I2ZjUwMjgzMWQ4MjRkNDA4YWR','2020-11-05 15:28:00','2020-11-05 15:28:00'),(202,67,'esskayadmin/log/preview/eyJpdiI6InlSNERPRnhFTFpzakp3Zm1QR2phelE9PSIsInZhbHVlIjoiVUdnNGFpWUZwblE0RUJjRHlSemRqRXZOS1BacVExK2dUM0JpdTBFZXdwOD0iLCJtYWMiOiI4M2U1ZjRmYTZjM2I2ZjUwMjgzMWQ4MjRkNDA4YWR','2020-11-05 15:29:52','2020-11-05 15:29:52'),(203,38,'esskayadmin/elfinder/popup/article_pdf','2020-11-05 16:54:00','2020-11-05 16:54:00'),(204,65,'esskayadmin/article/13/edit','2020-11-05 20:18:01','2020-11-05 20:18:01'),(205,70,'esskayadmin/article/13','2020-11-05 20:18:17','2020-11-05 20:18:17'),(206,122,'downloadFile/2','2020-11-05 20:19:12','2020-11-05 20:19:12'),(207,123,'esskayadmin/user_pdf','2020-11-05 20:26:19','2020-11-05 20:26:19'),(208,124,'esskayadmin/user_pdf/search','2020-11-05 20:28:49','2020-11-05 20:28:49'),(209,125,'esskayadmin/user_pdf/1/show','2020-11-05 20:30:07','2020-11-05 20:30:07'),(210,122,'downloadFile/3','2020-11-05 20:30:42','2020-11-05 20:30:42'),(211,77,'downloadDoc/4','2020-11-06 10:12:21','2020-11-06 10:12:21'),(212,126,'change_query','2020-11-06 16:03:36','2020-11-06 16:03:36'),(213,127,'esskayadmin/enquiry/10/edit','2020-11-07 13:21:05','2020-11-07 13:21:05'),(214,17,'esskayadmin/getSubCategory/1','2020-11-09 11:11:21','2020-11-09 11:11:21'),(215,128,'esskayadmin/document_category/create','2020-11-09 11:12:30','2020-11-09 11:12:30'),(216,129,'esskayadmin/document_category/1/show','2020-11-09 11:16:00','2020-11-09 11:16:00'),(217,130,'esskayadmin/document_category/reorder','2020-11-09 11:18:27','2020-11-09 11:18:27'),(218,131,'esskayadmin/document_category','2020-11-09 11:19:32','2020-11-09 11:19:32'),(219,132,'esskayadmin/document_category/reorder','2020-11-09 11:21:36','2020-11-09 11:21:36'),(220,38,'esskayadmin/elfinder/popup/document_filename','2020-11-09 11:25:09','2020-11-09 11:25:09'),(221,133,'esskayadmin/document','2020-11-09 11:26:35','2020-11-09 11:26:35'),(222,16,'esskayadmin/document/6/edit','2020-11-09 11:29:17','2020-11-09 11:29:17'),(223,18,'esskayadmin/document/6','2020-11-09 11:29:35','2020-11-09 11:29:35'),(224,118,'esskayadmin/document_category/17/edit','2020-11-09 11:31:44','2020-11-09 11:31:44'),(225,121,'esskayadmin/document_category/17','2020-11-09 11:31:55','2020-11-09 11:31:55'),(226,118,'esskayadmin/document_category/10/edit','2020-11-09 11:42:09','2020-11-09 11:42:09'),(227,134,'esskayadmin/permission','2020-11-09 11:44:22','2020-11-09 11:44:22'),(228,135,'esskayadmin/permission/search','2020-11-09 11:44:24','2020-11-09 11:44:24'),(229,136,'esskayadmin/permission/17/edit','2020-11-09 11:44:32','2020-11-09 11:44:32'),(230,75,'esskayadmin/user_document/7/show','2020-11-09 11:45:30','2020-11-09 11:45:30');
/*!40000 ALTER TABLE `tracker_route_paths` ENABLE KEYS */;
UNLOCK TABLES;
DROP TABLE IF EXISTS `tracker_routes`;
/*!40101 SET @saved_cs_client     = @@character_set_client */;
/*!40101 SET character_set_client = utf8 */;
CREATE TABLE `tracker_routes` (
  `id` bigint(20) unsigned NOT NULL AUTO_INCREMENT,
  `name` varchar(191) NOT NULL,
  `action` varchar(191) NOT NULL,
  `created_at` timestamp NULL DEFAULT NULL,
  `updated_at` timestamp NULL DEFAULT NULL,
  PRIMARY KEY (`id`),
  KEY `tracker_routes_created_at_index` (`created_at`),
  KEY `tracker_routes_updated_at_index` (`updated_at`),
  KEY `tracker_routes_name_index` (`name`),
  KEY `tracker_routes_action_index` (`action`)
) ENGINE=MyISAM AUTO_INCREMENT=137 DEFAULT CHARSET=latin1;
/*!40101 SET character_set_client = @saved_cs_client */;

LOCK TABLES `tracker_routes` WRITE;
/*!40000 ALTER TABLE `tracker_routes` DISABLE KEYS */;
INSERT INTO `tracker_routes` VALUES (1,'//','closure','2020-10-13 20:02:48','2020-10-13 20:02:48'),(2,'backpack','Backpack\\CRUD\\app\\Http\\Controllers\\AdminController@redirect','2020-10-13 20:02:55','2020-10-13 20:02:55'),(3,'backpack.auth.login','Backpack\\CRUD\\app\\Http\\Controllers\\Auth\\LoginController@showLoginForm','2020-10-13 20:02:56','2020-10-13 20:02:56'),(4,'/esskayadmin/login','Backpack\\CRUD\\app\\Http\\Controllers\\Auth\\LoginController@login','2020-10-13 20:04:33','2020-10-13 20:04:33'),(5,'backpack.dashboard','Backpack\\CRUD\\app\\Http\\Controllers\\AdminController@dashboard','2020-10-13 20:04:37','2020-10-13 20:04:37'),(6,'//','App\\Http\\Controllers\\HomeController@index','2020-10-13 21:23:54','2020-10-13 21:23:54'),(7,'/login','App\\Http\\Controllers\\HomeController@login','2020-10-13 21:23:55','2020-10-13 21:23:55'),(8,'/saveLogin','App\\Http\\Controllers\\HomeController@saveLogin','2020-10-13 23:34:30','2020-10-13 23:34:30'),(9,'/user_otp','App\\Http\\Controllers\\HomeController@userOTP','2020-10-14 00:18:10','2020-10-14 00:18:10'),(10,'/saveUserOTP','App\\Http\\Controllers\\HomeController@saveUserOTP','2020-10-14 00:28:38','2020-10-14 00:28:38'),(11,'/user_password','closure','2020-10-14 09:43:08','2020-10-14 09:43:08'),(12,'backpack.auth.logout','Backpack\\CRUD\\app\\Http\\Controllers\\Auth\\LoginController@logout','2020-10-14 12:14:35','2020-10-14 12:14:35'),(13,'/logout','App\\Http\\Controllers\\HomeController@logout','2020-10-14 12:29:12','2020-10-14 12:29:12'),(14,'document.index','App\\Http\\Controllers\\Admin\\DocumentCrudController@index','2020-10-14 13:12:28','2020-10-14 13:12:28'),(15,'document.search','App\\Http\\Controllers\\Admin\\DocumentCrudController@search','2020-10-14 13:12:32','2020-10-14 13:12:32'),(16,'document.edit','App\\Http\\Controllers\\Admin\\DocumentCrudController@edit','2020-10-14 13:12:36','2020-10-14 13:12:36'),(17,'/esskayadmin/getSubCategory/{document_category_id}','App\\Http\\Controllers\\Admin\\DocumentCategoryCrudController@getSubCategory','2020-10-14 13:12:40','2020-10-14 13:12:40'),(18,'document.update','App\\Http\\Controllers\\Admin\\DocumentCrudController@update','2020-10-14 13:12:45','2020-10-14 13:12:45'),(19,'document.listRevisions','App\\Http\\Controllers\\Admin\\DocumentCrudController@listRevisions','2020-10-14 13:12:53','2020-10-14 13:12:53'),(20,'setting.index','Backpack\\Settings\\app\\Http\\Controllers\\SettingCrudController@index','2020-10-14 15:38:13','2020-10-14 15:38:13'),(21,'setting.search','Backpack\\Settings\\app\\Http\\Controllers\\SettingCrudController@search','2020-10-14 15:38:20','2020-10-14 15:38:20'),(22,'lender.index','App\\Http\\Controllers\\Admin\\LenderCrudController@index','2020-10-14 15:38:52','2020-10-14 15:38:52'),(23,'lender.search','App\\Http\\Controllers\\Admin\\LenderCrudController@search','2020-10-14 15:38:55','2020-10-14 15:38:55'),(24,'lender.edit','App\\Http\\Controllers\\Admin\\LenderCrudController@edit','2020-10-14 15:38:59','2020-10-14 15:38:59'),(25,'lender.update','App\\Http\\Controllers\\Admin\\LenderCrudController@update','2020-10-14 15:39:17','2020-10-14 15:39:17'),(26,'log.index','Backpack\\LogManager\\app\\Http\\Controllers\\LogController@index','2020-10-14 16:40:12','2020-10-14 16:40:12'),(27,'log.destroy','Backpack\\LogManager\\app\\Http\\Controllers\\LogController@delete','2020-10-14 16:40:18','2020-10-14 16:40:18'),(28,'category.index','Backpack\\NewsCRUD\\app\\Http\\Controllers\\Admin\\CategoryCrudController@index','2020-10-14 16:45:08','2020-10-14 16:45:08'),(29,'category.search','Backpack\\NewsCRUD\\app\\Http\\Controllers\\Admin\\CategoryCrudController@search','2020-10-14 16:45:12','2020-10-14 16:45:12'),(30,'category.reorder','Backpack\\NewsCRUD\\app\\Http\\Controllers\\Admin\\CategoryCrudController@reorder','2020-10-14 16:45:29','2020-10-14 16:45:29'),(31,'category.save.reorder','Backpack\\NewsCRUD\\app\\Http\\Controllers\\Admin\\CategoryCrudController@saveReorder','2020-10-14 16:45:33','2020-10-14 16:45:33'),(32,'tag.index','Backpack\\NewsCRUD\\app\\Http\\Controllers\\Admin\\TagCrudController@index','2020-10-14 16:45:37','2020-10-14 16:45:37'),(33,'tag.search','Backpack\\NewsCRUD\\app\\Http\\Controllers\\Admin\\TagCrudController@search','2020-10-14 16:45:39','2020-10-14 16:45:39'),(34,'article.index','Backpack\\NewsCRUD\\app\\Http\\Controllers\\Admin\\ArticleCrudController@index','2020-10-14 16:45:44','2020-10-14 16:45:44'),(35,'article.search','Backpack\\NewsCRUD\\app\\Http\\Controllers\\Admin\\ArticleCrudController@search','2020-10-14 16:45:47','2020-10-14 16:45:47'),(36,'article.create','Backpack\\NewsCRUD\\app\\Http\\Controllers\\Admin\\ArticleCrudController@create','2020-10-14 16:45:54','2020-10-14 16:45:54'),(37,'article.fetchCategory','Backpack\\NewsCRUD\\app\\Http\\Controllers\\Admin\\ArticleCrudController@fetchCategory','2020-10-14 16:46:01','2020-10-14 16:46:01'),(38,'elfinder.popup','Barryvdh\\Elfinder\\ElfinderController@showPopup','2020-10-14 16:46:15','2020-10-14 16:46:15'),(39,'elfinder.connector','Barryvdh\\Elfinder\\ElfinderController@showConnector','2020-10-14 16:46:21','2020-10-14 16:46:21'),(40,'article.fetchTags','Backpack\\NewsCRUD\\app\\Http\\Controllers\\Admin\\ArticleCrudController@fetchTags','2020-10-14 16:47:30','2020-10-14 16:47:30'),(41,'article.store','Backpack\\NewsCRUD\\app\\Http\\Controllers\\Admin\\ArticleCrudController@store','2020-10-14 16:47:47','2020-10-14 16:47:47'),(42,'/homepage','App\\Http\\Controllers\\HomeController@homepage','2020-10-14 17:11:25','2020-10-14 17:11:25'),(43,'/document','App\\Http\\Controllers\\HomeController@document','2020-10-14 17:13:39','2020-10-14 17:13:39'),(44,'/news','App\\Http\\Controllers\\HomeController@news','2020-10-14 17:13:43','2020-10-14 17:13:43'),(45,'/contact_us','App\\Http\\Controllers\\HomeController@contactUs','2020-10-14 17:18:13','2020-10-14 17:18:13'),(46,'page.index','\\Backpack\\PageManager\\app\\Http\\Controllers\\Admin\\PageCrudController@index','2020-10-14 18:20:43','2020-10-14 18:20:43'),(47,'page.search','\\Backpack\\PageManager\\app\\Http\\Controllers\\Admin\\PageCrudController@search','2020-10-14 18:20:46','2020-10-14 18:20:46'),(48,'page.edit','\\Backpack\\PageManager\\app\\Http\\Controllers\\Admin\\PageCrudController@edit','2020-10-14 18:21:32','2020-10-14 18:21:32'),(49,'page.update','\\Backpack\\PageManager\\app\\Http\\Controllers\\Admin\\PageCrudController@update','2020-10-14 18:21:58','2020-10-14 18:21:58'),(50,'page.clone','\\Backpack\\PageManager\\app\\Http\\Controllers\\Admin\\PageCrudController@clone','2020-10-14 18:25:10','2020-10-14 18:25:10'),(51,'setting.edit','Backpack\\Settings\\app\\Http\\Controllers\\SettingCrudController@edit','2020-10-14 18:41:05','2020-10-14 18:41:05'),(52,'setting.update','Backpack\\Settings\\app\\Http\\Controllers\\SettingCrudController@update','2020-10-14 18:42:11','2020-10-14 18:42:11'),(53,'/saveContact','App\\Http\\Controllers\\HomeController@saveContact','2020-10-14 19:38:22','2020-10-14 19:38:22'),(54,'contact_us.index','App\\Http\\Controllers\\Admin\\ContactUsCrudController@index','2020-10-14 19:46:45','2020-10-14 19:46:45'),(55,'contact_us.search','App\\Http\\Controllers\\Admin\\ContactUsCrudController@search','2020-10-14 19:46:48','2020-10-14 19:46:48'),(56,'contact_us.edit','App\\Http\\Controllers\\Admin\\ContactUsCrudController@edit','2020-10-14 19:46:54','2020-10-14 19:46:54'),(57,'/forgot-password','App\\Http\\Controllers\\HomeController@forgotPassword','2020-10-14 20:37:49','2020-10-14 20:37:49'),(58,'user.index','Backpack\\PermissionManager\\app\\Http\\Controllers\\UserCrudController@index','2020-10-15 09:18:26','2020-10-15 09:18:26'),(59,'user.search','Backpack\\PermissionManager\\app\\Http\\Controllers\\UserCrudController@search','2020-10-15 09:18:31','2020-10-15 09:18:31'),(60,'user.edit','Backpack\\PermissionManager\\app\\Http\\Controllers\\UserCrudController@edit','2020-10-15 09:39:04','2020-10-15 09:39:04'),(61,'/register','App\\Http\\Controllers\\HomeController@register','2020-10-15 10:25:23','2020-10-15 10:25:23'),(62,'lender.show','App\\Http\\Controllers\\Admin\\LenderCrudController@show','2020-10-15 10:53:13','2020-10-15 10:53:13'),(63,'lender.create','App\\Http\\Controllers\\Admin\\LenderCrudController@create','2020-10-15 11:03:07','2020-10-15 11:03:07'),(64,'article.show','Backpack\\NewsCRUD\\app\\Http\\Controllers\\Admin\\ArticleCrudController@show','2020-10-15 11:50:05','2020-10-15 11:50:05'),(65,'article.edit','Backpack\\NewsCRUD\\app\\Http\\Controllers\\Admin\\ArticleCrudController@edit','2020-10-15 11:50:20','2020-10-15 11:50:20'),(66,'category-inline-create','Backpack\\NewsCRUD\\app\\Http\\Controllers\\Admin\\CategoryCrudController@getInlineCreateModal','2020-10-15 11:51:14','2020-10-15 11:51:14'),(67,'log.show','Backpack\\LogManager\\app\\Http\\Controllers\\LogController@preview','2020-10-15 12:09:04','2020-10-15 12:09:04'),(68,'enquiry.index','App\\Http\\Controllers\\Admin\\EnquiryCrudController@index','2020-10-20 20:21:32','2020-10-20 20:21:32'),(69,'enquiry.search','App\\Http\\Controllers\\Admin\\EnquiryCrudController@search','2020-10-20 20:21:41','2020-10-20 20:21:41'),(70,'article.update','Backpack\\NewsCRUD\\app\\Http\\Controllers\\Admin\\ArticleCrudController@update','2020-10-24 20:25:07','2020-10-24 20:25:07'),(71,'/showDoc','App\\Http\\Controllers\\HomeController@showDoc','2020-10-24 21:10:06','2020-10-24 21:10:06'),(72,'/downloadDoc','App\\Http\\Controllers\\HomeController@downloadDoc','2020-10-24 22:00:53','2020-10-24 22:00:53'),(73,'user_document.index','App\\Http\\Controllers\\Admin\\UserDocumentCrudController@index','2020-10-24 22:16:54','2020-10-24 22:16:54'),(74,'user_document.search','App\\Http\\Controllers\\Admin\\UserDocumentCrudController@search','2020-10-24 22:16:57','2020-10-24 22:16:57'),(75,'user_document.show','App\\Http\\Controllers\\Admin\\UserDocumentCrudController@show','2020-10-24 22:27:31','2020-10-24 22:27:31'),(76,'/assignDate','App\\Http\\Controllers\\HomeController@assignDate','2020-10-25 21:56:38','2020-10-25 21:56:38'),(77,'/downloadDoc/{id}','App\\Http\\Controllers\\HomeController@downloadDoc','2020-10-25 22:22:59','2020-10-25 22:22:59'),(78,'/saveRegister','App\\Http\\Controllers\\HomeController@saveRegister','2020-10-26 18:37:41','2020-10-26 18:37:41'),(79,'backup.index','Backpack\\BackupManager\\app\\Http\\Controllers\\BackupController@index','2020-10-27 14:55:19','2020-10-27 14:55:19'),(80,'backup.store','Backpack\\BackupManager\\app\\Http\\Controllers\\BackupController@create','2020-10-27 14:55:23','2020-10-27 14:55:23'),(81,'/send_mail','App\\Http\\Controllers\\HomeController@sendMail','2020-10-27 15:15:29','2020-10-27 15:15:29'),(82,'enquiry.show','App\\Http\\Controllers\\Admin\\EnquiryCrudController@show','2020-10-27 17:56:22','2020-10-27 17:56:22'),(83,'/saveForgot','App\\Http\\Controllers\\HomeController@saveForgot','2020-10-27 17:57:56','2020-10-27 17:57:56'),(84,'/change_password','App\\Http\\Controllers\\HomeController@changePassword','2020-10-27 17:58:00','2020-10-27 17:58:00'),(85,'/saveChangePassword','App\\Http\\Controllers\\HomeController@saveChangePassword','2020-10-27 18:14:55','2020-10-27 18:14:55'),(86,'banking_arrangment.index','App\\Http\\Controllers\\Admin\\BankingArrangmentCrudController@index','2020-10-28 15:01:39','2020-10-28 15:01:39'),(87,'banking_arrangment.search','App\\Http\\Controllers\\Admin\\BankingArrangmentCrudController@search','2020-10-28 15:01:43','2020-10-28 15:01:43'),(88,'banking_arrangment.reorder','App\\Http\\Controllers\\Admin\\BankingArrangmentCrudController@reorder','2020-10-28 15:01:47','2020-10-28 15:01:47'),(89,'banking_arrangment.save.reorder','App\\Http\\Controllers\\Admin\\BankingArrangmentCrudController@saveReorder','2020-10-28 15:01:54','2020-10-28 15:01:54'),(90,'lender_banking.index','App\\Http\\Controllers\\Admin\\LenderBankingCrudController@index','2020-10-28 15:09:12','2020-10-28 15:09:12'),(91,'lender_banking.search','App\\Http\\Controllers\\Admin\\LenderBankingCrudController@search','2020-10-28 15:10:47','2020-10-28 15:10:47'),(92,'lender_banking.create','App\\Http\\Controllers\\Admin\\LenderBankingCrudController@create','2020-10-28 15:11:10','2020-10-28 15:11:10'),(93,'lender_banking.edit','App\\Http\\Controllers\\Admin\\LenderBankingCrudController@edit','2020-10-28 16:19:29','2020-10-28 16:19:29'),(94,'lender_banking.update','App\\Http\\Controllers\\Admin\\LenderBankingCrudController@update','2020-10-28 16:19:36','2020-10-28 16:19:36'),(95,'category.edit','Backpack\\NewsCRUD\\app\\Http\\Controllers\\Admin\\CategoryCrudController@edit','2020-10-28 17:20:30','2020-10-28 17:20:30'),(96,'category.update','Backpack\\NewsCRUD\\app\\Http\\Controllers\\Admin\\CategoryCrudController@update','2020-10-28 17:20:59','2020-10-28 17:20:59'),(97,'user_login.index','App\\Http\\Controllers\\Admin\\UserLoginCrudController@index','2020-10-28 20:02:57','2020-10-28 20:02:57'),(98,'user_login.search','App\\Http\\Controllers\\Admin\\UserLoginCrudController@search','2020-10-28 20:03:03','2020-10-28 20:03:03'),(99,'elfinder.ckeditor','Barryvdh\\Elfinder\\ElfinderController@showCKeditor4','2020-10-30 15:53:49','2020-10-30 15:53:49'),(100,'elfinder.index','Barryvdh\\Elfinder\\ElfinderController@showIndex','2020-10-30 16:30:19','2020-10-30 16:30:19'),(101,'lender_type.index','App\\Http\\Controllers\\Admin\\LenderTypeCrudController@index','2020-10-31 14:22:24','2020-10-31 14:22:24'),(102,'lender_type.search','App\\Http\\Controllers\\Admin\\LenderTypeCrudController@search','2020-10-31 14:22:35','2020-10-31 14:22:35'),(103,'/login-otp','App\\Http\\Controllers\\HomeController@loginOtp','2020-10-31 19:23:50','2020-10-31 19:23:50'),(104,'/saveLoginOtp','App\\Http\\Controllers\\HomeController@saveLoginOtp','2020-10-31 19:25:33','2020-10-31 19:25:33'),(105,'user.update','Backpack\\PermissionManager\\app\\Http\\Controllers\\UserCrudController@update','2020-11-02 13:43:56','2020-11-02 13:43:56'),(106,'user_login.show','App\\Http\\Controllers\\Admin\\UserLoginCrudController@show','2020-11-02 13:51:35','2020-11-02 13:51:35'),(107,'role.index','Backpack\\PermissionManager\\app\\Http\\Controllers\\RoleCrudController@index','2020-11-02 13:51:49','2020-11-02 13:51:49'),(108,'role.search','Backpack\\PermissionManager\\app\\Http\\Controllers\\RoleCrudController@search','2020-11-02 13:51:51','2020-11-02 13:51:51'),(109,'instrument_type.index','App\\Http\\Controllers\\Admin\\InstrumentTypeCrudController@index','2020-11-05 11:30:00','2020-11-05 11:30:00'),(110,'instrument_type.search','App\\Http\\Controllers\\Admin\\InstrumentTypeCrudController@search','2020-11-05 11:30:04','2020-11-05 11:30:04'),(111,'facility_type.index','App\\Http\\Controllers\\Admin\\FacilityTypeCrudController@index','2020-11-05 11:30:12','2020-11-05 11:30:12'),(112,'facility_type.search','App\\Http\\Controllers\\Admin\\FacilityTypeCrudController@search','2020-11-05 11:30:15','2020-11-05 11:30:15'),(113,'asset_class.index','App\\Http\\Controllers\\Admin\\AssetClassCrudController@index','2020-11-05 11:30:37','2020-11-05 11:30:37'),(114,'asset_class.search','App\\Http\\Controllers\\Admin\\AssetClassCrudController@search','2020-11-05 11:30:40','2020-11-05 11:30:40'),(115,'document_category.index','App\\Http\\Controllers\\Admin\\DocumentCategoryCrudController@index','2020-11-05 11:30:44','2020-11-05 11:30:44'),(116,'document_category.search','App\\Http\\Controllers\\Admin\\DocumentCategoryCrudController@search','2020-11-05 11:30:46','2020-11-05 11:30:46'),(117,'document.create','App\\Http\\Controllers\\Admin\\DocumentCrudController@create','2020-11-05 12:53:54','2020-11-05 12:53:54'),(118,'document_category.edit','App\\Http\\Controllers\\Admin\\DocumentCategoryCrudController@edit','2020-11-05 12:54:39','2020-11-05 12:54:39'),(119,'email_sms.index','App\\Http\\Controllers\\Admin\\EmailSMSCrudController@index','2020-11-05 12:57:04','2020-11-05 12:57:04'),(120,'email_sms.search','App\\Http\\Controllers\\Admin\\EmailSMSCrudController@search','2020-11-05 12:57:06','2020-11-05 12:57:06'),(121,'document_category.update','App\\Http\\Controllers\\Admin\\DocumentCategoryCrudController@update','2020-11-05 13:11:06','2020-11-05 13:11:06'),(122,'/downloadFile/{id}','App\\Http\\Controllers\\HomeController@downloadFile','2020-11-05 20:19:12','2020-11-05 20:19:12'),(123,'user_pdf.index','App\\Http\\Controllers\\Admin\\UserPDFCrudController@index','2020-11-05 20:26:19','2020-11-05 20:26:19'),(124,'user_pdf.search','App\\Http\\Controllers\\Admin\\UserPDFCrudController@search','2020-11-05 20:28:49','2020-11-05 20:28:49'),(125,'user_pdf.show','App\\Http\\Controllers\\Admin\\UserPDFCrudController@show','2020-11-05 20:30:07','2020-11-05 20:30:07'),(126,'/change_query','App\\Http\\Controllers\\HomeController@changeQuery','2020-11-06 16:03:36','2020-11-06 16:03:36'),(127,'enquiry.edit','App\\Http\\Controllers\\Admin\\EnquiryCrudController@edit','2020-11-07 13:21:05','2020-11-07 13:21:05'),(128,'document_category.create','App\\Http\\Controllers\\Admin\\DocumentCategoryCrudController@create','2020-11-09 11:12:30','2020-11-09 11:12:30'),(129,'document_category.show','App\\Http\\Controllers\\Admin\\DocumentCategoryCrudController@show','2020-11-09 11:16:00','2020-11-09 11:16:00'),(130,'document_category.reorder','App\\Http\\Controllers\\Admin\\DocumentCategoryCrudController@reorder','2020-11-09 11:18:27','2020-11-09 11:18:27'),(131,'document_category.store','App\\Http\\Controllers\\Admin\\DocumentCategoryCrudController@store','2020-11-09 11:19:32','2020-11-09 11:19:32'),(132,'document_category.save.reorder','App\\Http\\Controllers\\Admin\\DocumentCategoryCrudController@saveReorder','2020-11-09 11:21:36','2020-11-09 11:21:36'),(133,'document.store','App\\Http\\Controllers\\Admin\\DocumentCrudController@store','2020-11-09 11:26:35','2020-11-09 11:26:35'),(134,'permission.index','Backpack\\PermissionManager\\app\\Http\\Controllers\\PermissionCrudController@index','2020-11-09 11:44:22','2020-11-09 11:44:22'),(135,'permission.search','Backpack\\PermissionManager\\app\\Http\\Controllers\\PermissionCrudController@search','2020-11-09 11:44:24','2020-11-09 11:44:24'),(136,'permission.edit','Backpack\\PermissionManager\\app\\Http\\Controllers\\PermissionCrudController@edit','2020-11-09 11:44:32','2020-11-09 11:44:32');
/*!40000 ALTER TABLE `tracker_routes` ENABLE KEYS */;
UNLOCK TABLES;
DROP TABLE IF EXISTS `tracker_sessions`;
/*!40101 SET @saved_cs_client     = @@character_set_client */;
/*!40101 SET character_set_client = utf8 */;
CREATE TABLE `tracker_sessions` (
  `id` bigint(20) unsigned NOT NULL AUTO_INCREMENT,
  `uuid` varchar(191) NOT NULL,
  `user_id` bigint(20) unsigned DEFAULT NULL,
  `device_id` bigint(20) unsigned DEFAULT NULL,
  `agent_id` bigint(20) unsigned DEFAULT NULL,
  `client_ip` varchar(191) NOT NULL,
  `referer_id` bigint(20) unsigned DEFAULT NULL,
  `cookie_id` bigint(20) unsigned DEFAULT NULL,
  `geoip_id` bigint(20) unsigned DEFAULT NULL,
  `is_robot` tinyint(1) NOT NULL,
  `created_at` timestamp NULL DEFAULT NULL,
  `updated_at` timestamp NULL DEFAULT NULL,
  `language_id` bigint(20) unsigned DEFAULT NULL,
  PRIMARY KEY (`id`),
  UNIQUE KEY `tracker_sessions_uuid_unique` (`uuid`),
  KEY `tracker_sessions_created_at_index` (`created_at`),
  KEY `tracker_sessions_updated_at_index` (`updated_at`),
  KEY `tracker_sessions_user_id_index` (`user_id`),
  KEY `tracker_sessions_device_id_index` (`device_id`),
  KEY `tracker_sessions_agent_id_index` (`agent_id`),
  KEY `tracker_sessions_client_ip_index` (`client_ip`),
  KEY `tracker_sessions_referer_id_index` (`referer_id`),
  KEY `tracker_sessions_cookie_id_index` (`cookie_id`),
  KEY `tracker_sessions_geoip_id_index` (`geoip_id`),
  KEY `tracker_sessions_language_id_index` (`language_id`)
) ENGINE=MyISAM AUTO_INCREMENT=290 DEFAULT CHARSET=latin1;
/*!40101 SET character_set_client = @saved_cs_client */;

LOCK TABLES `tracker_sessions` WRITE;
/*!40000 ALTER TABLE `tracker_sessions` DISABLE KEYS */;
INSERT INTO `tracker_sessions` VALUES (1,'40a30d03-04c1-4c20-886f-2c4e30384a59',NULL,1,1,'183.83.43.120',1,NULL,NULL,0,'2020-10-13 20:02:48','2020-10-13 20:27:21',1),(2,'f6d23d24-551a-48fb-b8a3-180e6e639666',NULL,1,1,'183.83.43.120',2,NULL,NULL,0,'2020-10-13 21:21:29','2020-10-13 21:27:08',1),(3,'453aae6a-e344-4d3e-ac24-2abbaf78ac3a',NULL,1,1,'183.83.42.31',3,NULL,NULL,0,'2020-10-13 23:33:15','2020-10-14 00:31:50',1),(4,'146c45dd-1c94-4471-b3cd-4a3ed8b8ec80',NULL,1,1,'183.83.43.208',4,NULL,NULL,0,'2020-10-14 09:34:59','2020-10-14 10:34:44',1),(5,'09454cfd-0f44-4ce5-8714-c356f306461b',NULL,1,1,'183.83.43.112',4,NULL,NULL,0,'2020-10-14 11:26:16','2020-10-14 11:26:16',1),(6,'8983d0d3-c0ba-4989-8573-d89a920e30a6',NULL,1,1,'183.83.43.112',3,NULL,NULL,0,'2020-10-14 12:12:36','2020-10-14 13:39:56',1),(7,'57a1ec88-23a7-4ada-aa22-8cc55ed17bbb',NULL,1,1,'183.83.43.112',8,NULL,NULL,0,'2020-10-14 13:11:46','2020-10-14 13:13:16',2),(8,'6f56714a-61d0-4b62-9b6e-9b3f7df7ef92',NULL,1,1,'183.83.43.112',10,NULL,NULL,0,'2020-10-14 15:38:13','2020-10-14 15:44:20',1),(9,'4c4fa48d-425a-43b5-98c6-4761913480c9',NULL,1,1,'183.83.43.112',3,NULL,NULL,0,'2020-10-14 16:29:59','2020-10-14 17:37:52',1),(10,'94c1c3e9-35c9-4838-b7d1-260df0ced3ac',NULL,1,1,'183.83.43.112',2,NULL,NULL,0,'2020-10-14 18:20:17','2020-10-14 20:40:28',1),(11,'f8df9560-0d2d-433b-aa33-f8190e259697',NULL,1,1,'183.83.43.112',30,NULL,NULL,0,'2020-10-14 19:44:59','2020-10-14 20:01:39',2),(12,'add518f6-4d6b-4b82-a008-8d0fd5b453d7',NULL,1,1,'183.83.42.135',11,NULL,NULL,0,'2020-10-15 09:04:49','2020-10-15 10:02:02',1),(13,'71153382-22b3-4cb1-899e-2d85c3fef53b',NULL,1,2,'223.190.23.96',4,NULL,NULL,0,'2020-10-15 09:32:32','2020-10-15 12:00:55',3),(14,'06b18e86-1d66-40da-92fc-5db38bd41ed8',NULL,1,1,'59.144.35.242',2,NULL,NULL,0,'2020-10-15 10:07:33','2020-10-15 10:08:35',3),(15,'cb672ebb-f721-4458-8c3a-64de45028f26',NULL,1,2,'59.144.35.242',40,NULL,NULL,0,'2020-10-15 11:04:30','2020-10-15 12:09:22',3),(16,'26e62801-5542-45c4-aae6-225c80f48f2d',NULL,1,1,'157.37.60.130',21,NULL,NULL,0,'2020-10-15 11:41:37','2020-10-15 11:43:14',1),(17,'600ff9b9-ecef-4b4a-a2c3-8379733a37c5',NULL,1,1,'183.83.43.27',21,NULL,NULL,0,'2020-10-15 13:00:39','2020-10-15 13:00:39',1),(18,'747821fa-d867-46e5-a524-72a98f831139',NULL,1,1,'183.83.42.109',43,NULL,NULL,0,'2020-10-20 20:20:26','2020-10-20 20:42:41',2),(19,'c3aa8059-431b-444a-a2f6-968f96c45199',NULL,1,1,'183.83.42.109',2,NULL,NULL,0,'2020-10-20 21:19:17','2020-10-20 21:33:46',1),(20,'bb60239c-1f72-4ed5-b133-fd288467b3e8',NULL,1,1,'59.144.35.242',NULL,NULL,NULL,0,'2020-10-21 14:55:31','2020-10-21 14:55:31',3),(21,'a942735c-a11d-445c-a07a-2b6b2fc6cf6d',NULL,1,1,'59.144.35.242',2,NULL,NULL,0,'2020-10-21 14:55:31','2020-10-21 15:05:05',3),(22,'3823d1fb-5d71-4edc-9395-1b9607c0e2da',NULL,1,1,'183.83.42.45',2,NULL,NULL,0,'2020-10-21 15:51:11','2020-10-21 15:51:11',1),(23,'840f0d25-5702-46ae-8cd0-0716fd160436',NULL,1,1,'59.144.35.242',NULL,NULL,NULL,0,'2020-10-21 16:09:04','2020-10-21 16:12:37',3),(24,'a725b2e3-7754-4825-8927-513d561f05a8',NULL,1,1,'183.83.42.45',4,NULL,NULL,0,'2020-10-21 19:09:36','2020-10-21 20:37:34',1),(25,'9fda775f-7ddc-4e4b-9db0-0070989a6eaf',NULL,1,3,'3.15.182.168',NULL,NULL,NULL,0,'2020-10-21 19:25:23','2020-10-21 19:25:23',4),(26,'1f2a7306-8d95-4a82-86f3-d3844e4abe7d',NULL,1,3,'3.15.182.168',NULL,NULL,NULL,0,'2020-10-21 19:25:25','2020-10-21 19:25:25',4),(27,'68b12131-2493-4197-83c0-d0af29890e2d',NULL,1,1,'183.83.43.31',4,NULL,NULL,0,'2020-10-21 23:26:06','2020-10-21 23:26:06',1),(28,'76fd769c-da92-4806-b64c-02f5d5e535b4',NULL,1,1,'223.179.128.57',NULL,NULL,NULL,0,'2020-10-22 16:55:35','2020-10-22 16:55:47',3),(29,'f1f74086-8358-4bc4-8d61-39286ebcadcd',NULL,1,1,'183.83.43.31',4,NULL,NULL,0,'2020-10-22 17:50:00','2020-10-22 17:50:00',1),(30,'309e3ce8-7932-46a3-8498-c5553e0cdf41',NULL,1,1,'223.179.128.57',4,NULL,NULL,0,'2020-10-22 18:11:49','2020-10-22 18:38:53',3),(31,'4df17375-e5f6-40e4-aa65-4fd13312851d',NULL,1,1,'223.179.128.57',4,NULL,NULL,0,'2020-10-23 10:30:42','2020-10-23 10:32:21',3),(32,'408d35c8-fb57-402e-a966-8c3406336c38',NULL,1,1,'183.83.43.154',NULL,NULL,NULL,0,'2020-10-23 10:51:30','2020-10-23 11:23:11',1),(33,'3e7dfba9-1a3f-4bc3-b0ef-5e87a2ef4132',NULL,1,1,'183.83.43.154',2,NULL,NULL,0,'2020-10-23 12:15:50','2020-10-23 12:15:50',1),(34,'9763f212-3bcb-4a82-a298-d730fabb9a6b',NULL,1,1,'223.179.128.57',4,NULL,NULL,0,'2020-10-23 12:47:26','2020-10-23 13:05:24',3),(35,'a0b89bcb-e05b-4d81-a4fa-c599be4a5d84',NULL,1,1,'183.83.43.154',2,NULL,NULL,0,'2020-10-23 16:47:38','2020-10-23 16:47:38',1),(36,'251281b0-d0b5-4139-966a-0a48f6554d1a',NULL,1,1,'183.83.43.154',2,NULL,NULL,0,'2020-10-23 20:59:04','2020-10-23 20:59:04',1),(37,'7985523b-d0a9-45c4-a28e-8c894d72b33f',NULL,1,1,'183.83.43.154',4,NULL,NULL,0,'2020-10-23 22:02:30','2020-10-23 22:29:00',1),(38,'371dbfa5-df3a-4239-be00-97c5bb2a589f',NULL,2,4,'51.195.91.156',NULL,NULL,NULL,1,'2020-10-24 13:30:50','2020-10-24 13:30:50',5),(39,'67d989f2-10b5-4edb-b53c-737667103909',NULL,2,4,'185.220.101.2',NULL,NULL,NULL,1,'2020-10-24 13:30:53','2020-10-24 13:30:53',5),(40,'668c3eda-116d-4826-8ff6-51f339d46be0',NULL,2,4,'104.244.74.169',NULL,NULL,NULL,1,'2020-10-24 13:30:56','2020-10-24 13:30:56',5),(41,'772e499c-0db0-4409-9220-1637f1ee4b3f',NULL,1,5,'183.83.43.33',3,NULL,NULL,0,'2020-10-24 13:57:27','2020-10-24 13:57:30',1),(42,'83dc850e-4a84-4801-b606-96699ba8e121',NULL,1,5,'183.83.43.33',3,NULL,NULL,0,'2020-10-24 15:04:23','2020-10-24 15:29:42',1),(43,'97a56cf5-0dac-4086-a4e9-807705df5556',NULL,1,5,'183.83.43.33',4,NULL,NULL,0,'2020-10-24 16:28:44','2020-10-24 18:52:14',1),(44,'347bcd3e-7e45-4365-83fd-f35ffcdfd614',NULL,1,5,'183.83.43.33',21,NULL,NULL,0,'2020-10-24 17:00:35','2020-10-24 17:13:28',2),(45,'69776740-e9cd-454f-ba5c-0880a1f505e1',NULL,1,5,'183.83.43.33',NULL,NULL,NULL,0,'2020-10-24 17:37:11','2020-10-24 17:37:13',2),(46,'f099d18d-92de-48aa-8ebd-a122b4179251',NULL,1,5,'183.83.43.33',53,NULL,NULL,0,'2020-10-24 20:12:13','2020-10-24 22:37:37',1),(47,'8fd8e763-e7b1-45f0-82a7-b858915656fa',NULL,1,5,'183.83.43.118',4,NULL,NULL,0,'2020-10-25 21:24:33','2020-10-25 22:26:35',1),(48,'c20ea702-2564-47b6-9d40-da94d7956e2f',NULL,1,5,'223.179.128.57',4,NULL,NULL,0,'2020-10-26 10:25:23','2020-10-26 11:12:39',3),(49,'40a5f73f-2893-4f50-8bc7-ce18843d582a',NULL,1,5,'223.179.128.57',4,NULL,NULL,0,'2020-10-26 11:55:00','2020-10-26 11:55:03',3),(50,'b4f16ab2-1446-4cb8-960e-da027cb45160',NULL,1,5,'183.83.42.180',4,NULL,NULL,0,'2020-10-26 12:21:35','2020-10-26 12:35:57',1),(51,'3fbb49a6-5bc3-470d-82e1-b9ec9a667864',NULL,1,5,'183.83.42.180',4,NULL,NULL,0,'2020-10-26 13:20:37','2020-10-26 13:20:37',1),(52,'d5166fa0-b6f1-49cf-80ce-0da2a71501da',NULL,1,5,'183.83.42.180',4,NULL,NULL,0,'2020-10-26 14:43:11','2020-10-26 14:43:11',1),(53,'f6ef01b0-6136-4bc5-b6e2-89de8cedd5c0',NULL,1,5,'223.179.128.57',28,NULL,NULL,0,'2020-10-26 16:03:20','2020-10-26 16:13:38',3),(54,'e809aef7-4689-4909-9633-d20fca6a4110',NULL,1,5,'157.37.38.56',35,NULL,NULL,0,'2020-10-26 16:06:14','2020-10-26 18:43:34',1),(55,'4096a129-d6e5-4728-bc6e-8784b2b73292',NULL,1,5,'157.37.38.56',13,NULL,NULL,0,'2020-10-26 18:35:23','2020-10-26 18:43:22',2),(56,'5d8cc0c8-1c7c-4e8b-8f8f-9e7ba4b91d7c',NULL,1,5,'223.179.128.57',29,NULL,NULL,0,'2020-10-27 09:50:52','2020-10-27 10:35:58',3),(57,'cd347580-a811-4528-abbe-8e844e1d905c',NULL,1,5,'183.83.43.170',3,NULL,NULL,0,'2020-10-27 12:30:00','2020-10-27 14:02:54',1),(58,'a4d42533-dc98-4df9-b425-9d9ab9cd7762',NULL,1,5,'183.83.43.170',13,NULL,NULL,0,'2020-10-27 12:35:22','2020-10-27 12:39:18',2),(59,'7825a83a-89d3-4eda-84fb-4bbeea758528',NULL,1,5,'223.179.128.57',2,NULL,NULL,0,'2020-10-27 12:40:41','2020-10-27 12:40:41',3),(60,'7f0dc02e-3d1c-4934-af57-0abc792ee6e6',NULL,1,5,'183.83.43.170',NULL,NULL,NULL,0,'2020-10-27 13:55:58','2020-10-27 13:55:59',2),(61,'b1ed2f66-f1e9-400f-96ad-3a0628b6b77a',NULL,1,5,'183.83.43.170',4,NULL,NULL,0,'2020-10-27 14:49:27','2020-10-27 15:35:10',1),(62,'5642050e-5873-4437-b989-0b136538ae48',NULL,1,5,'183.83.43.170',63,NULL,NULL,0,'2020-10-27 14:49:36','2020-10-27 16:19:57',2),(63,'9a4fdb28-ae21-4c82-b92e-e44d054ecf8a',NULL,1,5,'183.83.43.170',NULL,NULL,NULL,0,'2020-10-27 16:55:06','2020-10-27 16:55:06',1),(64,'ad3b1b67-6028-49ff-aa7c-979ab1402b07',NULL,1,5,'183.83.43.170',NULL,NULL,NULL,0,'2020-10-27 17:41:01','2020-10-27 19:35:41',1),(65,'540298e3-2c5f-457c-8169-e9a899a1b51d',NULL,1,5,'59.144.35.242',29,NULL,NULL,0,'2020-10-27 17:44:19','2020-10-27 17:45:52',3),(66,'1ce6ebef-e50d-4f38-97dd-e3674a224ba2',NULL,1,5,'223.179.128.57',2,NULL,NULL,0,'2020-10-28 10:02:41','2020-10-28 10:02:41',3),(67,'60875010-2090-4d38-a249-5c996c848cad',NULL,1,5,'223.179.128.57',2,NULL,NULL,0,'2020-10-28 11:17:50','2020-10-28 11:18:33',3),(68,'72081549-ec2f-4b08-8c28-5237b4a25c1f',NULL,1,5,'223.179.128.57',60,NULL,NULL,0,'2020-10-28 12:25:48','2020-10-28 12:42:11',3),(69,'a78d0df8-da44-4780-b6d2-81c5be463f02',NULL,1,5,'171.79.186.161',3,NULL,NULL,0,'2020-10-28 12:26:24','2020-10-28 13:14:52',1),(70,'fefe6106-a565-447d-a708-ef106b0bb720',NULL,1,5,'183.83.42.54',4,NULL,NULL,0,'2020-10-28 13:56:22','2020-10-28 13:57:16',1),(71,'94753d53-5289-4741-a8fd-9b03e42ff446',NULL,1,5,'157.37.64.90',NULL,NULL,NULL,0,'2020-10-28 13:57:12','2020-10-28 14:23:22',2),(72,'52df08c9-2b87-4056-812d-d1716aff72ee',NULL,1,5,'157.37.20.62',NULL,NULL,NULL,0,'2020-10-28 14:04:01','2020-10-28 14:16:20',2),(73,'56a52d90-6ec5-4c89-9fad-54d614600880',NULL,1,5,'171.79.161.30',4,NULL,NULL,0,'2020-10-28 14:58:43','2020-10-28 18:05:36',1),(74,'10c9221b-b29e-4b85-95e5-03e4f39686c8',NULL,1,5,'223.179.128.57',NULL,NULL,NULL,0,'2020-10-28 15:17:45','2020-10-28 15:44:52',3),(75,'60ec0c62-91cd-4a82-a40c-6a9bf809a393',NULL,1,5,'157.37.22.180',NULL,NULL,NULL,0,'2020-10-28 15:47:05','2020-10-28 15:51:18',2),(76,'908aaed4-1566-46db-a61e-08ea59be8f54',NULL,1,5,'157.37.22.180',4,NULL,NULL,0,'2020-10-28 15:55:58','2020-10-28 15:56:20',2),(77,'d2a09a46-ed42-4637-9edb-aa0f5a401382',NULL,3,6,'157.37.54.48',NULL,NULL,NULL,0,'2020-10-28 16:41:53','2020-10-28 17:00:08',2),(78,'f9a409fe-8790-40eb-a96d-cdafa9113b95',NULL,1,5,'157.37.108.78',4,NULL,NULL,0,'2020-10-28 16:58:55','2020-10-28 20:03:21',2),(79,'4d9fc822-b02d-4093-8984-36446a795594',NULL,1,5,'59.144.35.242',81,NULL,NULL,0,'2020-10-28 17:16:14','2020-10-28 17:22:50',3),(80,'35fbe031-6002-415c-ae3b-4682e2bfbead',NULL,1,5,'183.83.42.34',3,NULL,NULL,0,'2020-10-28 19:02:51','2020-10-28 20:25:26',1),(81,'2124375a-bdc7-4115-969e-4fdf8d0f4558',NULL,1,5,'183.83.42.33',3,NULL,NULL,0,'2020-10-29 09:13:23','2020-10-29 09:13:34',1),(82,'1b63f2b9-9539-46f6-a0a6-c107a01e70a1',NULL,1,5,'183.83.43.150',71,NULL,NULL,0,'2020-10-29 10:38:03','2020-10-29 11:00:29',1),(83,'a4ee4595-3d63-4ace-a949-a1d43f225432',NULL,1,5,'183.83.42.121',3,NULL,NULL,0,'2020-10-29 13:11:42','2020-10-29 14:09:58',1),(84,'5df2206f-be05-4be0-9424-7fe85af264da',NULL,2,7,'183.83.42.121',NULL,NULL,NULL,1,'2020-10-29 13:35:44','2020-10-29 13:35:44',6),(85,'5dc22375-cd6f-4f79-92cc-0e163b5ad80a',NULL,2,7,'183.83.42.121',NULL,NULL,NULL,1,'2020-10-29 13:35:45','2020-10-29 13:35:45',6),(86,'2bf2782d-fdbe-4fa3-933e-dc7fab8cc161',NULL,2,7,'183.83.42.121',NULL,NULL,NULL,1,'2020-10-29 13:35:49','2020-10-29 13:35:49',6),(87,'9243e298-d85a-45d6-be10-b4d2afffa810',NULL,2,7,'183.83.42.121',NULL,NULL,NULL,1,'2020-10-29 13:35:50','2020-10-29 13:35:50',6),(88,'b1cce66b-ab2d-486d-b108-bf613873bc97',NULL,1,5,'49.36.153.24',NULL,NULL,NULL,0,'2020-10-29 14:21:25','2020-10-29 14:21:36',2),(89,'34de7a6f-92a4-4a8a-96d1-eb8d3bc26389',NULL,1,5,'49.36.153.24',4,NULL,NULL,0,'2020-10-29 14:21:26','2020-10-29 14:29:54',2),(90,'92bdd02e-198c-4865-b0e9-5ce87ace0f22',NULL,1,5,'183.83.42.121',NULL,NULL,NULL,0,'2020-10-29 14:53:11','2020-10-29 14:53:11',1),(91,'33d587af-c629-46c9-b718-87de004447dc',NULL,4,8,'183.83.42.121',4,NULL,NULL,0,'2020-10-29 15:18:06','2020-10-29 16:57:12',2),(92,'0d7c72c1-5553-455c-8c94-98ff638e2709',NULL,4,8,'183.83.42.121',NULL,NULL,NULL,0,'2020-10-29 15:25:59','2020-10-29 15:26:00',7),(93,'6e0cb04b-db97-40fa-9a74-3edf6ccb0c6d',NULL,1,5,'183.83.42.121',4,NULL,NULL,0,'2020-10-29 15:41:30','2020-10-29 16:15:10',1),(94,'4b8586d1-e422-4004-84a6-38be66aceb0f',NULL,1,5,'157.37.40.102',4,NULL,NULL,0,'2020-10-29 18:50:19','2020-10-29 19:43:38',2),(95,'8a02ba8f-f11b-47e2-a0df-fab4669c9b13',NULL,1,5,'157.37.40.102',NULL,NULL,NULL,0,'2020-10-29 18:55:09','2020-10-29 19:39:35',2),(96,'5a13c12b-6529-4031-885e-c4759ad0b74b',NULL,1,5,'59.144.35.242',35,NULL,NULL,0,'2020-10-30 10:34:25','2020-10-30 10:39:54',3),(97,'f1e95560-dccc-4b61-bdbf-fb7ae3f30c82',NULL,1,5,'59.144.35.242',4,NULL,NULL,0,'2020-10-30 11:21:59','2020-10-30 11:27:44',3),(98,'1b54a200-4161-448c-8da9-3e3561a8dde7',NULL,1,5,'157.37.6.236',3,NULL,NULL,0,'2020-10-30 11:51:51','2020-10-30 11:51:54',2),(99,'c0d2e9e2-b7b3-4150-922b-0dd10fa381d8',NULL,1,5,'157.37.114.204',NULL,NULL,NULL,0,'2020-10-30 11:52:14','2020-10-30 11:52:48',2),(100,'d1b78bac-2bbb-439e-b620-367e13d090ff',NULL,1,5,'183.83.43.128',NULL,NULL,NULL,0,'2020-10-30 12:57:25','2020-10-30 12:57:34',1),(101,'382581f7-9c5d-4f27-9e2c-d55d3c7d8c5e',NULL,1,5,'157.37.6.236',4,NULL,NULL,0,'2020-10-30 13:22:19','2020-10-30 13:39:58',2),(102,'e302d93f-c3c4-40b3-a242-121049541683',NULL,1,5,'183.83.43.128',NULL,NULL,NULL,0,'2020-10-30 13:49:41','2020-10-30 14:10:34',1),(103,'b07800a6-618c-4eda-9bcc-bced0d0779c7',NULL,3,6,'157.37.114.204',4,NULL,NULL,0,'2020-10-30 14:19:39','2020-10-30 17:45:26',2),(104,'5435d7a3-8212-4ed7-85a9-3080a94ea50f',NULL,1,5,'183.83.43.128',21,NULL,NULL,0,'2020-10-30 15:46:23','2020-10-30 17:39:59',1),(105,'ebd72bfd-2fba-4035-b391-1b991d8ff507',NULL,1,5,'183.83.43.128',21,NULL,NULL,0,'2020-10-30 18:39:58','2020-10-30 18:40:04',1),(106,'7f26c717-70c5-4941-8025-ed63c4414160',NULL,1,5,'49.36.153.24',35,NULL,NULL,0,'2020-10-31 13:19:01','2020-10-31 14:57:45',2),(107,'687eb34d-720a-4b5f-aa65-a90b5c90fa9f',NULL,2,9,'157.47.222.208',NULL,NULL,NULL,1,'2020-10-31 13:23:36','2020-10-31 13:23:36',6),(108,'37a7d695-aa3e-47d9-89af-b5ded4041a69',NULL,2,9,'157.47.222.208',NULL,NULL,NULL,1,'2020-10-31 13:23:37','2020-10-31 13:23:37',6),(109,'89a6fc52-0fa0-4177-ae4f-16ee58c160d9',NULL,1,5,'157.37.50.92',NULL,NULL,NULL,0,'2020-10-31 13:34:49','2020-10-31 13:45:05',2),(110,'17728e35-0978-4e3a-90fb-92ae3de4dfb8',NULL,1,5,'59.144.35.242',NULL,NULL,NULL,0,'2020-10-31 13:40:03','2020-10-31 13:44:13',3),(111,'e5166a39-60ad-4f47-89a3-81f93266ced2',NULL,1,5,'157.37.70.56',3,NULL,NULL,0,'2020-10-31 13:46:19','2020-10-31 13:47:15',2),(112,'0c717c4c-4e73-4618-adac-ffb947dab511',NULL,1,10,'49.44.87.6',89,NULL,NULL,0,'2020-10-31 14:23:20','2020-10-31 14:23:22',2),(113,'91aaf763-93c9-40d6-8bbd-7e9bd1425bd7',NULL,1,5,'157.37.70.56',3,NULL,NULL,0,'2020-10-31 14:43:30','2020-10-31 15:18:10',2),(114,'c6e953ec-9189-4ba9-83e5-49c7877b5f0b',NULL,1,5,'223.179.128.57',NULL,NULL,NULL,0,'2020-10-31 14:51:48','2020-10-31 14:52:02',3),(115,'89484a28-9759-4075-a300-cce1a4e51730',NULL,1,5,'157.37.50.92',4,NULL,NULL,0,'2020-10-31 16:19:16','2020-10-31 16:58:06',2),(116,'b42c1b67-b4f7-4abb-81ce-573665c1e3ce',NULL,1,5,'157.47.246.47',NULL,NULL,NULL,0,'2020-10-31 17:47:44','2020-10-31 18:35:17',2),(117,'9abfb984-e945-43e9-ad07-305b86719010',NULL,4,8,'183.83.42.7',3,NULL,NULL,0,'2020-10-31 17:57:13','2020-10-31 18:24:24',7),(118,'33bd4754-7f24-442c-95ea-6f3039e8eae6',NULL,2,11,'42.107.233.0',NULL,NULL,NULL,1,'2020-10-31 18:11:47','2020-10-31 18:11:47',6),(119,'82fd1cb0-9beb-4cbd-aef6-e307445c7a6a',NULL,2,11,'42.107.233.0',NULL,NULL,NULL,1,'2020-10-31 18:11:49','2020-10-31 18:11:49',6),(120,'631e4f18-e299-4f31-8565-b4296fdb6dbc',NULL,4,8,'183.83.42.7',20,NULL,NULL,0,'2020-10-31 18:15:03','2020-10-31 18:24:33',2),(121,'325853f1-c508-4979-9344-6067843be18c',NULL,1,5,'183.83.42.7',NULL,NULL,NULL,0,'2020-10-31 18:16:13','2020-10-31 18:16:14',1),(122,'41b7c13a-3449-454a-b450-35b5800a9be0',NULL,4,8,'183.83.42.7',34,NULL,NULL,0,'2020-10-31 19:13:34','2020-10-31 19:30:59',7),(123,'c5a4de5a-d3fc-41a7-85bb-aa6a1f11e721',NULL,1,5,'183.83.42.7',NULL,NULL,NULL,0,'2020-10-31 19:31:03','2020-10-31 20:42:37',1),(124,'9f9d8db8-3a74-4d5b-98e1-8c9d8f3e49f4',NULL,3,6,'157.47.247.96',NULL,NULL,NULL,0,'2020-10-31 19:36:37','2020-10-31 20:03:18',2),(125,'e252612d-6bf2-4979-a95b-157b5fce4dfd',NULL,1,5,'157.47.247.96',NULL,NULL,NULL,0,'2020-10-31 19:36:41','2020-10-31 19:37:46',2),(126,'59fdf085-fa6b-49b2-9392-42edcc83ed41',NULL,1,5,'157.47.251.180',4,NULL,NULL,0,'2020-11-01 13:25:10','2020-11-01 14:48:03',2),(127,'5f26a73b-eaa5-42b0-b435-559cfc83176a',NULL,1,5,'183.83.43.95',NULL,NULL,NULL,0,'2020-11-01 15:00:09','2020-11-01 15:00:09',1),(128,'1b783be6-8288-4008-8393-8ed054a22f15',NULL,1,5,'157.47.234.209',4,NULL,NULL,0,'2020-11-01 17:41:29','2020-11-01 18:18:19',2),(129,'35dff01f-1897-41cd-b68f-b0d7c4b588a1',NULL,1,5,'157.47.248.43',90,NULL,NULL,0,'2020-11-02 08:19:24','2020-11-02 08:24:02',2),(130,'1cb136ad-9f9b-4cd4-af33-2b58851e14dc',NULL,1,5,'157.47.229.53',NULL,NULL,NULL,0,'2020-11-02 08:53:22','2020-11-02 10:22:01',2),(131,'86f6757a-317d-4b53-b487-477adfca3b8f',NULL,1,5,'157.47.248.43',NULL,NULL,NULL,0,'2020-11-02 09:39:57','2020-11-02 09:40:06',2),(132,'70ba0552-e44f-4d98-9c69-8a95b4d66a50',NULL,1,5,'59.144.35.242',14,NULL,NULL,0,'2020-11-02 12:56:30','2020-11-02 13:22:48',3),(133,'5446bae9-53f2-463b-bdcb-c1ca12e07556',NULL,4,8,'183.83.42.111',32,NULL,NULL,0,'2020-11-02 13:39:20','2020-11-02 13:52:46',7),(134,'2097bd38-7d52-45f2-b7a9-f07358cccb86',NULL,1,5,'157.47.231.53',4,NULL,NULL,0,'2020-11-02 13:42:26','2020-11-02 14:13:58',2),(135,'3acc2663-6f51-4590-997c-ee5bc148c161',NULL,4,8,'183.83.42.111',4,NULL,NULL,0,'2020-11-02 13:42:50','2020-11-02 13:51:14',2),(136,'39ec0d19-e1ac-4b4a-9e82-6c65447878c3',NULL,1,5,'157.47.231.53',NULL,NULL,NULL,0,'2020-11-02 14:02:46','2020-11-02 14:02:48',2),(137,'a96d55f6-5add-4fd4-b32a-e83e53f4f4b0',NULL,1,5,'157.47.231.53',NULL,NULL,NULL,0,'2020-11-02 14:08:40','2020-11-02 14:09:13',2),(138,'fdb02c38-87d3-4fcf-9506-8868d5006bb9',NULL,1,5,'157.47.231.53',4,NULL,NULL,0,'2020-11-02 14:15:59','2020-11-02 16:34:01',2),(139,'c1c8f38b-2739-482b-815c-a1b8386b0f49',NULL,1,5,'59.144.35.242',NULL,NULL,NULL,0,'2020-11-02 14:16:36','2020-11-02 14:28:17',3),(140,'abf1c21d-37ed-4715-a524-02b81401cc15',NULL,1,5,'157.47.231.53',NULL,NULL,NULL,0,'2020-11-02 14:23:13','2020-11-02 14:25:18',2),(141,'21214e03-871f-4497-97fa-412e3f1897b4',NULL,1,5,'157.47.231.53',2,NULL,NULL,0,'2020-11-02 15:27:28','2020-11-02 15:36:26',2),(142,'6ba2ff79-f220-4d94-a049-a2bd8787a2b0',NULL,1,5,'59.144.35.242',4,NULL,NULL,0,'2020-11-02 16:00:02','2020-11-02 16:00:27',3),(143,'2e191523-68b5-4c40-9d54-37ce86045493',NULL,3,6,'157.47.231.53',NULL,NULL,NULL,0,'2020-11-02 17:09:50','2020-11-02 18:55:13',2),(144,'6ed5d340-9bf4-4140-8641-6daf974af76a',NULL,1,5,'157.47.231.53',NULL,NULL,NULL,0,'2020-11-02 17:51:13','2020-11-02 17:51:25',2),(145,'14d9d8e7-de3d-471b-aa27-228986bbe7a9',NULL,1,5,'157.47.231.53',4,NULL,NULL,0,'2020-11-02 20:17:56','2020-11-02 20:26:51',2),(146,'adc83600-8074-454e-9cf9-78d04fb6e078',NULL,1,5,'59.144.35.242',NULL,NULL,NULL,0,'2020-11-03 10:07:33','2020-11-03 13:24:47',3),(147,'b421eab2-8f2f-474c-b842-bd238fc90951',NULL,1,5,'157.47.231.217',4,NULL,NULL,0,'2020-11-03 10:32:01','2020-11-03 10:42:18',2),(148,'d0bc6fdb-f90e-4b54-a14f-00ce448ac8e9',NULL,1,5,'157.47.226.101',3,NULL,NULL,0,'2020-11-03 12:59:11','2020-11-03 14:13:22',2),(149,'3b8a673e-45ba-4152-97ad-39e2ea3b71e9',NULL,1,5,'157.47.226.101',NULL,NULL,NULL,0,'2020-11-03 14:40:55','2020-11-03 16:28:14',2),(150,'e8e6a7fc-09f4-4f22-a5aa-7b59f4776443',NULL,1,5,'157.47.226.101',NULL,NULL,NULL,0,'2020-11-03 16:00:56','2020-11-03 16:00:58',2),(151,'4d9c01c4-1419-45e2-92f1-910e4ee48cf7',NULL,1,5,'27.58.19.25',NULL,NULL,NULL,0,'2020-11-03 16:20:13','2020-11-03 16:20:15',3),(152,'30d7b110-e391-415b-91c8-efd69760c91d',NULL,1,5,'59.144.35.242',NULL,NULL,NULL,0,'2020-11-03 17:13:13','2020-11-03 17:13:14',3),(153,'ae7865f3-4e79-4a58-a5a2-6ef86bc6f7b5',NULL,1,5,'183.83.43.34',20,NULL,NULL,0,'2020-11-03 18:33:39','2020-11-03 18:47:23',1),(154,'c6e974e0-ed23-48a6-ad35-a49481c51598',NULL,1,5,'157.47.254.125',3,NULL,NULL,0,'2020-11-03 18:43:42','2020-11-03 19:34:16',2),(155,'c7963c7e-3081-454e-b9a2-0a0031fef44e',NULL,1,5,'183.83.43.34',21,NULL,NULL,0,'2020-11-03 20:45:04','2020-11-03 20:45:04',1),(156,'10d553b7-eb31-4ad4-88e4-7b4f514aabc0',NULL,1,5,'157.47.247.203',4,NULL,NULL,0,'2020-11-03 21:09:54','2020-11-04 00:07:56',2),(157,'b9e8537b-0995-4d76-b8fc-2958a5f2ddf5',NULL,1,5,'59.144.35.242',4,NULL,NULL,0,'2020-11-04 10:14:12','2020-11-04 11:18:51',3),(158,'4587a296-9d8e-44c6-b51c-ac84c29add39',NULL,1,5,'157.47.231.80',4,NULL,NULL,0,'2020-11-04 10:18:21','2020-11-04 10:36:20',2),(159,'f10da424-9a6a-4622-a67b-18aeadfbda63',NULL,1,5,'157.47.231.80',NULL,NULL,NULL,0,'2020-11-04 11:09:30','2020-11-04 11:09:47',2),(160,'ecc04681-e0bf-4cef-a191-d2af4e362fb6',NULL,3,6,'157.47.231.80',4,NULL,NULL,0,'2020-11-04 11:43:03','2020-11-04 12:07:13',2),(161,'0b701dc2-419e-4cea-86fe-2ffb9c71bdf1',NULL,1,5,'157.47.231.80',NULL,NULL,NULL,0,'2020-11-04 13:00:18','2020-11-04 13:25:54',2),(162,'c23b4fb2-dd49-4457-8caa-57b16b772712',NULL,1,5,'157.47.231.80',4,NULL,NULL,0,'2020-11-04 14:18:53','2020-11-04 14:53:10',2),(163,'87049b06-c577-4fc6-aaa0-d80478514814',NULL,1,5,'27.58.19.25',NULL,NULL,NULL,0,'2020-11-04 14:33:21','2020-11-04 15:51:13',3),(164,'3dbdd994-83ad-4b19-8c82-3ae12f33f628',NULL,1,5,'183.83.43.38',2,NULL,NULL,0,'2020-11-04 14:42:36','2020-11-04 14:56:40',1),(165,'171ffe72-29a9-4710-a35a-ffb442564d0d',NULL,1,5,'223.188.128.118',4,NULL,NULL,0,'2020-11-04 15:56:26','2020-11-04 16:15:48',1),(166,'7afb009c-d2cc-41c3-ae7c-0e4494331f5c',NULL,1,5,'157.47.231.80',4,NULL,NULL,0,'2020-11-04 16:00:47','2020-11-04 16:38:02',2),(167,'de62858e-4700-44a7-a441-56019f6806be',NULL,1,5,'157.47.231.80',NULL,NULL,NULL,0,'2020-11-04 16:03:41','2020-11-04 16:06:36',2),(168,'7fe03e38-125e-46dd-b6dc-7b19e1b3bee9',NULL,1,5,'157.47.231.80',NULL,NULL,NULL,0,'2020-11-04 16:08:19','2020-11-04 16:10:43',2),(169,'910cc4b8-dc94-4dc3-a747-6646a0f95d90',NULL,1,5,'157.47.231.80',2,NULL,NULL,0,'2020-11-04 16:12:52','2020-11-04 16:13:09',2),(170,'27a764aa-db89-4dc5-a1dd-506596ae4dff',NULL,1,5,'223.188.128.118',NULL,NULL,NULL,0,'2020-11-04 16:16:07','2020-11-04 16:16:09',2),(171,'39e1c7dc-3a51-41d0-9175-fe438b0c10c2',NULL,1,5,'157.47.231.80',2,NULL,NULL,0,'2020-11-04 16:18:26','2020-11-04 16:31:21',2),(172,'17563de9-c7cb-4286-b825-84088fb73543',NULL,1,5,'157.47.231.80',2,NULL,NULL,0,'2020-11-04 16:31:33','2020-11-04 16:32:46',2),(173,'5610d9dc-13a6-4411-9f1f-940e174f8ef4',NULL,1,5,'157.47.231.80',NULL,NULL,NULL,0,'2020-11-04 16:34:00','2020-11-04 16:34:02',2),(174,'73d48d74-2802-4c3b-824c-e7345bd00e27',NULL,1,5,'157.47.231.80',NULL,NULL,NULL,0,'2020-11-04 16:36:01','2020-11-04 16:36:03',2),(175,'f8c3d413-eef2-4abb-9f4c-7d3e1f53b3d6',NULL,1,5,'157.47.231.80',4,NULL,NULL,0,'2020-11-04 17:49:31','2020-11-04 19:11:52',2),(176,'ea9e082c-64d5-46f0-acd1-9e32b6aca1d6',NULL,1,5,'183.83.43.38',4,NULL,NULL,0,'2020-11-04 18:12:51','2020-11-04 18:30:19',1),(177,'ed245370-6cbe-43ac-a7ea-3d7aefc46e70',NULL,1,5,'183.83.43.38',10,NULL,NULL,0,'2020-11-04 18:29:01','2020-11-04 18:43:39',2),(178,'fc320192-8655-4346-a38b-c759406bf49b',NULL,1,12,'157.47.231.80',NULL,NULL,NULL,0,'2020-11-04 19:13:04','2020-11-04 19:19:32',2),(179,'35a6e24b-0d88-46c4-a303-84606e090065',NULL,1,5,'183.83.43.38',4,NULL,NULL,0,'2020-11-04 19:51:14','2020-11-04 19:51:27',1),(180,'dc165241-7c36-4320-bb49-8cbf28ada85e',NULL,1,12,'157.47.249.170',4,NULL,NULL,0,'2020-11-05 09:39:22','2020-11-05 17:51:16',2),(181,'95eca3d9-906c-4974-9f11-f36171b40046',NULL,1,5,'27.58.19.25',2,NULL,NULL,0,'2020-11-05 10:08:06','2020-11-05 10:13:45',3),(187,'868d4ae0-77ac-4abe-8436-56bfd23197e6',NULL,1,5,'183.83.43.41',NULL,NULL,NULL,0,'2020-11-05 12:04:44','2020-11-05 12:05:34',1),(182,'d255e056-6220-4885-8aa4-7222ef2ee04c',NULL,1,12,'157.47.249.170',2,NULL,NULL,0,'2020-11-05 10:14:53','2020-11-05 10:21:23',2),(183,'3a90d739-3e45-49c1-b9b8-4082d10cae68',NULL,1,5,'183.83.42.149',4,NULL,NULL,0,'2020-11-05 10:17:19','2020-11-05 10:22:37',1),(184,'78ef8669-996e-42ab-b0ca-fc8d75cc49b6',NULL,1,5,'27.58.19.25',4,NULL,NULL,0,'2020-11-05 10:43:18','2020-11-05 10:43:18',3),(185,'6ca24483-273a-417d-855f-c1b987d3e28f',NULL,1,5,'27.58.19.25',53,NULL,NULL,0,'2020-11-05 11:29:48','2020-11-05 11:34:12',3),(186,'61b30c49-9ab4-421b-b40f-bfa9839f93bb',NULL,1,5,'183.83.43.41',4,NULL,NULL,0,'2020-11-05 11:34:21','2020-11-05 12:04:31',1),(188,'c024af46-cb94-48e8-83be-279e0bb9a0ab',NULL,4,8,'183.83.43.41',98,NULL,NULL,0,'2020-11-05 12:41:56','2020-11-05 13:22:04',7),(189,'4688dde8-20ac-4d5c-a46e-c390308a3018',NULL,1,5,'183.83.43.41',4,NULL,NULL,0,'2020-11-05 12:54:46','2020-11-05 15:42:10',1),(190,'4fad1183-aca8-4ce3-858c-6d9bf2dd1238',NULL,4,8,'183.83.43.41',4,NULL,NULL,0,'2020-11-05 13:25:35','2020-11-05 16:13:56',2),(192,'2511b004-d3f7-4f08-884d-b63741b2ed32',NULL,2,9,'183.83.43.41',NULL,NULL,NULL,1,'2020-11-05 14:44:25','2020-11-05 14:44:25',6),(191,'ef13ef97-4abb-4f25-9e4b-91aedf12592d',NULL,3,13,'157.47.249.170',NULL,NULL,NULL,0,'2020-11-05 14:33:38','2020-11-05 14:33:44',2),(193,'d00ec438-185a-419b-8539-a0df951c8718',NULL,2,9,'183.83.43.41',NULL,NULL,NULL,1,'2020-11-05 14:44:27','2020-11-05 14:44:27',6),(194,'44e02950-82b1-47c6-8da3-1e50b7d7efc4',NULL,2,9,'183.83.43.41',NULL,NULL,NULL,1,'2020-11-05 14:45:18','2020-11-05 14:45:18',6),(195,'c29be514-8a40-4610-b81c-b93e7d79cbb8',NULL,2,9,'183.83.43.41',NULL,NULL,NULL,1,'2020-11-05 14:45:19','2020-11-05 14:45:19',6),(197,'7bb8ea81-a229-4696-b660-012629948ff5',NULL,4,8,'183.83.43.41',32,NULL,NULL,0,'2020-11-05 16:01:26','2020-11-05 16:02:12',7),(196,'64c8881e-0cb4-42f9-891b-a06022c613d2',NULL,1,5,'27.58.19.25',4,NULL,NULL,0,'2020-11-05 14:53:50','2020-11-05 16:13:14',3),(198,'4aa7139e-9d6a-4505-a27c-ddf1628db9f5',NULL,1,12,'183.83.43.41',4,NULL,NULL,0,'2020-11-05 16:36:26','2020-11-05 21:18:03',1),(199,'f23ad98e-30df-44b7-b916-67c099071760',NULL,4,8,'183.83.43.41',4,NULL,NULL,0,'2020-11-05 16:46:04','2020-11-05 16:46:16',2),(200,'2b77cb7f-c203-4247-a479-41985c398c9b',NULL,1,5,'27.58.19.25',4,NULL,NULL,0,'2020-11-05 16:46:52','2020-11-05 18:04:13',3),(201,'ae3745d4-eb48-4c82-8571-632091d44a3a',NULL,4,8,'183.83.43.41',104,NULL,NULL,0,'2020-11-05 16:53:02','2020-11-05 16:54:02',7),(202,'2d23b08b-2463-4815-805f-afbb61fc03c6',NULL,1,5,'183.83.43.41',NULL,NULL,NULL,0,'2020-11-05 20:13:22','2020-11-05 20:32:33',2),(203,'ba03739a-3a1e-4e63-9a16-c267cfe8a45d',NULL,1,12,'183.83.43.253',4,NULL,NULL,0,'2020-11-05 23:14:06','2020-11-05 23:14:15',1),(204,'3149308a-a03e-47de-9316-4a92d02852ac',NULL,1,5,'27.58.19.25',NULL,NULL,NULL,0,'2020-11-06 10:02:18','2020-11-06 10:41:37',3),(205,'499c0533-3652-4408-bb32-7fa1542ce64d',NULL,1,12,'122.176.45.37',2,NULL,NULL,0,'2020-11-06 10:34:28','2020-11-06 10:35:06',2),(206,'70446dba-c2ca-45b0-b63f-6a70f64b05dd',NULL,1,5,'27.58.19.25',NULL,NULL,NULL,0,'2020-11-06 10:35:35','2020-11-06 10:35:37',2),(207,'87f03f9f-8f0d-4df6-bc0f-879a90b7e1dc',NULL,1,12,'183.83.42.122',4,NULL,NULL,0,'2020-11-06 11:06:48','2020-11-06 12:04:31',1),(208,'8fa759e0-27f6-4a0d-8153-67a7b5974491',NULL,1,12,'42.105.49.7',4,NULL,NULL,0,'2020-11-06 11:27:20','2020-11-06 12:04:05',2),(209,'4b8ad698-e501-4b0f-abda-3a2d4fe39a05',NULL,1,12,'183.83.42.122',21,NULL,NULL,0,'2020-11-06 11:49:17','2020-11-06 11:58:19',2),(210,'df62d942-a9c6-46cb-94d8-97281ec48293',NULL,1,12,'183.83.42.122',NULL,NULL,NULL,0,'2020-11-06 15:55:43','2020-11-06 15:55:45',1),(211,'61a0e660-9d52-44f4-8d6f-c8084fab08e3',NULL,1,12,'106.207.184.102',110,NULL,NULL,0,'2020-11-06 15:55:57','2020-11-06 19:03:14',1),(212,'bec1c98c-f1e0-48f8-a6d7-0dee184302e0',NULL,1,12,'183.83.42.122',NULL,NULL,NULL,0,'2020-11-06 15:56:59','2020-11-06 15:57:00',2),(213,'896ee448-7f70-48d4-bcee-dfc05c362707',NULL,5,14,'183.83.42.122',NULL,NULL,NULL,0,'2020-11-06 15:57:42','2020-11-06 15:57:43',8),(214,'1dd7a0b4-9ff8-4edf-a97b-7a3af48cd260',NULL,2,9,'183.83.42.122',NULL,NULL,NULL,1,'2020-11-06 15:58:11','2020-11-06 15:58:11',6),(215,'93462d24-ffce-4c33-b68a-08576da45997',NULL,2,9,'183.83.42.122',NULL,NULL,NULL,1,'2020-11-06 15:58:12','2020-11-06 15:58:12',6),(216,'fd887fb9-b9cf-4191-aef8-5b6441985e35',NULL,6,15,'157.38.81.14',NULL,NULL,NULL,0,'2020-11-06 15:58:13','2020-11-06 15:58:20',2),(224,'d7cc3244-290d-4ebb-ba52-8551a33dbc92',NULL,1,12,'122.160.63.84',NULL,NULL,NULL,0,'2020-11-06 16:50:13','2020-11-06 17:13:55',2),(217,'6b5d54c8-354d-4160-b457-6a6cf39805a4',NULL,7,16,'157.37.67.250',NULL,NULL,NULL,0,'2020-11-06 16:11:21','2020-11-06 16:11:22',9),(218,'41aa3760-4c37-4ede-b83f-075584a6853f',NULL,6,17,'1.39.194.19',NULL,NULL,NULL,0,'2020-11-06 16:11:41','2020-11-06 16:21:25',10),(219,'04d9db16-8bf5-4d7d-8a15-eb8f2888f095',NULL,1,5,'59.144.35.242',110,NULL,NULL,0,'2020-11-06 16:39:49','2020-11-06 19:03:27',2),(220,'859cfe08-d1e4-46aa-b98c-03ca9146f91a',NULL,1,5,'157.38.81.14',NULL,NULL,NULL,0,'2020-11-06 16:40:03','2020-11-06 16:40:03',2),(225,'eb4dbcf3-8503-4036-9d93-b7af78972554',NULL,8,19,'52.90.192.95',NULL,NULL,NULL,0,'2020-11-06 17:04:22','2020-11-06 17:04:23',5),(221,'dbcb6693-fd61-40fa-b492-85c20da28007',NULL,1,12,'122.176.45.37',NULL,NULL,NULL,0,'2020-11-06 16:43:28','2020-11-06 16:43:29',2),(222,'958b817c-91ba-40a2-8a64-ff5764fc1798',NULL,1,18,'122.160.63.84',NULL,NULL,NULL,0,'2020-11-06 16:46:09','2020-11-06 16:46:10',2),(223,'346f9ad7-a733-4eb6-987c-c4ff52ff16ef',NULL,8,19,'3.81.119.253',NULL,NULL,NULL,0,'2020-11-06 16:47:06','2020-11-06 16:47:07',5),(228,'3679b04e-157a-4fc8-988f-13d367a807fb',NULL,8,19,'34.229.98.96',NULL,NULL,NULL,0,'2020-11-06 17:11:16','2020-11-06 17:11:16',5),(226,'63d9298e-684c-4c4b-b389-e0087b9764de',NULL,8,19,'54.198.87.44',NULL,NULL,NULL,0,'2020-11-06 17:09:18','2020-11-06 17:09:19',5),(227,'4342969c-d5ea-4541-9560-f0bc56afc2ab',NULL,8,19,'54.80.82.5',NULL,NULL,NULL,0,'2020-11-06 17:10:30','2020-11-06 17:10:30',5),(229,'218529a4-c3c8-4b35-8176-9acc7919e6d4',NULL,8,19,'3.81.119.253',NULL,NULL,NULL,0,'2020-11-06 17:11:17','2020-11-06 17:11:17',5),(231,'b9388c68-9ee1-4fe6-abdb-d3928a94d0cd',NULL,1,5,'27.58.19.25',NULL,NULL,NULL,0,'2020-11-06 18:29:08','2020-11-06 18:29:09',3),(230,'1ff4baf8-8ce0-42da-a910-169c026284a3',NULL,1,12,'157.38.81.14',117,NULL,NULL,0,'2020-11-06 17:14:05','2020-11-06 17:41:06',2),(232,'471757e4-fad6-4b65-af9e-e9dd9e63c5de',NULL,6,20,'106.207.184.102',112,NULL,NULL,0,'2020-11-06 19:11:15','2020-11-06 19:12:10',1),(233,'3cd2cb87-d527-4357-bad0-6fdd233cc035',NULL,1,12,'183.83.42.122',NULL,NULL,NULL,0,'2020-11-06 19:52:39','2020-11-06 19:53:57',1),(234,'fd3b1e9d-718e-4bcd-b188-57946dc8c2c3',NULL,2,21,'104.143.83.241',NULL,NULL,NULL,1,'2020-11-06 20:03:07','2020-11-06 20:03:07',5),(235,'0bfd838a-f3f2-4911-be1a-f10c713bb12f',NULL,2,21,'104.143.83.241',118,NULL,NULL,1,'2020-11-06 20:03:08','2020-11-06 20:03:08',5),(236,'9d4f463e-5529-4aee-ba25-77f744095d30',NULL,1,12,'183.83.42.122',117,NULL,NULL,0,'2020-11-06 20:05:20','2020-11-06 20:05:22',2),(237,'e388df2b-67d9-4794-bf95-d140a5dfb9a0',NULL,2,21,'104.143.83.241',NULL,NULL,NULL,1,'2020-11-06 20:05:57','2020-11-06 20:05:57',5),(238,'7082104a-0d5b-428e-9d95-48cd0228c12a',NULL,2,21,'104.143.83.241',112,NULL,NULL,1,'2020-11-06 20:05:58','2020-11-06 20:05:58',5),(239,'da7aec5d-6608-4740-a66a-22322e0b8767',NULL,1,12,'183.83.42.122',112,NULL,NULL,0,'2020-11-06 20:40:38','2020-11-06 21:24:44',1),(240,'d3b7e765-cbbb-4169-980f-76b8ea2291e2',NULL,1,12,'183.83.42.41',NULL,NULL,NULL,0,'2020-11-06 23:20:05','2020-11-06 23:20:05',1),(241,'598c1dd7-ca59-4609-b574-58f284d8b8ad',NULL,1,12,'183.83.42.41',121,NULL,NULL,0,'2020-11-07 00:09:50','2020-11-07 01:06:54',1),(242,'ee5bef14-e8dd-4773-aaf5-5c49c6d67dff',NULL,9,22,'104.41.10.193',NULL,NULL,NULL,0,'2020-11-07 05:42:46','2020-11-07 05:42:48',5),(243,'d51fe20e-ec88-48ef-8432-a41df38102a8',NULL,9,22,'104.41.10.193',NULL,NULL,NULL,0,'2020-11-07 05:42:49','2020-11-07 05:42:49',5),(244,'e74fc570-ca72-4f69-b14f-e83f12d36d4d',NULL,9,22,'104.41.10.193',NULL,NULL,NULL,0,'2020-11-07 05:42:50','2020-11-07 05:42:50',5),(245,'eb4fecb0-9eaa-496c-8d7e-b4d5bc972d57',NULL,9,22,'104.41.10.193',NULL,NULL,NULL,0,'2020-11-07 05:42:51','2020-11-07 05:42:51',5),(246,'b1292640-0c64-4aaa-aef9-d6c2a81700d6',NULL,9,22,'104.41.10.193',NULL,NULL,NULL,0,'2020-11-07 05:42:52','2020-11-07 05:42:52',5),(247,'0dda21fc-afc5-4e27-8ff6-665eb93afe51',NULL,9,22,'104.41.10.193',NULL,NULL,NULL,0,'2020-11-07 05:42:53','2020-11-07 05:42:53',5),(248,'2042e6c1-5636-4541-8baa-ed4b1f9444f9',NULL,9,22,'104.41.10.193',NULL,NULL,NULL,0,'2020-11-07 05:42:55','2020-11-07 05:42:55',5),(249,'e651ce6a-a713-456a-b818-db6b428a7e71',NULL,9,22,'104.41.10.193',NULL,NULL,NULL,0,'2020-11-07 05:42:56','2020-11-07 05:42:57',5),(250,'d59dcaa6-6696-4f77-9c08-c29647cabe55',NULL,9,22,'104.41.10.193',NULL,NULL,NULL,0,'2020-11-07 05:42:58','2020-11-07 05:42:58',5),(251,'c267d3f1-26c5-4d5c-98a4-fcb12edd9703',NULL,9,22,'104.41.10.193',NULL,NULL,NULL,0,'2020-11-07 05:42:59','2020-11-07 05:42:59',5),(252,'4ff27f38-fff7-4099-a3f8-a6f82d131035',NULL,9,22,'104.41.10.193',NULL,NULL,NULL,0,'2020-11-07 05:43:00','2020-11-07 05:43:00',5),(253,'1a20098e-23a2-48fd-a35f-4c17ad361926',NULL,9,22,'104.41.10.193',NULL,NULL,NULL,0,'2020-11-07 05:43:01','2020-11-07 05:43:01',5),(254,'4449782c-27ce-4ab1-b6a6-ecc8967c0a9a',NULL,10,23,'104.41.10.193',NULL,NULL,NULL,0,'2020-11-07 05:43:02','2020-11-07 05:43:02',5),(255,'a4f880ab-71bb-4b9b-ba34-ebb96b5c8ee7',NULL,9,22,'104.41.10.193',NULL,NULL,NULL,0,'2020-11-07 05:43:03','2020-11-07 05:43:03',5),(256,'eb335c8d-e583-4b22-ba80-838cbdb69d09',NULL,9,22,'104.41.10.193',NULL,NULL,NULL,0,'2020-11-07 05:43:38','2020-11-07 05:43:39',5),(257,'26777959-a3a1-4be9-9a96-761d2fdaa439',NULL,9,22,'104.41.10.193',NULL,NULL,NULL,0,'2020-11-07 05:43:40','2020-11-07 05:43:40',5),(258,'95d9dc80-a770-4117-a31b-5cd40e2b3656',NULL,9,22,'104.41.10.193',NULL,NULL,NULL,0,'2020-11-07 05:43:41','2020-11-07 05:43:41',5),(259,'ad3b77a0-fd23-4fc3-82bf-95e19d84d9d8',NULL,9,22,'104.41.10.193',NULL,NULL,NULL,0,'2020-11-07 05:43:42','2020-11-07 05:43:42',5),(260,'9c38160b-bca5-43f2-8576-c6c9ce2f6839',NULL,9,22,'104.41.10.193',NULL,NULL,NULL,0,'2020-11-07 05:43:43','2020-11-07 05:43:43',5),(261,'8277630a-1fa3-4164-a86e-b19bd60b4b53',NULL,9,22,'104.41.10.193',NULL,NULL,NULL,0,'2020-11-07 05:43:45','2020-11-07 05:43:45',5),(262,'7b13e36b-c6ae-454d-81be-72fc5c331177',NULL,9,22,'104.41.10.193',NULL,NULL,NULL,0,'2020-11-07 05:43:46','2020-11-07 05:43:46',5),(263,'e8d5009f-8915-4063-b7f5-ae2350dbe4de',NULL,9,22,'104.41.10.193',NULL,NULL,NULL,0,'2020-11-07 05:43:47','2020-11-07 05:43:48',5),(264,'49018f7b-2633-44c6-a6fa-2f385b0e002c',NULL,9,22,'104.41.10.193',NULL,NULL,NULL,0,'2020-11-07 05:43:49','2020-11-07 05:43:49',5),(265,'f93a2cca-3f57-4a3e-8f08-49014bbecfc0',NULL,9,22,'104.41.10.193',NULL,NULL,NULL,0,'2020-11-07 05:43:50','2020-11-07 05:43:50',5),(266,'821cd4ad-20fd-4795-a4d5-c1707831bf95',NULL,9,22,'104.41.10.193',NULL,NULL,NULL,0,'2020-11-07 05:43:51','2020-11-07 05:43:51',5),(267,'aee0b126-6ed5-4b3b-91ff-067ef172af02',NULL,9,22,'104.41.10.193',NULL,NULL,NULL,0,'2020-11-07 05:43:53','2020-11-07 05:43:53',5),(268,'3b90a032-321d-4b58-89e7-4ecdf61f9ae8',NULL,10,23,'104.41.10.193',NULL,NULL,NULL,0,'2020-11-07 05:43:54','2020-11-07 05:43:54',5),(269,'12388823-60ff-4cb1-b551-b653726db4ee',NULL,9,22,'104.41.10.193',NULL,NULL,NULL,0,'2020-11-07 05:43:55','2020-11-07 05:43:55',5),(270,'53828a57-2ab3-4fe2-9c25-aefa554b71cc',NULL,6,20,'223.233.120.141',NULL,NULL,NULL,0,'2020-11-07 08:59:01','2020-11-07 08:59:03',1),(271,'d6ad1b5b-12b1-4e9f-a2e7-99bb8530bbb7',NULL,1,12,'183.83.43.123',119,NULL,NULL,0,'2020-11-07 09:42:53','2020-11-07 09:43:47',1),(272,'904e861b-f017-470a-b6f3-3dc7130b10f6',NULL,1,5,'27.58.19.25',NULL,NULL,NULL,0,'2020-11-07 09:46:47','2020-11-07 11:14:53',3),(273,'1044b23a-0711-4a15-ad78-0025d494d0ef',NULL,1,5,'27.58.19.25',NULL,NULL,NULL,0,'2020-11-07 12:44:14','2020-11-07 12:44:28',3),(274,'69f237d9-40b2-4f4d-91f6-4e30a663b29b',NULL,1,5,'27.58.19.25',134,NULL,NULL,0,'2020-11-07 13:20:53','2020-11-07 13:33:33',3),(275,'c8890d35-64d3-42e4-b664-042fe83a757c',NULL,1,18,'182.71.62.178',109,NULL,NULL,0,'2020-11-07 14:21:50','2020-11-07 14:22:20',2),(276,'ba498c66-9db3-436c-aa66-ded7f3cdf550',NULL,1,12,'27.58.19.25',112,NULL,NULL,0,'2020-11-07 14:32:36','2020-11-07 14:50:22',2),(277,'e412f738-68f3-4d98-bca9-0103883d8d4d',NULL,1,5,'27.58.19.25',121,NULL,NULL,0,'2020-11-07 14:44:42','2020-11-07 14:48:19',3),(278,'ebb73b9b-5b53-4bd6-8506-a6047bc4aca6',NULL,1,12,'27.58.19.25',NULL,NULL,NULL,0,'2020-11-07 17:25:38','2020-11-07 17:35:26',3),(279,'c10f4940-030d-4ed1-abe8-9ad27bcfe81f',NULL,2,21,'104.143.83.241',NULL,NULL,NULL,1,'2020-11-07 20:32:42','2020-11-07 20:32:42',5),(280,'7837f2e0-cb55-443d-905c-9cec1f77c860',NULL,2,21,'104.143.83.241',118,NULL,NULL,1,'2020-11-07 20:32:44','2020-11-07 20:32:44',5),(281,'10472439-960b-41df-baaa-03b6406efe6a',NULL,2,21,'104.143.83.241',NULL,NULL,NULL,1,'2020-11-07 20:35:23','2020-11-07 20:35:23',5),(282,'11566b94-e197-450a-b765-070ed7899523',NULL,2,21,'104.143.83.241',112,NULL,NULL,1,'2020-11-07 20:35:25','2020-11-07 20:35:25',5),(283,'eeedab29-0963-4ba1-8918-e23bc5a73909',NULL,2,21,'104.143.83.241',NULL,NULL,NULL,1,'2020-11-08 20:33:15','2020-11-08 20:33:15',5),(284,'f2f48c29-6609-4d68-afa7-645d5cd12e9b',NULL,2,21,'104.143.83.241',118,NULL,NULL,1,'2020-11-08 20:33:18','2020-11-08 20:33:18',5),(285,'d0eb4e4c-2e25-41a9-8530-23a59338d83b',NULL,2,21,'104.143.83.241',NULL,NULL,NULL,1,'2020-11-08 20:35:59','2020-11-08 20:35:59',5),(286,'0f116b1c-d5cd-48db-a4bd-ba2d4c31f3d7',NULL,2,21,'104.143.83.241',112,NULL,NULL,1,'2020-11-08 20:36:00','2020-11-08 20:36:00',5),(287,'a015124f-96e3-4888-8ce0-45713394cff7',NULL,1,12,'27.58.19.25',141,NULL,NULL,0,'2020-11-09 10:54:51','2020-11-09 11:56:48',3),(288,'ea8d7a6a-0549-4304-beff-a04e70943dd7',NULL,1,12,'27.58.19.25',111,NULL,NULL,0,'2020-11-09 14:01:48','2020-11-09 14:19:57',3),(289,'a6a5b1f5-c723-4a8e-bb9d-19c8f177f465',NULL,1,12,'183.83.42.181',112,NULL,NULL,0,'2020-11-09 14:24:12','2020-11-09 14:32:50',1);
/*!40000 ALTER TABLE `tracker_sessions` ENABLE KEYS */;
UNLOCK TABLES;
DROP TABLE IF EXISTS `tracker_sql_queries`;
/*!40101 SET @saved_cs_client     = @@character_set_client */;
/*!40101 SET character_set_client = utf8 */;
CREATE TABLE `tracker_sql_queries` (
  `id` bigint(20) unsigned NOT NULL AUTO_INCREMENT,
  `sha1` varchar(40) NOT NULL,
  `statement` text NOT NULL,
  `time` double NOT NULL,
  `connection_id` int(10) unsigned NOT NULL,
  `created_at` timestamp NULL DEFAULT NULL,
  `updated_at` timestamp NULL DEFAULT NULL,
  PRIMARY KEY (`id`),
  KEY `tracker_sql_queries_created_at_index` (`created_at`),
  KEY `tracker_sql_queries_updated_at_index` (`updated_at`),
  KEY `tracker_sql_queries_sha1_index` (`sha1`),
  KEY `tracker_sql_queries_time_index` (`time`)
) ENGINE=MyISAM AUTO_INCREMENT=283 DEFAULT CHARSET=latin1;
/*!40101 SET character_set_client = @saved_cs_client */;

LOCK TABLES `tracker_sql_queries` WRITE;
/*!40000 ALTER TABLE `tracker_sql_queries` DISABLE KEYS */;
INSERT INTO `tracker_sql_queries` VALUES (1,'7eb9178a02b4b1636fdb855308661c10cf3c87dd','select column_name as `column_name` from information_schema.columns where table_schema = ? and table_name = ?',18.37,1,'2020-10-13 20:02:48','2020-10-13 20:02:48'),(2,'21cf298c9442c083cb37a1ef3e04544eae9ca82e','select * from `settings`',1.56,1,'2020-10-13 20:02:48','2020-10-13 20:02:48'),(3,'db8bd201e85ce392b13e8136446abd08ad3daa46','select * from `users` where `email` = ? limit 1',1.77,1,'2020-10-13 20:04:34','2020-10-13 20:04:34'),(4,'08d4bccebddbf17582b971d38ea14504f9ea185c','select * from `users` where `id` = ? limit 1',1.83,1,'2020-10-13 20:04:36','2020-10-13 20:04:36'),(5,'34e3cb1a450686f7bbed3e0bde2a474c1dfecc0d','select `permissions`.*, `model_has_permissions`.`model_id` as `pivot_model_id`, `model_has_permissions`.`permission_id` as `pivot_permission_id`, `model_has_permissions`.`model_type` as `pivot_model_type` from `permissions` inner join `model_has_permissions` on `permissions`.`id` = `model_has_permissions`.`permission_id` where `model_has_permissions`.`model_id` = ? and `model_has_permissions`.`model_type` = ?',2.87,1,'2020-10-13 20:04:38','2020-10-13 20:04:38'),(6,'b05ee6bc3225c70c01011f2b75a53a3f8e331960','select `roles`.*, `model_has_roles`.`model_id` as `pivot_model_id`, `model_has_roles`.`role_id` as `pivot_role_id`, `model_has_roles`.`model_type` as `pivot_model_type` from `roles` inner join `model_has_roles` on `roles`.`id` = `model_has_roles`.`role_id` where `model_has_roles`.`model_id` = ? and `model_has_roles`.`model_type` = ?',2.74,1,'2020-10-13 20:04:38','2020-10-13 20:04:38'),(7,'adcd17c4aabaed3990565956cf4715d8badfb985','select * from `permissions`',1.96,1,'2020-10-13 20:27:21','2020-10-13 20:27:21'),(8,'3d5e95a321afd90e62a7edb4de68be1865414588','select `roles`.*, `role_has_permissions`.`permission_id` as `pivot_permission_id`, `role_has_permissions`.`role_id` as `pivot_role_id` from `roles` inner join `role_has_permissions` on `roles`.`id` = `role_has_permissions`.`role_id` where `role_has_permissions`.`permission_id` in (1, 2, 3, 4, 5, 6, 7, 8, 9, 10, 11, 12, 13, 14, 15, 16, 17, 18, 19)',2.82,1,'2020-10-13 20:27:22','2020-10-13 20:27:22'),(9,'c0b9d3287ad680e873b70c459a4d4ffb32d44632','select * from `users` where (`email` is null) limit 1',1.96,1,'2020-10-13 23:49:53','2020-10-13 23:49:53'),(10,'ec8294f7b454ae6ac4c0661f5269e26fa42eba20','select * from `users` where (`email` = ?) limit 1',12.3,1,'2020-10-13 23:50:25','2020-10-13 23:50:25'),(11,'446968ec6b75b770ebd102188d67c9f46a01ab17','select * from `users` where `users`.`id` = ? limit 1',1.79,1,'2020-10-13 23:57:54','2020-10-13 23:57:54'),(12,'98fc524e10e70f6bde8e545574059fbd7bdc362d','select * from `users` where (`email` = ?) and (`user_otp` = ?) limit 1',2.81,1,'2020-10-14 00:28:38','2020-10-14 00:28:38'),(13,'2d11264697b675615c5583827a6bfa78a4aca8cf','update `users` set `password` = ? where (`id` = ?)',1.3,1,'2020-10-14 09:43:08','2020-10-14 09:43:08'),(14,'c8db713c109ab941b5587af9f0113862e50a4b1c','select * from `document_category` where `parent_id` is null order by `lft` asc',2.24,1,'2020-10-14 09:50:56','2020-10-14 09:50:56'),(15,'08dc67c6a812cba5ef9b2cd3f9a66a1b35a96d5e','select * from `document_category` where `parent_id` = ? order by `lft` asc',1.5,1,'2020-10-14 09:58:57','2020-10-14 09:58:57'),(16,'4d4d22a5f283a2ea2a15f8353a3173accb7ef306','select * from `lenders` where `user_id` = ? limit 1',1.7,1,'2020-10-14 10:32:53','2020-10-14 10:32:53'),(17,'eeb9f3b1203bf9f3b488c6f39c53df50327081af','select * from `users` where (`email` = ? and `user_status` = ?) limit 1',2.09,1,'2020-10-14 12:44:51','2020-10-14 12:44:51'),(18,'19a77a7f08a53df723d852378f56d20797304ab9','update `users` set `user_otp` = ?, `updated_at` = ? where (`id` = ?)',1.67,1,'2020-10-14 12:47:27','2020-10-14 12:47:27'),(19,'12fd1d022c2cee2dbbb03ede3694da4054229bfe','select count(*) as aggregate from `documents`',2.56,1,'2020-10-14 13:12:32','2020-10-14 13:12:32'),(20,'569911d42364323174349507c2467faf803c2dee','select * from `documents` order by documents.id DESC limit 10',3.19,1,'2020-10-14 13:12:32','2020-10-14 13:12:32'),(21,'4579e46b0b26111d2993c8674b5a49b473998062','select * from `document_category` where `document_category`.`id` in (2)',5.39,1,'2020-10-14 13:12:32','2020-10-14 13:12:32'),(22,'c1ae6e0089bd61a94e580894457f4330348f1395','select * from `document_category` where `document_category`.`id` in (3, 7, 8, 10, 11)',2.24,1,'2020-10-14 13:12:32','2020-10-14 13:12:32'),(23,'2c5ddfc1c950362442acc5f79bd40c60172e2057','select * from `revisions` where `revisions`.`revisionable_id` = ? and `revisions`.`revisionable_id` is not null and `revisions`.`revisionable_type` = ?',33.53,1,'2020-10-14 13:12:32','2020-10-14 13:12:32'),(24,'ba83ab5cf8c8a5cd47197411e9603f2261275397','select * from `documents` where `documents`.`id` = ? limit 1',1.91,1,'2020-10-14 13:12:37','2020-10-14 13:12:37'),(25,'d33d5e817fd2ead0c7db4ce6ad26c022e3c99ac1','select `name`, `id` from `document_category` where `parent_id` = ?',1.69,1,'2020-10-14 13:12:40','2020-10-14 13:12:40'),(26,'2937a8037b1c436966fe01b207f94b50201ac513','update `documents` set `document_date` = ?, `documents`.`updated_at` = ? where `id` = ?',1.14,1,'2020-10-14 13:12:46','2020-10-14 13:12:46'),(27,'72fb79fff27ee5bd94557ae6705bdd4fc570144d','insert into `revisions` (`created_at`, `key`, `new_value`, `old_value`, `revisionable_id`, `revisionable_type`, `updated_at`, `user_id`) values (?, ?, ?, ?, ?, ?, ?, ?)',2.28,1,'2020-10-14 13:12:46','2020-10-14 13:12:46'),(28,'eaf8845ded1fcfc4fa7db66bb489279c15fdeb96','select count(*) as aggregate from `settings`',1.06,1,'2020-10-14 15:38:20','2020-10-14 15:38:20'),(29,'2a3716061c09fed0d80a4e6a829a401ca9012701','select count(*) as aggregate from `settings` where `active` = ?',2.51,1,'2020-10-14 15:38:20','2020-10-14 15:38:20'),(30,'9aeacc4aa74a79efdd2375b73804528fd89e2742','select * from `settings` where `active` = ? order by settings.id DESC limit 10',1.11,1,'2020-10-14 15:38:20','2020-10-14 15:38:20'),(31,'0106abaf7bb252459191da4a8f602e1300cf3aa4','select count(*) as aggregate from `lenders`',1.36,1,'2020-10-14 15:38:55','2020-10-14 15:38:55'),(32,'c80a3e14494217b962b0e3d73da682f1dc23f666','select * from `lenders` order by lenders.id DESC limit 10',3.82,1,'2020-10-14 15:38:55','2020-10-14 15:38:55'),(33,'04a6441eabb3c4ea15bdd3a34a369922b7d4d4e1','select * from `users` where `users`.`id` in (1, 2)',2.35,1,'2020-10-14 15:38:55','2020-10-14 15:38:55'),(34,'f997b5019a1cd5bc3c3a5415ac93501e99eb1f74','select * from `lenders` where `lenders`.`id` = ? limit 1',2.27,1,'2020-10-14 15:39:00','2020-10-14 15:39:00'),(35,'4cc9a4d1da5d9ccc99f8837a01267d6d870ea613','select * from `users`',2.64,1,'2020-10-14 15:39:00','2020-10-14 15:39:00'),(36,'1d411ad177057a43c4a03ccb2cc09d673b639e7a','select * from `lender_type`',2.57,1,'2020-10-14 15:39:00','2020-10-14 15:39:00'),(37,'6096663066c687c2b56bcceee88dbedff86845a7','select * from `instrument_type`',2.76,1,'2020-10-14 15:39:00','2020-10-14 15:39:00'),(38,'fe90e7d37569a5bf948f4eea0462026927d674af','select * from `facility_type`',3.87,1,'2020-10-14 15:39:00','2020-10-14 15:39:00'),(39,'940ad1b61cd95ba8089f92fc2f65077d34b20d58','select count(*) as aggregate from `lenders` where `email` = ? and `id` &lt;&gt; ?',1.11,1,'2020-10-14 15:39:17','2020-10-14 15:39:17'),(40,'b8335d50bd5bbc94f205c7df58b921dbf2b0a875','select count(*) as aggregate from `lenders` where `code` = ? and `id` &lt;&gt; ?',2.22,1,'2020-10-14 15:39:17','2020-10-14 15:39:17'),(41,'d7c78977735789ec3f35b5e32c7deb0373f6fe78','select count(*) as aggregate from `lenders` where `slug` = ? and `id` &lt;&gt; ?',2.17,1,'2020-10-14 15:39:17','2020-10-14 15:39:17'),(42,'de990ad95136bdd939d30c3384dac2ba0f4fb2dc','select * from `users` where `users`.`id` in (?)',2.88,1,'2020-10-14 15:41:59','2020-10-14 15:41:59'),(43,'01bb4a05b89e85420867b5fe1a60f00d7a436800','select * from `lender_type` where `lender_type`.`id` in (?)',10.53,1,'2020-10-14 15:41:59','2020-10-14 15:41:59'),(44,'7e7f0fafde5cbfa2580c6071de7e56fd605f243c','select * from `instrument_type` where `instrument_type`.`id` in (?)',3.84,1,'2020-10-14 15:41:59','2020-10-14 15:41:59'),(45,'cd6b4759c8f957ececf77fecfbe960d9403d3531','select * from `facility_type` where `facility_type`.`id` in (?)',5.83,1,'2020-10-14 15:41:59','2020-10-14 15:41:59'),(46,'8fcbb6066d51f5faa201c8bbca46222ac65b2a9c','update `users` set `name` = ?, `email` = ?, `password` = ?, `users`.`updated_at` = ? where `id` = ?',7.52,1,'2020-10-14 15:41:59','2020-10-14 15:41:59'),(47,'674f67fe870851e620effba97cd9e92fe05545b7','update `lenders` set `name` = ?, `lenders`.`updated_at` = ? where `id` = ?',2.7,1,'2020-10-14 15:43:53','2020-10-14 15:43:53'),(48,'8bf627a229dc993cac8f4e503af12d3d94544791','update `users` set `remember_token` = ? where `id` = ?',1.24,1,'2020-10-14 15:44:17','2020-10-14 15:44:17'),(49,'454d67f535c61a2643bfeded67ac1f6c8c3697a9','select count(*) as aggregate from `categories`',2.8,1,'2020-10-14 16:45:12','2020-10-14 16:45:12'),(50,'0251c530f4990a04c68e4b367f576aeeb8e0c3bb','select * from `categories` order by categories.id DESC limit 10',9.2,1,'2020-10-14 16:45:12','2020-10-14 16:45:12'),(51,'2cfa7b0404dbdba3c71da9a884e4169bed01fd38','select * from `categories` where `categories`.`id` in (1)',2.6,1,'2020-10-14 16:45:12','2020-10-14 16:45:12'),(52,'004adfdb7a4494ea119a075de7c5aa8e9bf6f5f3','select * from `articles` where `articles`.`category_id` in (1, 2, 3, 4)',2.93,1,'2020-10-14 16:45:12','2020-10-14 16:45:12'),(53,'8b84aaf77baa3cc621bbbd7f1586c95ea0278538','select * from `categories`',2.05,1,'2020-10-14 16:45:29','2020-10-14 16:45:29'),(54,'1140d5c7f87bd62c52cb87403488f635cc14cb55','update `categories` set `parent_id` = ?, `depth` = ?, `lft` = ?, `rgt` = ?, `categories`.`updated_at` = ? where `id` = ?',1.33,1,'2020-10-14 16:45:33','2020-10-14 16:45:33'),(55,'373bf405d3ea1c78c8fbd591cb4f62f536f4fe12','select count(*) as aggregate from `tags`',2.13,1,'2020-10-14 16:45:40','2020-10-14 16:45:40'),(56,'6c73d6f651725fc3317b83535cb602a7d38f28f3','select * from `tags` order by tags.id DESC limit 10',2.65,1,'2020-10-14 16:45:40','2020-10-14 16:45:40'),(57,'b8812f36e2d49c55fd1233b3419407be38ecff0c','select * from `tags`',1.51,1,'2020-10-14 16:45:45','2020-10-14 16:45:45'),(58,'52cb704278bf4514c7b355d569397bb72482ed34','select count(*) as aggregate from `articles`',1.81,1,'2020-10-14 16:45:47','2020-10-14 16:45:47'),(59,'28bfda447c442a2485bc88457b1ba378a638213d','select * from `articles` order by articles.id DESC limit 10',1.09,1,'2020-10-14 16:45:47','2020-10-14 16:45:47'),(60,'1b3dc2955f1c0cc93c10aa54dadd4d2995576472','SHOW COLUMNS FROM `articles` WHERE Field = &quot;status&quot;',5.27,1,'2020-10-14 16:45:55','2020-10-14 16:45:55'),(61,'d75d10c20effef37b791192741936b210e069258','select * from `categories` limit 10 offset 0',2.38,1,'2020-10-14 16:46:02','2020-10-14 16:46:02'),(62,'594b476c73797de4b0879beb223f0082f757601a','select count(*) as aggregate from `categories` where `name` LIKE ?',0.83,1,'2020-10-14 16:47:25','2020-10-14 16:47:25'),(63,'876cf967c3b01ebb791f407c937932100fb4146a','select * from `categories` where `name` LIKE ? limit 10 offset 0',1.61,1,'2020-10-14 16:47:25','2020-10-14 16:47:25'),(64,'f998d789db61034f712fa3291e4e3c39a873bbcb','select count(*) as aggregate from `tags` where `name` LIKE ?',1.24,1,'2020-10-14 16:47:30','2020-10-14 16:47:30'),(65,'01ef6d8642a4e13ed5f7f0357b4a6743855410ad','select * from `tags` where `name` LIKE ? limit 10 offset 0',2.32,1,'2020-10-14 16:47:30','2020-10-14 16:47:30'),(66,'10a62778574ed4b8ad4f1f1e4025a3244254a533','select count(*) as aggregate from `articles` where `slug` is null and `id` &lt;&gt; ?',1.35,1,'2020-10-14 16:47:47','2020-10-14 16:47:47'),(67,'10388df860ccb5b228187431d2d19f47efb9a1e4','select `slug`, `articles`.`id` from `articles` where (`slug` = ? or `slug` LIKE ?)',2.18,1,'2020-10-14 16:47:48','2020-10-14 16:47:48'),(68,'e0f311edb557a5e6684f6c4ab38fb96626e8e668','insert into `articles` (`title`, `slug`, `date`, `content`, `image`, `category_id`, `status`, `featured`, `updated_at`, `created_at`) values (?, ?, ?, ?, ?, ?, ?, ?, ?, ?)',1.19,1,'2020-10-14 16:47:48','2020-10-14 16:47:48'),(69,'5980f599f3780bfe76ab90161b747a0e7b70a66d','select * from `article_tag` where `article_id` = ?',1.33,1,'2020-10-14 16:47:48','2020-10-14 16:47:48'),(70,'5e61a820ff5613c8052a1fd0842c16c53222126d','insert into `article_tag` (`article_id`, `tag_id`) values (?, ?)',0.81,1,'2020-10-14 16:47:48','2020-10-14 16:47:48'),(71,'329735f5991da28f1abe3fc40fc823e1aef4f5cd','select * from `categories` where `categories`.`id` in (?)',2.63,1,'2020-10-14 16:47:48','2020-10-14 16:47:48'),(72,'9db38e5a8db49d29a99251eb886701266d413e40','select * from `categories` where `categories`.`id` in (3)',1.81,1,'2020-10-14 16:47:52','2020-10-14 16:47:52'),(73,'3c483a6e1b9e2b464a723920184b7cf5ca25a8fa','select `tags`.*, `article_tag`.`article_id` as `pivot_article_id`, `article_tag`.`tag_id` as `pivot_tag_id` from `tags` inner join `article_tag` on `tags`.`id` = `article_tag`.`tag_id` where `article_tag`.`article_id` in (1)',2.13,1,'2020-10-14 16:47:52','2020-10-14 16:47:52'),(74,'866b488e4b0aca29858cf648f3261bef9b179c2c','select `tags`.*, `article_tag`.`article_id` as `pivot_article_id`, `article_tag`.`tag_id` as `pivot_tag_id` from `tags` inner join `article_tag` on `tags`.`id` = `article_tag`.`tag_id` where `article_tag`.`article_id` in (1, 2)',1.33,1,'2020-10-14 16:48:13','2020-10-14 16:48:13'),(75,'d1361686c5d4f030feed8fdd01d6015741904357','select `tags`.*, `article_tag`.`article_id` as `pivot_article_id`, `article_tag`.`tag_id` as `pivot_tag_id` from `tags` inner join `article_tag` on `tags`.`id` = `article_tag`.`tag_id` where `article_tag`.`article_id` in (1, 2, 3, 4, 5)',1.61,1,'2020-10-14 16:48:48','2020-10-14 16:48:48'),(76,'55e294894afae8179ec61ffdde2eccd97a203c48','update `users` set `password` = ?, `updated_at` = ? where (`id` = ?)',1.93,1,'2020-10-14 17:01:40','2020-10-14 17:01:40'),(77,'a2ee700be2c79cfd3d9419d8403777b8372a4f96','select count(*) as aggregate from `pages`',1.82,1,'2020-10-14 18:20:46','2020-10-14 18:20:46'),(78,'4ad3bfc1d3db3086c271893fbc2346c2ccf1e8d8','select * from `pages` order by pages.id DESC limit 10',1.36,1,'2020-10-14 18:20:46','2020-10-14 18:20:46'),(79,'fb5190f126e7100f6d30c54719c53afde40042b5','select * from `pages` where `pages`.`id` = ? limit 1',2.48,1,'2020-10-14 18:21:32','2020-10-14 18:21:32'),(80,'f0afba15df0f5aea5702c705f155064fc85b61c7','select count(*) as aggregate from `pages` where `slug` = ? and `id` &lt;&gt; ?',2.63,1,'2020-10-14 18:21:59','2020-10-14 18:21:59'),(81,'ca2cd4df6a5d255ac3623a677758fc137a29dc2f','update `pages` set `template` = ?, `content` = ?, `extras` = ?, `pages`.`updated_at` = ? where `id` = ?',2.18,1,'2020-10-14 18:21:59','2020-10-14 18:21:59'),(82,'18390c0336ed1befd8def0129284868d47754257','update `pages` set `template` = ?, `content` = ?, `pages`.`updated_at` = ? where `id` = ?',1,1,'2020-10-14 18:22:57','2020-10-14 18:22:57'),(83,'655e5120ac8772d026df1cfa72f73308b2b7a6ec','select `slug`, `pages`.`id` from `pages` where (`slug` = ? or `slug` LIKE ?)',1.35,1,'2020-10-14 18:25:10','2020-10-14 18:25:10'),(84,'3dd30e15021921e76c07f77d518dcd49de19ed20','insert into `pages` (`template`, `name`, `title`, `slug`, `content`, `extras`, `deleted_at`, `updated_at`, `created_at`) values (?, ?, ?, ?, ?, ?, ?, ?, ?)',3.13,1,'2020-10-14 18:25:10','2020-10-14 18:25:10'),(85,'1348aeea893665291ce029028746368ac1db5cd6','update `pages` set `template` = ?, `name` = ?, `title` = ?, `slug` = ?, `content` = ?, `extras` = ?, `pages`.`updated_at` = ? where `id` = ?',2.01,1,'2020-10-14 18:25:43','2020-10-14 18:25:43'),(86,'98e58ce356e342b07188c53c7b2f890fac8acdb8','update `pages` set `template` = ?, `extras` = ?, `pages`.`updated_at` = ? where `id` = ?',1.19,1,'2020-10-14 18:32:00','2020-10-14 18:32:00'),(87,'b48b1b07136986b1aa06f0e76ed1fe1fbd743055','update `pages` set `extras` = ?, `pages`.`updated_at` = ? where `id` = ?',0.92,1,'2020-10-14 18:33:57','2020-10-14 18:33:57'),(88,'3db74d8ef4074ffbc27347449271e7113aa9d973','select * from `settings` where `settings`.`id` = ? limit 1',1.41,1,'2020-10-14 18:41:05','2020-10-14 18:41:05'),(89,'6e1ee6348778b1ce34935f5158609da255e3ab41','update `settings` set `value` = ?, `settings`.`updated_at` = ? where `id` = ?',1.82,1,'2020-10-14 18:42:12','2020-10-14 18:42:12'),(90,'07ab7f6831050f18826774fc91ceb55455ecdfee','insert into `contact_us` (`first_name`, `last_name`, `email`, `telephone`, `message`) values (?, ?, ?, ?, ?)',1.78,1,'2020-10-14 19:38:23','2020-10-14 19:38:23'),(91,'df1f2efdcf8331c3a3336e94e7590a3c317c7341','select count(*) as aggregate from `contact_us`',1.64,1,'2020-10-14 19:46:49','2020-10-14 19:46:49'),(92,'be8d75f3a55a9fe48459e706518ddacadef86e62','select * from `contact_us` order by contact_us.id DESC limit 10',3.18,1,'2020-10-14 19:46:49','2020-10-14 19:46:49'),(93,'a21a8ac9679949db76fc122bfae53966155b7613','select * from `contact_us` where `contact_us`.`id` = ? limit 1',2.34,1,'2020-10-14 19:46:55','2020-10-14 19:46:55'),(94,'1e5d7c8eba71303679f2db1da2d6b5a1f0bbfec9','select * from `articles` where (`status` = ?)',44.04,1,'2020-10-14 20:16:48','2020-10-14 20:16:48'),(95,'24f9c628f3958b6a29e5dbfb8b07a77bd598c15c','select * from `roles`',0.89,1,'2020-10-15 09:18:26','2020-10-15 09:18:26'),(96,'d88179e20dafbcbf798c2a42e9fcd3c9e6780f24','select count(*) as aggregate from `users`',2.17,1,'2020-10-15 09:18:32','2020-10-15 09:18:32'),(97,'56bd9f511763158f936f75c30d5e46165aa85dcc','select * from `users` order by users.id DESC limit 10',2.53,1,'2020-10-15 09:18:32','2020-10-15 09:18:32'),(98,'31d94c7f3201b1950cd354abb29f4fd620b306c4','select `roles`.*, `model_has_roles`.`model_id` as `pivot_model_id`, `model_has_roles`.`role_id` as `pivot_role_id`, `model_has_roles`.`model_type` as `pivot_model_type` from `roles` inner join `model_has_roles` on `roles`.`id` = `model_has_roles`.`role_id` where `model_has_roles`.`model_id` in (1, 2) and `model_has_roles`.`model_type` = ?',19.36,1,'2020-10-15 09:18:32','2020-10-15 09:18:32'),(99,'10d21bb9f139e373320dc822cd4d57fba803ed14','select `permissions`.*, `model_has_permissions`.`model_id` as `pivot_model_id`, `model_has_permissions`.`permission_id` as `pivot_permission_id`, `model_has_permissions`.`model_type` as `pivot_model_type` from `permissions` inner join `model_has_permissions` on `permissions`.`id` = `model_has_permissions`.`permission_id` where `model_has_permissions`.`model_id` in (1, 2) and `model_has_permissions`.`model_type` = ?',3.46,1,'2020-10-15 09:18:32','2020-10-15 09:18:32'),(100,'ccb8e2de49154fbe34880a98312a1bb11162e6c0','update `pages` set `title` = ?, `content` = ?, `pages`.`updated_at` = ? where `id` = ?',1.35,1,'2020-10-15 11:43:10','2020-10-15 11:43:10'),(101,'63dec8e713ac97fe87321fc4604ffa0a2cc91ea9','select * from `articles` where `articles`.`id` = ? limit 1',2.62,1,'2020-10-15 11:50:05','2020-10-15 11:50:05'),(102,'19b8f8b7e57f97af42470c226939eb951537a435','select `tags`.*, `article_tag`.`article_id` as `pivot_article_id`, `article_tag`.`tag_id` as `pivot_tag_id` from `tags` inner join `article_tag` on `tags`.`id` = `article_tag`.`tag_id` where `article_tag`.`article_id` = ?',2.45,1,'2020-10-15 11:50:21','2020-10-15 11:50:21'),(103,'0964d179f6ce704a384b7e79b60b9e5aa0d76a21','select * from `categories` where `id` = ?',1.74,1,'2020-10-15 11:50:21','2020-10-15 11:50:21'),(104,'08b66b6347a7f40f29fdcb68774fda36b84e7b21','update `pages` set `slug` = ?, `pages`.`updated_at` = ? where `id` = ?',1.7,1,'2020-10-15 12:00:26','2020-10-15 12:00:26'),(105,'30e79d1452df9e4b360a7e5aee6202b742b3aebb','select count(*) as aggregate from `enquiry`',2.93,1,'2020-10-20 20:21:42','2020-10-20 20:21:42'),(106,'50b0e8cae349336b5478522320f7455cc4079880','select * from `enquiry` order by enquiry.id DESC limit 10',1.92,1,'2020-10-20 20:21:42','2020-10-20 20:21:42'),(107,'c6acce93c793e0fe6174419c6282902476ca9788','update `pages` set `template` = ?, `name` = ?, `pages`.`updated_at` = ? where `id` = ?',2.18,1,'2020-10-20 20:42:33','2020-10-20 20:42:33'),(108,'041b4e48f27f74229f23c8044f9368c39a87f6f7','select * from `users` where (`phone` = ? and `user_status` = ?) limit 1',2.17,1,'2020-10-21 19:21:29','2020-10-21 19:21:29'),(109,'9056dbe942d4cf851e284f651f0565d1c4c355ff','insert into `email_sms` (`send_type`, `send_to`, `send_subject`, `send_message`, `is_deliver`) values (?, ?, ?, ?, ?)',1.92,1,'2020-10-21 19:21:30','2020-10-21 19:21:30'),(110,'9af16688d5ba7f21f0fdda1c2d80fbdef7d1c06c','update `pages` set `content` = ?, `pages`.`updated_at` = ? where `id` = ?',1.63,1,'2020-10-24 17:13:24','2020-10-24 17:13:24'),(111,'62a9e9a85c0e4cd1e642d6bee3b9a0fef0ad9261','select * from `categories` order by `depth` asc',1.84,1,'2020-10-24 18:24:42','2020-10-24 18:24:42'),(112,'6806762a8d64543e36a43709195eb8c3c2ada5be','select count(*) as aggregate from `articles` where (`category_id` = ? and `status` = ?)',1.57,1,'2020-10-24 18:24:42','2020-10-24 18:24:42'),(113,'9aa8d5c7d32af00d61ee090672ba1003a0fbe48b','select * from `categories` where `id` = ? limit 1',16.3,1,'2020-10-24 18:26:50','2020-10-24 18:26:50'),(114,'46588997e387e8c116839881fb75020ae61b4f13','select * from `categories` where `categories`.`id` in (1, 2, 3, 4, 5, 6)',1.96,1,'2020-10-24 18:33:50','2020-10-24 18:33:50'),(115,'1828b7ffc642f4356890a336a02099e63a4df7d2','select `tags`.*, `article_tag`.`article_id` as `pivot_article_id`, `article_tag`.`tag_id` as `pivot_tag_id` from `tags` inner join `article_tag` on `tags`.`id` = `article_tag`.`tag_id` where `article_tag`.`article_id` in (1, 2, 3, 4, 5, 6, 7, 8)',15.38,1,'2020-10-24 18:33:50','2020-10-24 18:33:50'),(116,'c39efa31bf313e8cdc27b23dad59a940e72ff4ba','select * from `categories` where 0 = 1',1.88,1,'2020-10-24 18:33:54','2020-10-24 18:33:54'),(117,'6a1b0ead8e019e5e1d3d2da2a63ff758ea76f6bd','select * from `articles` where `articles`.`category_id` in (1, 2, 3, 4, 5, 6)',8.27,1,'2020-10-24 18:33:54','2020-10-24 18:33:54'),(118,'fe392f910bef4c1cef3a326da2b6fd9c863f6e11','select `tags`.*, `article_tag`.`article_id` as `pivot_article_id`, `article_tag`.`tag_id` as `pivot_tag_id` from `tags` inner join `article_tag` on `tags`.`id` = `article_tag`.`tag_id` where `article_tag`.`article_id` in (5, 6, 7, 8, 9, 10, 11, 12, 13, 14)',38.69,1,'2020-10-24 20:12:56','2020-10-24 20:12:56'),(119,'77bec59c8dbfd71642d206b4bbd401c2239368c0','select `categories`.*, `article_category`.`article_id` as `pivot_article_id`, `article_category`.`category_id` as `pivot_category_id` from `categories` inner join `article_category` on `categories`.`id` = `article_category`.`category_id` where `article_category`.`article_id` in (5, 6, 7, 8, 9, 10, 11, 12, 13, 14)',1.8,1,'2020-10-24 20:19:34','2020-10-24 20:19:34'),(120,'b887871bee657313d54baba57dd03f248d61ffb5','select count(*) as aggregate from `articles` where `slug` = ? and `id` &lt;&gt; ?',5.04,1,'2020-10-24 20:25:07','2020-10-24 20:25:07'),(121,'a0a3639307b28c40d9542b8232b539b7c57a4305','select `categories`.*, `article_category`.`article_id` as `pivot_article_id`, `article_category`.`category_id` as `pivot_category_id` from `categories` inner join `article_category` on `categories`.`id` = `article_category`.`category_id` where `article_category`.`article_id` = ?',2.15,1,'2020-10-24 20:25:09','2020-10-24 20:25:09'),(122,'ace9c6b6138c0714968d178dcc53350e21281b62','select * from `tags` where `id` in (?)',15.22,1,'2020-10-24 20:25:09','2020-10-24 20:25:09'),(123,'8c1066d55fb8233fa6fe80bf013aeb4340d9c3ef','select * from `categories` where `id` in (?, ?, ?)',1.15,1,'2020-10-24 20:26:18','2020-10-24 20:26:18'),(124,'b00f45979d319c709eca5ea817e1d9798c32a2b2','select * from `article_category` where `article_id` = ?',6.11,1,'2020-10-24 20:27:55','2020-10-24 20:27:55'),(125,'e8087f053f9e6e2a2624370db18cf7b9ded6685f','insert into `article_category` (`article_id`, `category_id`) values (?, ?)',0.82,1,'2020-10-24 20:27:55','2020-10-24 20:27:55'),(126,'f08b75f419d96146c718a8830f730fb8a792a988','select * from `categories` left join `article_category` on `categories`.`id` = `article_category`.`category_id` where `article_id` = ?',3.28,1,'2020-10-24 20:38:08','2020-10-24 20:38:08'),(127,'9110fef225c24c68b08a7b0484f3efc5f18bf6bc','select count(*) as aggregate from `article_category` where (`category_id` = ?)',1.73,1,'2020-10-24 20:38:08','2020-10-24 20:38:08'),(128,'07b09bd272f89444be38a44ef5d455369662b7d9','select * from `documents` where `document_category_id` = ? or `document_category_id` = ?',1.74,1,'2020-10-24 21:39:17','2020-10-24 21:39:17'),(129,'de702380e1e1a4e1867e55628f646e212f63a2a5','update `documents` set `expiry_date` = ?, `documents`.`updated_at` = ? where `id` = ?',3.08,1,'2020-10-24 21:48:01','2020-10-24 21:48:01'),(130,'dc612551baf6fe90417d6b24aef7cb2851dfa19f','select count(*) as aggregate from `user_document` where `document_id` = ? and `user_id` = ?',1.39,1,'2020-10-24 21:55:47','2020-10-24 21:55:47'),(131,'1cf84866d122f4b8cc60512d6091cf6877da5412','insert into `user_document` (`user_id`, `document_id`, `download_date`, `created_at`, `updated_at`) values (?, ?, ?, ?, ?)',3.35,1,'2020-10-24 22:00:53','2020-10-24 22:00:53'),(132,'7b5de008c292cae5fade335ad0ed452cf442abae','select count(*) as aggregate from `user_document`',0.92,1,'2020-10-24 22:16:57','2020-10-24 22:16:57'),(133,'9c35f730f3438a4446699a7ad1ae941b644b6dd1','select * from `user_document` order by user_document.id DESC limit 10',2.42,1,'2020-10-24 22:16:57','2020-10-24 22:16:57'),(134,'1ec9cc716727a849a9ce05c959f016d66169326c','select * from `documents` where `documents`.`id` in (1, 2, 3, 4, 5)',3.44,1,'2020-10-24 22:16:57','2020-10-24 22:16:57'),(135,'9f68f5e01f15bb2f92b83b495f419a80d7a4794c','select * from `users` where `users`.`id` in (2)',2.16,1,'2020-10-24 22:16:57','2020-10-24 22:16:57'),(136,'ef8d1d4abfe2a968ee36e923f768d7503a54d088','select * from `user_document` where `user_document`.`id` = ? limit 1',2.15,1,'2020-10-24 22:27:31','2020-10-24 22:27:31'),(137,'22b31db88e211207e552671b36cd0e912a6db821','select * from `documents` where `document_category_id` = ? or `document_category_id` = ? and `document_date` = ?',2.19,1,'2020-10-25 21:56:41','2020-10-25 21:56:41'),(138,'ff20f9e9543180ce5414570c32d7d7e1167971f2','select * from `documents` where `id` = ? limit 1',1.88,1,'2020-10-25 22:06:51','2020-10-25 22:06:51'),(139,'fbc8f64bcf1dde63d80f505ac3a112ecfb950572','update `pages` set `content` = ?, `extras` = ?, `pages`.`updated_at` = ? where `id` = ?',1.28,1,'2020-10-26 18:08:39','2020-10-26 18:08:39'),(140,'68596352a757dc37d236628f12a2371e80ce099f','select * from `users` where (`phone` is null and `user_status` = ?) limit 1',2.96,1,'2020-10-26 18:34:02','2020-10-26 18:34:02'),(141,'a2ad761a28d14f92f465564bc1e183cc73ed86a4','insert into `enquiry` (`name`, `email`, `telephone`, `organization`, `designation`, `message`, `created_at`, `updated_at`) values (?, ?, ?, ?, ?, ?, ?, ?)',0.91,1,'2020-10-26 18:43:06','2020-10-26 18:43:06'),(142,'1f4f12ab697daf7280274be3c83c5e49b0160282','insert into `user_login` (`user_id`, `user_ip`, `login_type`, `created_at`, `updated_at`) values (?, ?, ?, ?, ?)',3.49,1,'2020-10-27 13:31:06','2020-10-27 13:31:06'),(143,'e6bcfd243624425a81c0a3cf6d50295a5832323b','select * from `enquiry` where `enquiry`.`id` = ? limit 1',2.42,1,'2020-10-27 17:56:22','2020-10-27 17:56:22'),(144,'f525642f8b7d95b1f69a22527389b3f84b3079ed','select * from `users` where (`id` = ? and `user_status` = ?) limit 1',2.51,1,'2020-10-27 17:58:00','2020-10-27 17:58:00'),(145,'cb100374341bb0a709b5b1eaed6618b3865261f4','select * from `users` where (`id` is null and `user_status` = ?) limit 1',3.09,1,'2020-10-27 18:16:53','2020-10-27 18:16:53'),(146,'7707ebcbb4ae6ef73beaced32a73e1411d25ed95','select count(*) as aggregate from `banking_arrangment`',2.84,1,'2020-10-28 15:01:43','2020-10-28 15:01:43'),(147,'d764d41578f7f25885f9c89fdfec797f25a35a1c','select * from `banking_arrangment` order by `lft` asc, banking_arrangment.id DESC limit 10',2.58,1,'2020-10-28 15:01:43','2020-10-28 15:01:43'),(148,'eb2c39fe8e5161442f440e1c517d105a862a534d','select * from `banking_arrangment` order by `lft` asc',2.71,1,'2020-10-28 15:01:47','2020-10-28 15:01:47'),(149,'99030f9d48c66704015fa872e24f6f0dbdcbf8a8','update `banking_arrangment` set `parent_id` = ?, `depth` = ?, `lft` = ?, `rgt` = ?, `banking_arrangment`.`updated_at` = ? where `id` = ?',2.3,1,'2020-10-28 15:01:54','2020-10-28 15:01:54'),(150,'421f16a231de19c4df5b290cead570ecf14c43da','select count(*) as aggregate from `lender_banking`',11.95,1,'2020-10-28 15:10:47','2020-10-28 15:10:47'),(151,'b58ac7c5ed1b8db751d85be331880a53b6425687','select * from `lender_banking` order by lender_banking.id DESC limit 10',2.37,1,'2020-10-28 15:10:47','2020-10-28 15:10:47'),(152,'4caf63b9c866398e4d8a48a398560fd4cd01109d','select * from `lenders`',2.53,1,'2020-10-28 15:15:12','2020-10-28 15:15:12'),(153,'4e7e5aaf3f05ff12a3687c92116c3e1c0e530bbd','select * from `banking_arrangment`',1.83,1,'2020-10-28 15:15:13','2020-10-28 15:15:13'),(154,'af2f5951cf1c99c6df5b00980123e832fca9e534','select * from `users` where `users`.`id` in (42, 43, 44, 45, 46, 47, 48, 49, 50, 51)',1.54,1,'2020-10-28 15:29:09','2020-10-28 15:29:09'),(155,'fe5addba9cb76de1bec889ac1546a5864fb7928d','select `roles`.*, `model_has_roles`.`model_id` as `pivot_model_id`, `model_has_roles`.`role_id` as `pivot_role_id`, `model_has_roles`.`model_type` as `pivot_model_type` from `roles` inner join `model_has_roles` on `roles`.`id` = `model_has_roles`.`role_id` where `model_has_roles`.`model_id` in (1, 49, 50, 51, 52) and `model_has_roles`.`model_type` = ?',20.69,1,'2020-10-28 15:32:01','2020-10-28 15:32:01'),(156,'3bbe802b007081c2086b1406ce49f841f9ce9259','select `permissions`.*, `model_has_permissions`.`model_id` as `pivot_model_id`, `model_has_permissions`.`permission_id` as `pivot_permission_id`, `model_has_permissions`.`model_type` as `pivot_model_type` from `permissions` inner join `model_has_permissions` on `permissions`.`id` = `model_has_permissions`.`permission_id` where `model_has_permissions`.`model_id` in (1, 49, 50, 51, 52) and `model_has_permissions`.`model_type` = ?',2.98,1,'2020-10-28 15:32:01','2020-10-28 15:32:01'),(157,'92aa2b36ca9b591bcb427a2f20fad67ec598a516','select `roles`.*, `model_has_roles`.`model_id` as `pivot_model_id`, `model_has_roles`.`role_id` as `pivot_role_id`, `model_has_roles`.`model_type` as `pivot_model_type` from `roles` inner join `model_has_roles` on `roles`.`id` = `model_has_roles`.`role_id` where `model_has_roles`.`model_id` in (43, 44, 45, 46, 47, 48, 49, 50, 51, 52) and `model_has_roles`.`model_type` = ?',3.37,1,'2020-10-28 15:33:42','2020-10-28 15:33:42'),(158,'88135b5804da574149b16489f7e1a1d70034e2c9','select `permissions`.*, `model_has_permissions`.`model_id` as `pivot_model_id`, `model_has_permissions`.`permission_id` as `pivot_permission_id`, `model_has_permissions`.`model_type` as `pivot_model_type` from `permissions` inner join `model_has_permissions` on `permissions`.`id` = `model_has_permissions`.`permission_id` where `model_has_permissions`.`model_id` in (43, 44, 45, 46, 47, 48, 49, 50, 51, 52) and `model_has_permissions`.`model_type` = ?',1.79,1,'2020-10-28 15:33:42','2020-10-28 15:33:42'),(159,'d9a5921cafc4fb1712f07fa6bb0fa2273bf78de0','select * from `users` order by users.id DESC limit 10 offset 50',2.24,1,'2020-10-28 15:33:51','2020-10-28 15:33:51'),(160,'5f224e11562f652b143a42dc028ec25423cc4fc3','select * from `lenders` order by lenders.id DESC limit 10 offset 50',2.37,1,'2020-10-28 15:36:32','2020-10-28 15:36:32'),(161,'7715bf4a47d31959b40f9272d554dc6bfad16435','select * from `users` where `users`.`id` in (43, 44, 45, 46, 47, 48, 49, 50, 51, 52)',1.53,1,'2020-10-28 16:09:51','2020-10-28 16:09:51'),(162,'db10227e10950dbd9163b2f1d0531a57e183f8bb','select * from `lenders` where `lenders`.`id` in (1)',1.51,1,'2020-10-28 16:14:30','2020-10-28 16:14:30'),(163,'074fa0a092718b9e732a4be0c4edac37fea2c361','select * from `banking_arrangment` where `banking_arrangment`.`id` in (1)',13.08,1,'2020-10-28 16:14:30','2020-10-28 16:14:30'),(164,'e71c124b5900edf6ff4b2c68306c456dd5ff91ff','select * from `lenders` where `lenders`.`id` in (0)',3.17,1,'2020-10-28 16:19:04','2020-10-28 16:19:04'),(165,'51730eb03169d831b50742f39af0acebaf7d2ca9','select * from `banking_arrangment` where `banking_arrangment`.`id` in (0)',1.28,1,'2020-10-28 16:19:04','2020-10-28 16:19:04'),(166,'4663972d3fff2bd832cfa1701b5918880921f571','select * from `lender_banking` where `lender_banking`.`id` = ? limit 1',1.81,1,'2020-10-28 16:19:29','2020-10-28 16:19:29'),(167,'d7fd2cceadb5b8f8d4f4fed4947b24b3f9af434f','select * from `lenders` where `lenders`.`id` in (?)',1.56,1,'2020-10-28 16:19:36','2020-10-28 16:19:36'),(168,'68f895b167960a3b013326a3b13537a5f4a31f6f','update `lender_banking` set `lender_id` = ?, `lender_banking`.`updated_at` = ? where `id` = ?',1.5,1,'2020-10-28 16:19:36','2020-10-28 16:19:36'),(169,'9cbc8f29fb43c08812f7a9f8c25157b355982bcb','select * from `banking_arrangment` where `banking_arrangment`.`id` in (?)',2.03,1,'2020-10-28 16:19:36','2020-10-28 16:19:36'),(170,'84dad30a395bf179dc06623aed5efabfc8623be3','update `lender_banking` set `banking_arrangment_id` = ?, `lender_banking`.`updated_at` = ? where `id` = ?',1.96,1,'2020-10-28 16:19:36','2020-10-28 16:19:36'),(171,'30c28564f270d12e8bf8b426c93248bc8dfea0c7','select * from `lenders` where `lenders`.`id` in (0, 1)',3.14,1,'2020-10-28 16:19:41','2020-10-28 16:19:41'),(172,'cfdb7c8f29f85387394c175d8d4e32d99fd2a1d7','select * from `banking_arrangment` where `banking_arrangment`.`id` in (0, 1)',2.3,1,'2020-10-28 16:19:41','2020-10-28 16:19:41'),(173,'93375f216685dd60664dcfdcb382b3065c3e7361','select * from `lenders` where `lenders`.`id` in (52)',2.44,1,'2020-10-28 16:28:56','2020-10-28 16:28:56'),(174,'7724425b7ea2de4b6ba4a7682c297e04b2eaaa2a','select * from `banking_arrangment` where `banking_arrangment`.`id` in (2, 3, 4, 5, 6, 7, 8, 9, 10, 11)',2.38,1,'2020-10-28 16:28:56','2020-10-28 16:28:56'),(175,'fdbf5faa5dc408ec22a34a4649fef3207b0d193c','select * from `lender_banking` order by lender_banking.sanction_amount asc, lender_banking.id DESC limit 10',3.17,1,'2020-10-28 16:31:27','2020-10-28 16:31:27'),(176,'fd9985b66871a8052b4f8b74b68f76979bc5275a','select * from `lender_banking` order by lender_banking.sanction_amount desc, lender_banking.id DESC limit 10',3.64,1,'2020-10-28 16:31:30','2020-10-28 16:31:30'),(177,'e2ad41f35e520f18d3e31fa7a5dcebf0c5d00e2c','select * from `lenders` where `lenders`.`id` in (1, 52)',2.79,1,'2020-10-28 16:31:30','2020-10-28 16:31:30'),(178,'820f5e1f59040d0a731bebec57b5df9430a3a8c5','select * from `banking_arrangment` where `banking_arrangment`.`id` in (3, 4, 5, 6, 7, 8, 9, 10, 11)',1.56,1,'2020-10-28 16:31:31','2020-10-28 16:31:31'),(179,'0dd3f4cf34556b3de74e13e5146a6106f4427cea','select count(*) as aggregate from `lender_banking` where (exists (select * from `lenders` where `lender_banking`.`lender_id` = `lenders`.`id` and `name` like ?) or exists (select * from `banking_arrangment` where `lender_banking`.`banking_arrangment_id` = `banking_arrangment`.`id` and `name` like ?) or `sanction_amount` like ? or `outstanding_amount` like ?)',9.41,1,'2020-10-28 16:35:01','2020-10-28 16:35:01'),(180,'d0b05e3fed0ae2da7c526e8975cf084a38dbb305','select * from `lender_banking` where (exists (select * from `lenders` where `lender_banking`.`lender_id` = `lenders`.`id` and `name` like ?) or exists (select * from `banking_arrangment` where `lender_banking`.`banking_arrangment_id` = `banking_arrangment`.`id` and `name` like ?) or `sanction_amount` like ? or `outstanding_amount` like ?) order by lender_banking.sanction_amount desc, lender_banking.id DESC limit 10',12.11,1,'2020-10-28 16:35:01','2020-10-28 16:35:01'),(181,'a5a57cd10c3069e0141c8468e5cf8bcf2deea4ce','select * from `lenders` where `lenders`.`id` in (1, 50, 51, 52)',1.85,1,'2020-10-28 16:35:21','2020-10-28 16:35:21'),(182,'123b17662c17855514a67da36539a070ad1fbc9a','select * from `banking_arrangment` where `banking_arrangment`.`id` in (1, 2, 4, 5)',1.49,1,'2020-10-28 16:35:21','2020-10-28 16:35:21'),(183,'b865409601e1ab42855fd3c5a5f543758a728813','select * from `lender_banking` order by lender_banking.lender_id asc, lender_banking.id DESC limit 10',2.59,1,'2020-10-28 16:35:52','2020-10-28 16:35:52'),(184,'0313f45a4a5b4b258ff9eb8b550545897b07c2a5','select * from `lender_banking` order by lender_banking.lender_id asc, lender_banking.id DESC limit 50',2.63,1,'2020-10-28 16:36:01','2020-10-28 16:36:01'),(185,'dd949027407c7c2e39b340469243f36bf59c63e7','select * from `lenders` where `lenders`.`id` in (1, 2, 3, 4, 5)',2.76,1,'2020-10-28 16:36:01','2020-10-28 16:36:01'),(186,'048302051f35cac46628a1adc19a4718b0222a24','select * from `banking_arrangment` where `banking_arrangment`.`id` in (1, 2, 3, 4, 5, 6, 7, 8, 9, 10, 11)',1.51,1,'2020-10-28 16:36:01','2020-10-28 16:36:01'),(187,'f3b629ee150827e4efe7471cbcc7b78c41fa0da2','select * from `categories` where `categories`.`id` = ? limit 1',11.16,1,'2020-10-28 17:20:30','2020-10-28 17:20:30'),(188,'494ff18b18b02c5493b5cb36358d62215bb0402a','update `categories` set `name` = ?, `slug` = ?, `categories`.`updated_at` = ? where `id` = ?',74.32,1,'2020-10-28 17:21:01','2020-10-28 17:21:01'),(189,'d67a64466f3a6ad81b404b664abad804cfe2def7','delete from `article_category` where `article_id` = ? and `category_id` in (?, ?, ?)',12.05,1,'2020-10-28 17:25:38','2020-10-28 17:25:38'),(190,'de385d9ad6a2ca8ff56dc0c946f8317ffee5d3cc','select * from `articles` order by articles.id DESC limit 10 offset 10',2.33,1,'2020-10-28 17:25:58','2020-10-28 17:25:58'),(191,'912399ce273001bc12484b61c5aa9922b4f0cc3a','select `categories`.*, `article_category`.`article_id` as `pivot_article_id`, `article_category`.`category_id` as `pivot_category_id` from `categories` inner join `article_category` on `categories`.`id` = `article_category`.`category_id` where `article_category`.`article_id` in (1, 2, 3, 4)',2.49,1,'2020-10-28 17:25:58','2020-10-28 17:25:58'),(192,'d5638a70f2291ec7db37c216cb6aadacb159a171','select `tags`.*, `article_tag`.`article_id` as `pivot_article_id`, `article_tag`.`tag_id` as `pivot_tag_id` from `tags` inner join `article_tag` on `tags`.`id` = `article_tag`.`tag_id` where `article_tag`.`article_id` in (1, 2, 3, 4)',1.53,1,'2020-10-28 17:25:58','2020-10-28 17:25:58'),(193,'80cfc72ef4e98076f2e425f97cd1bc479ff8e947','update `articles` set `content` = ?, `articles`.`updated_at` = ? where `id` = ?',2.04,1,'2020-10-28 17:26:12','2020-10-28 17:26:12'),(194,'ce42e813a465b2a588ae435183190e69206804ba','select * from `documents` where `documents`.`id` in (1, 2, 3, 5)',11.72,1,'2020-10-28 17:33:36','2020-10-28 17:33:36'),(195,'4d3bf706b81e0e656424dba5a307150b1599a903','select count(*) as aggregate from `user_login`',1.71,1,'2020-10-28 20:03:03','2020-10-28 20:03:03'),(196,'96d5a6ed3dadbc8f486aa9fb99ac382883812a47','select * from `user_login` order by user_login.id DESC limit 10',2.05,1,'2020-10-28 20:03:03','2020-10-28 20:03:03'),(197,'cd03552bbcab5154d989c0716f81b40366fd4f9f','select * from `banking_arrangment` order by `lft` desc',2.23,1,'2020-10-29 10:43:51','2020-10-29 10:43:51'),(198,'e7ac85c7217006d99748d8388c16e66edecb502a','select * from `lender_banking` where `lender_id` = ? and `banking_arrangment_id` = ? limit 1',1.9,1,'2020-10-29 10:43:52','2020-10-29 10:43:52'),(199,'6a7786b3444abe912010e0d5b04745a3f1fc3e20','select * from `lender_banking` left join `banking_arrangment` on `lender_banking`.`banking_arrangment_id` = `banking_arrangment`.`id` where `lender_id` = ?',10.71,1,'2020-10-29 15:29:31','2020-10-29 15:29:31'),(200,'9b3be5d6e5106a46f343688d19ed7745645e9d4d','update `pages` set `name` = ?, `pages`.`updated_at` = ? where `id` = ?',2.06,1,'2020-10-30 15:56:50','2020-10-30 15:56:50'),(201,'16c00bc0816e51a22ee2b02cb7c284cadf75855a','select count(*) as aggregate from `lender_type`',50.51,1,'2020-10-31 14:22:35','2020-10-31 14:22:35'),(202,'04937b1b8c362e048cf75929d353e8ad20b96b33','select * from `lender_type` order by `lft` asc, lender_type.id DESC limit 10',2.65,1,'2020-10-31 14:22:35','2020-10-31 14:22:35'),(203,'0769cc4f66172150138b1ce090dd11b83835f4c3','update `lenders` set `email` = ?, `password` = ?, `lenders`.`updated_at` = ? where `id` = ?',1.83,1,'2020-10-31 14:24:00','2020-10-31 14:24:00'),(204,'591e0b3d2b5384cd67c71a65d5465faef53b01f5','insert into `revisions` (`created_at`, `key`, `new_value`, `old_value`, `revisionable_id`, `revisionable_type`, `updated_at`, `user_id`) values (?, ?, ?, ?, ?, ?, ?, ?), (?, ?, ?, ?, ?, ?, ?, ?)',11.38,1,'2020-10-31 14:24:00','2020-10-31 14:24:00'),(205,'86ad3a48525a579c0bca723ae36320bf178b04ec','update `users` set `name` = ?, `email` = ?, `phone` = ?, `password` = ?, `users`.`updated_at` = ? where `id` = ?',1.24,1,'2020-10-31 14:24:01','2020-10-31 14:24:01'),(206,'1473763fcca7a7e86b818384163d078d853e7d1b','delete from `lender_banking` where `lender_id` = ?',19.5,1,'2020-10-31 14:24:01','2020-10-31 14:24:01'),(207,'76cf87062c566eb7fbd2b31a30d0431b56b1de37','insert into `lender_banking` (`lender_id`, `banking_arrangment_id`, `sanction_amount`, `outstanding_amount`, `created_at`) values (?, ?, ?, ?, ?)',1.53,1,'2020-10-31 14:24:01','2020-10-31 14:24:01'),(208,'048d8cb5ee565f550a4d2e19f51a7bc746ae6844','update `lenders` set `password` = ?, `lenders`.`updated_at` = ? where `id` = ?',0.82,1,'2020-10-31 14:24:52','2020-10-31 14:24:52'),(209,'0c8b32912b95fe317f5a88164ece0b36da1d59b0','select * from `users` where `users`.`id` in (1)',1.5,1,'2020-10-31 14:26:11','2020-10-31 14:26:11'),(210,'24ecec494981b1c0a21681aea32ae40a90220cc9','select * from `banking_arrangment` where `banking_arrangment`.`id` in (1, 2, 3, 4, 5, 6, 7, 8, 9, 10)',14.1,1,'2020-10-31 14:36:19','2020-10-31 14:36:19'),(211,'edf36868633a56306dfa806787fd152c449bf11e','select `permissions`.*, `role_has_permissions`.`role_id` as `pivot_role_id`, `role_has_permissions`.`permission_id` as `pivot_permission_id` from `permissions` inner join `role_has_permissions` on `permissions`.`id` = `role_has_permissions`.`permission_id` where `role_has_permissions`.`role_id` in (1, 2, 3, 4, 5)',1.97,1,'2020-11-02 13:43:48','2020-11-02 13:43:48'),(212,'441194bf18e973b557ab0f8fc8d13e6ef451c2b0','select `roles`.*, `model_has_roles`.`model_id` as `pivot_model_id`, `model_has_roles`.`role_id` as `pivot_role_id`, `model_has_roles`.`model_type` as `pivot_model_type` from `roles` inner join `model_has_roles` on `roles`.`id` = `model_has_roles`.`role_id` where `model_has_roles`.`model_id` in (52) and `model_has_roles`.`model_type` = ?',1.7,1,'2020-11-02 13:43:48','2020-11-02 13:43:48'),(213,'24dcaa3bf39d6d5f28d8d58cdba29d40c8217338','select count(*) as aggregate from `users` where `email` = ? and `id` &lt;&gt; ?',2.45,1,'2020-11-02 13:43:56','2020-11-02 13:43:56'),(214,'94326ac9c7de5a24524d3689c33fdf2afc5b3904','select count(*) as aggregate from `users` where `phone` = ? and `id` &lt;&gt; ?',2.34,1,'2020-11-02 13:43:56','2020-11-02 13:43:56'),(215,'8f1da7bbe1a63e88b72bb32b9175ace634c6859b','select * from `model_has_roles` where `model_id` = ? and `model_type` = ?',3.32,1,'2020-11-02 13:43:56','2020-11-02 13:43:56'),(216,'89fb048e2e3eec0df292ec44babcb9076a475a2a','insert into `model_has_roles` (`model_id`, `model_type`, `role_id`) values (?, ?, ?)',2.28,1,'2020-11-02 13:43:56','2020-11-02 13:43:56'),(217,'4dcea3be9b8ce55323e2fa55a6ec52e7c9baad54','select * from `model_has_permissions` where `model_id` = ? and `model_type` = ?',2.68,1,'2020-11-02 13:43:57','2020-11-02 13:43:57'),(218,'85e8ec1e0de35f221146301dee8009dae5c7d04a','select `permissions`.*, `role_has_permissions`.`role_id` as `pivot_role_id`, `role_has_permissions`.`permission_id` as `pivot_permission_id` from `permissions` inner join `role_has_permissions` on `permissions`.`id` = `role_has_permissions`.`permission_id` where `role_has_permissions`.`role_id` in (4)',1.53,1,'2020-11-02 13:44:53','2020-11-02 13:44:53'),(219,'8e2fb315820440670c4f179b07ec43a38f62b88a','select * from `users` where `users`.`id` in (1, 52)',2.03,1,'2020-11-02 13:51:27','2020-11-02 13:51:27'),(220,'f4ea9ca09efaed8e0af42cd3e3f726920eb37262','select * from `user_login` where `user_login`.`id` = ? limit 1',1.9,1,'2020-11-02 13:51:35','2020-11-02 13:51:35'),(221,'7b294d48353c1d3a6dbe1c2346c3de0a42adff52','select count(*) as aggregate from `roles`',1.25,1,'2020-11-02 13:51:52','2020-11-02 13:51:52'),(222,'f09abc153b91cbbb0741d7e96dbec95e354de845','select * from `roles` order by roles.id DESC limit 10',3.91,1,'2020-11-02 13:51:52','2020-11-02 13:51:52'),(223,'80bdc48152a5c80c09f039cac8cf865bc00bb8b0','select `users`.*, `model_has_roles`.`role_id` as `pivot_role_id`, `model_has_roles`.`model_id` as `pivot_model_id`, `model_has_roles`.`model_type` as `pivot_model_type` from `users` inner join `model_has_roles` on `users`.`id` = `model_has_roles`.`model_id` where `model_has_roles`.`role_id` in (1, 2, 3, 4, 5) and `model_has_roles`.`model_type` = ?',3.85,1,'2020-11-02 13:51:52','2020-11-02 13:51:52'),(224,'3eb11c308c7f2bb72e999417cee66dc5851ab032','select * from `users` order by users.id DESC limit 50',4.07,1,'2020-11-02 13:52:10','2020-11-02 13:52:10'),(225,'ce9d259fb05957c8d0e86d3419ce5f5b29223266','select `roles`.*, `model_has_roles`.`model_id` as `pivot_model_id`, `model_has_roles`.`role_id` as `pivot_role_id`, `model_has_roles`.`model_type` as `pivot_model_type` from `roles` inner join `model_has_roles` on `roles`.`id` = `model_has_roles`.`role_id` where `model_has_roles`.`model_id` in (3, 4, 5, 6, 7, 8, 9, 10, 11, 12, 13, 14, 15, 16, 17, 18, 19, 20, 21, 22, 23, 24, 25, 26, 27, 28, 29, 30, 31, 32, 33, 34, 35, 36, 37, 38, 39, 40, 41, 42, 43, 44, 45, 46, 47, 48, 49, 50, 51, 52) and `model_has_roles`.`model_type` = ?',4.98,1,'2020-11-02 13:52:10','2020-11-02 13:52:10'),(226,'2de90b57de51963551aa08e5769abd4b287e2654','select `permissions`.*, `model_has_permissions`.`model_id` as `pivot_model_id`, `model_has_permissions`.`permission_id` as `pivot_permission_id`, `model_has_permissions`.`model_type` as `pivot_model_type` from `permissions` inner join `model_has_permissions` on `permissions`.`id` = `model_has_permissions`.`permission_id` where `model_has_permissions`.`model_id` in (3, 4, 5, 6, 7, 8, 9, 10, 11, 12, 13, 14, 15, 16, 17, 18, 19, 20, 21, 22, 23, 24, 25, 26, 27, 28, 29, 30, 31, 32, 33, 34, 35, 36, 37, 38, 39, 40, 41, 42, 43, 44, 45, 46, 47, 48, 49, 50, 51, 52) and `model_has_permissions`.`model_type` = ?',2.66,1,'2020-11-02 13:52:10','2020-11-02 13:52:10'),(227,'8da035305fbca083ffad1a1c417dd971fd11da9c','select * from `users` order by users.id DESC limit 50 offset 50',3.21,1,'2020-11-02 13:52:22','2020-11-02 13:52:22'),(228,'47f9096d40a00eb33c410f881c54fa538a9490c1','select count(*) as aggregate from `lenders` where (exists (select * from `users` where `lenders`.`user_id` = `users`.`id` and `name` like ?) or `name` like ? or `code` like ? or `lot_name` like ?)',4.28,1,'2020-11-04 18:29:57','2020-11-04 18:29:57'),(229,'d050d1d52088d92253e578ed84d188d455168a10','select * from `lenders` where (exists (select * from `users` where `lenders`.`user_id` = `users`.`id` and `name` like ?) or `name` like ? or `code` like ? or `lot_name` like ?) order by lenders.id DESC limit 10',5.25,1,'2020-11-04 18:29:57','2020-11-04 18:29:57'),(230,'e234b4afae1fa520f3517217cd6923575bf73e3c','select count(*) as aggregate from `instrument_type`',2.42,1,'2020-11-05 11:30:05','2020-11-05 11:30:05'),(231,'f42d2d8ac3e271f70ba9a227e0673e06d759ed96','select * from `instrument_type` order by `lft` asc, instrument_type.id DESC limit 10',76.95,1,'2020-11-05 11:30:05','2020-11-05 11:30:05'),(232,'f9b2356da6892162967b6de2a133ea4a225d1db7','select count(*) as aggregate from `facility_type`',0.8,1,'2020-11-05 11:30:15','2020-11-05 11:30:15'),(233,'586f9c5265f89cb48aa92d0eca21c2e850b338a1','select * from `facility_type` order by `lft` asc, facility_type.id DESC limit 10',182.61,1,'2020-11-05 11:30:16','2020-11-05 11:30:16'),(234,'7c63aad3fb9ec07972dcb37532b4b73d7ed71694','select count(*) as aggregate from `asset_classes`',2,1,'2020-11-05 11:30:40','2020-11-05 11:30:40'),(235,'385d9334966c4f85a71b1e072313bc74b16330e6','select * from `asset_classes` order by asset_classes.id DESC limit 10',27.79,1,'2020-11-05 11:30:40','2020-11-05 11:30:40'),(236,'695482d5d199b8a4164302d05f52d0487eaf2bfa','select count(*) as aggregate from `document_category`',1.86,1,'2020-11-05 11:30:46','2020-11-05 11:30:46'),(237,'e808eb4ccd72acdf839c90dcef7edea157d33d6d','select * from `document_category` order by `lft` asc, document_category.id DESC limit 10',2.13,1,'2020-11-05 11:30:46','2020-11-05 11:30:46'),(238,'069cdaccfc1fcfb26561a85454a9bac69a31edf6','select * from `document_category` where `document_category`.`id` = ? limit 1',5.41,1,'2020-11-05 12:54:39','2020-11-05 12:54:39'),(239,'75772f7e432ad75aaba7f9a82c4f07207f59c741','select count(*) as aggregate from `email_sms`',2.78,1,'2020-11-05 12:57:06','2020-11-05 12:57:06'),(240,'1dda425733953a7c47e67805dc903e65299b5cf9','select * from `email_sms` order by email_sms.id DESC limit 10',43.11,1,'2020-11-05 12:57:06','2020-11-05 12:57:06'),(241,'ec2ef8345f7c0c6bbc82fd3ddc768b49934ddaad','update `document_category` set `is_timeline` = ?, `document_category`.`updated_at` = ? where `id` = ?',1.75,1,'2020-11-05 13:11:06','2020-11-05 13:11:06'),(242,'bbfcf958ebd0cd257a96b54bfce14080fb010bd5','select * from `lenders` where `user_id` is null limit 1',2.21,1,'2020-11-05 14:07:15','2020-11-05 14:07:15'),(243,'b190106e38546b8fcca37e2b02ea2ceaef7b3b13','select * from `document_category` where `id` = ? limit 1',9.21,1,'2020-11-05 15:21:43','2020-11-05 15:21:43'),(244,'095bc7e973e96a12a2b275662ea4eefb1781ddf9','select * from `document_category` where `id` is null limit 1',1.82,1,'2020-11-05 15:27:38','2020-11-05 15:27:38'),(245,'fed099b71bdb39fbedc6a2250c8f45025c02207b','select count(*) as aggregate from `users` where (`name` like ? or `email` like ?)',2.2,1,'2020-11-05 16:01:55','2020-11-05 16:01:55'),(246,'50502f8df9d9820d0a17607206790001bcc0166b','select * from `users` where (`name` like ? or `email` like ?) order by users.id DESC limit 10',3.48,1,'2020-11-05 16:01:55','2020-11-05 16:01:55'),(247,'b080f4c03da291a8c47d8d97e816d5c994672e1b','select * from `users` where (`name` like ? or `email` like ?) order by users.id DESC limit 10 offset 50',5.17,1,'2020-11-05 16:02:05','2020-11-05 16:02:05'),(248,'773c5bbf43ceb5e4eeba1ccc6f6e081ef131eed7','select `roles`.*, `model_has_roles`.`model_id` as `pivot_model_id`, `model_has_roles`.`role_id` as `pivot_role_id`, `model_has_roles`.`model_type` as `pivot_model_type` from `roles` inner join `model_has_roles` on `roles`.`id` = `model_has_roles`.`role_id` where `model_has_roles`.`model_id` in (1) and `model_has_roles`.`model_type` = ?',1.63,1,'2020-11-05 16:02:05','2020-11-05 16:02:05'),(249,'cb32aa5ef60389c3d3812c5372571e15154cd5c9','select `permissions`.*, `model_has_permissions`.`model_id` as `pivot_model_id`, `model_has_permissions`.`permission_id` as `pivot_permission_id`, `model_has_permissions`.`model_type` as `pivot_model_type` from `permissions` inner join `model_has_permissions` on `permissions`.`id` = `model_has_permissions`.`permission_id` where `model_has_permissions`.`model_id` in (1) and `model_has_permissions`.`model_type` = ?',1.19,1,'2020-11-05 16:02:05','2020-11-05 16:02:05'),(250,'65a5eb8a135511a91bd360270d220b414ef9925f','select * from `users` where (`name` like ? or `email` like ?) order by users.id DESC limit 10 offset 40',2.31,1,'2020-11-05 16:02:12','2020-11-05 16:02:12'),(251,'7c4011963419ae21954e42957b0e1647ba308b4d','select `roles`.*, `model_has_roles`.`model_id` as `pivot_model_id`, `model_has_roles`.`role_id` as `pivot_role_id`, `model_has_roles`.`model_type` as `pivot_model_type` from `roles` inner join `model_has_roles` on `roles`.`id` = `model_has_roles`.`role_id` where `model_has_roles`.`model_id` in (2, 3, 4, 5, 6, 7, 8, 9, 10, 11) and `model_has_roles`.`model_type` = ?',1.72,1,'2020-11-05 16:02:12','2020-11-05 16:02:12'),(252,'e819af731e5aee82557932916a15eb1b71b34548','select `permissions`.*, `model_has_permissions`.`model_id` as `pivot_model_id`, `model_has_permissions`.`permission_id` as `pivot_permission_id`, `model_has_permissions`.`model_type` as `pivot_model_type` from `permissions` inner join `model_has_permissions` on `permissions`.`id` = `model_has_permissions`.`permission_id` where `model_has_permissions`.`model_id` in (2, 3, 4, 5, 6, 7, 8, 9, 10, 11) and `model_has_permissions`.`model_type` = ?',1.54,1,'2020-11-05 16:02:12','2020-11-05 16:02:12'),(253,'47bcd0e455c4877599f6a214cf8c37c78be128ae','update `articles` set `article_pdf` = ?, `articles`.`updated_at` = ? where `id` = ?',7.04,1,'2020-11-05 20:17:49','2020-11-05 20:17:49'),(254,'09ab0d45d3a26a9b6e2d957ab081991f9de01f35','select * from `articles` where `id` = ? limit 1',1.35,1,'2020-11-05 20:19:12','2020-11-05 20:19:12'),(255,'15fe0f8ec2567fc5afd3e6582fe6a8de57da27b7','insert into `user_pdf` (`user_id`, `article_id`, `download_date`, `created_at`, `updated_at`) values (?, ?, ?, ?, ?)',1.39,1,'2020-11-05 20:19:12','2020-11-05 20:19:12'),(256,'b0dd526d010de445235a2c9c728aef455e4fefad','select * from `documents` where `documents`.`id` in (1, 2, 3)',2.44,1,'2020-11-05 20:23:44','2020-11-05 20:23:44'),(257,'cc79d08fe8be3cd8cbc64d31f661f53c2e68bfcd','select count(*) as aggregate from `user_pdf`',1.92,1,'2020-11-05 20:28:49','2020-11-05 20:28:49'),(258,'052209b22185fa436b883b601c50c1dedd267154','select * from `user_pdf` order by user_pdf.id DESC limit 10',16.86,1,'2020-11-05 20:28:49','2020-11-05 20:28:49'),(259,'3fa15cb12a983bf99d033148c563640059e39ccd','select * from `articles` where `articles`.`id` in (2)',1.46,1,'2020-11-05 20:28:49','2020-11-05 20:28:49'),(260,'2d6b42d8a1674877c1e9ebe7e4b5e459c1729ffe','select * from `user_pdf` where `user_pdf`.`id` = ? limit 1',1.92,1,'2020-11-05 20:30:08','2020-11-05 20:30:08'),(261,'9066654f5d7445111a5bd07e0aed102c976a9030','ALTER TABLE `lenders` CHANGE `created_at` `created_at` TIMESTAMP NULL DEFAULT CURRENT_TIMESTAMP',29.21,1,'2020-11-06 16:05:49','2020-11-06 16:05:49'),(262,'368ca6e3ad11298659524f782da87e4e9f92dd8f','select * from `users` where `users`.`id` in (2, 28, 29)',1.36,1,'2020-11-06 17:24:29','2020-11-06 17:24:29'),(263,'78fb3f55122961c454f69d6bf1dc84823402bc12','update `users` set `name` = ?, `email` = ?, `phone` = ?, `users`.`updated_at` = ? where `id` = ?',1.26,1,'2020-11-06 17:39:42','2020-11-06 17:39:42'),(264,'a2e42aa09d18982904607d3f1532dc36405804cf','select * from `documents` where `documents`.`id` in (1, 2, 4)',1.1,1,'2020-11-09 11:10:15','2020-11-09 11:10:15'),(265,'c9a201ee75576130209d3a4ee911e92d5516bd7d','select count(*) as aggregate from `documents` where `document_category_id` = ?',1.02,1,'2020-11-09 11:11:08','2020-11-09 11:11:08'),(266,'763f682649ed67a340ae330fc41b137e93b4e071','select * from `documents` where `document_category_id` = ? order by documents.id DESC limit 10',1.53,1,'2020-11-09 11:11:08','2020-11-09 11:11:08'),(267,'61cf58a4aa21f1814cd17eabc601b14d19649e13','select * from `user_document` order by user_document.user_id asc, user_document.id DESC limit 10',1.57,1,'2020-11-09 11:11:53','2020-11-09 11:11:53'),(268,'9214e87c4aff8d01a610c1ccb056f526cc189c2d','select * from `user_document` order by user_document.user_id asc, user_document.id DESC limit 10 offset 10',1.58,1,'2020-11-09 11:11:59','2020-11-09 11:11:59'),(269,'f2b0aa6b2e06d786b203724438dfc49c0f288cda','select * from `document_category` order by `lft` asc',1.64,1,'2020-11-09 11:18:27','2020-11-09 11:18:27'),(270,'eed1e121d98dd4a042e41b22f62d1a97a97a00f8','insert into `document_category` (`name`, `is_timeline`, `updated_at`, `created_at`) values (?, ?, ?, ?)',0.94,1,'2020-11-09 11:19:32','2020-11-09 11:19:32'),(271,'982192a06d920df767011db5a9dbbb6de3fd9ac0','update `document_category` set `parent_id` = ?, `depth` = ?, `lft` = ?, `rgt` = ?, `document_category`.`updated_at` = ? where `id` = ?',1.19,1,'2020-11-09 11:21:36','2020-11-09 11:21:36'),(272,'84598a4109bcef301526d07757ad574dad80c552','insert into `documents` (`document_category_id`, `document_sub_category_id`, `document_heading`, `document_name`, `document_filename`, `document_date`, `expiry_date`, `updated_at`, `created_at`) values (?, ?, ?, ?, ?, ?, ?, ?, ?)',0.66,1,'2020-11-09 11:26:35','2020-11-09 11:26:35'),(273,'1c57beb054447a2d4931b4d95f365dd116499eb6','select * from `document_category` where `document_category`.`id` in (1)',1.1,1,'2020-11-09 11:26:39','2020-11-09 11:26:39'),(274,'9b459fe710d4036634005af117e2f88e80dda791','select * from `document_category` where `document_category`.`id` in (13)',0.98,1,'2020-11-09 11:26:39','2020-11-09 11:26:39'),(275,'209f55c2073367cf72a1fb9d5b85db6de852d5df','update `documents` set `document_date` = ?, `expiry_date` = ?, `documents`.`updated_at` = ? where `id` = ?',1.06,1,'2020-11-09 11:29:35','2020-11-09 11:29:35'),(276,'5a3329471a740671ca5cb8c8dff94a7bc69fa883','update `document_category` set `name` = ?, `document_category`.`updated_at` = ? where `id` = ?',1.01,1,'2020-11-09 11:31:55','2020-11-09 11:31:55'),(277,'e604dd501f4c62c51779c161cd1f611dedcaeffc','select * from `document_category` order by `lft` asc, document_category.id DESC limit 10 offset 10',2.08,1,'2020-11-09 11:42:03','2020-11-09 11:42:03'),(278,'269be26600b966a85a2e8afe70186230415172b8','select count(*) as aggregate from `permissions`',0.57,1,'2020-11-09 11:44:24','2020-11-09 11:44:24'),(279,'2288aade4d671fca8db2d32b29da2f44cd39b96f','select * from `permissions` order by permissions.id DESC limit 10',4.7,1,'2020-11-09 11:44:24','2020-11-09 11:44:24'),(280,'48a47753d4c920d1fa41a417deef1336da6b8681','select * from `permissions` where `permissions`.`id` = ? limit 1',1.68,1,'2020-11-09 11:44:32','2020-11-09 11:44:32'),(281,'03aa408953aa735f1534582c4a0b8969f5461e5d','select count(*) as aggregate from `users` where exists (select * from `roles` inner join `model_has_roles` on `roles`.`id` = `model_has_roles`.`role_id` where `users`.`id` = `model_has_roles`.`model_id` and `model_has_roles`.`model_type` = ? and `role_id` = ?)',1.49,1,'2020-11-09 11:45:05','2020-11-09 11:45:05'),(282,'f759337c4104babb55f5058a2e24e2ce511a0fce','select * from `users` where exists (select * from `roles` inner join `model_has_roles` on `roles`.`id` = `model_has_roles`.`role_id` where `users`.`id` = `model_has_roles`.`model_id` and `model_has_roles`.`model_type` = ? and `role_id` = ?) order by users.id DESC limit 10',1.91,1,'2020-11-09 11:45:05','2020-11-09 11:45:05');
/*!40000 ALTER TABLE `tracker_sql_queries` ENABLE KEYS */;
UNLOCK TABLES;
DROP TABLE IF EXISTS `tracker_sql_queries_log`;
/*!40101 SET @saved_cs_client     = @@character_set_client */;
/*!40101 SET character_set_client = utf8 */;
CREATE TABLE `tracker_sql_queries_log` (
  `id` bigint(20) unsigned NOT NULL AUTO_INCREMENT,
  `log_id` bigint(20) unsigned NOT NULL,
  `sql_query_id` bigint(20) unsigned NOT NULL,
  `created_at` timestamp NULL DEFAULT NULL,
  `updated_at` timestamp NULL DEFAULT NULL,
  PRIMARY KEY (`id`),
  KEY `tracker_sql_queries_log_created_at_index` (`created_at`),
  KEY `tracker_sql_queries_log_updated_at_index` (`updated_at`),
  KEY `tracker_sql_queries_log_log_id_index` (`log_id`),
  KEY `tracker_sql_queries_log_sql_query_id_index` (`sql_query_id`)
) ENGINE=MyISAM DEFAULT CHARSET=latin1;
/*!40101 SET character_set_client = @saved_cs_client */;

LOCK TABLES `tracker_sql_queries_log` WRITE;
/*!40000 ALTER TABLE `tracker_sql_queries_log` DISABLE KEYS */;
/*!40000 ALTER TABLE `tracker_sql_queries_log` ENABLE KEYS */;
UNLOCK TABLES;
DROP TABLE IF EXISTS `tracker_sql_query_bindings`;
/*!40101 SET @saved_cs_client     = @@character_set_client */;
/*!40101 SET character_set_client = utf8 */;
CREATE TABLE `tracker_sql_query_bindings` (
  `id` bigint(20) unsigned NOT NULL AUTO_INCREMENT,
  `sha1` varchar(40) NOT NULL,
  `serialized` text NOT NULL,
  `created_at` timestamp NULL DEFAULT NULL,
  `updated_at` timestamp NULL DEFAULT NULL,
  PRIMARY KEY (`id`),
  KEY `tracker_sql_query_bindings_created_at_index` (`created_at`),
  KEY `tracker_sql_query_bindings_updated_at_index` (`updated_at`),
  KEY `tracker_sql_query_bindings_sha1_index` (`sha1`)
) ENGINE=MyISAM DEFAULT CHARSET=latin1;
/*!40101 SET character_set_client = @saved_cs_client */;

LOCK TABLES `tracker_sql_query_bindings` WRITE;
/*!40000 ALTER TABLE `tracker_sql_query_bindings` DISABLE KEYS */;
/*!40000 ALTER TABLE `tracker_sql_query_bindings` ENABLE KEYS */;
UNLOCK TABLES;
DROP TABLE IF EXISTS `tracker_sql_query_bindings_parameters`;
/*!40101 SET @saved_cs_client     = @@character_set_client */;
/*!40101 SET character_set_client = utf8 */;
CREATE TABLE `tracker_sql_query_bindings_parameters` (
  `id` bigint(20) unsigned NOT NULL AUTO_INCREMENT,
  `sql_query_bindings_id` bigint(20) unsigned DEFAULT NULL,
  `name` varchar(191) DEFAULT NULL,
  `value` text,
  `created_at` timestamp NULL DEFAULT NULL,
  `updated_at` timestamp NULL DEFAULT NULL,
  PRIMARY KEY (`id`),
  KEY `tracker_sql_query_bindings_parameters_created_at_index` (`created_at`),
  KEY `tracker_sql_query_bindings_parameters_updated_at_index` (`updated_at`),
  KEY `tracker_sql_query_bindings_parameters_name_index` (`name`),
  KEY `tracker_sqlqb_parameters` (`sql_query_bindings_id`)
) ENGINE=MyISAM DEFAULT CHARSET=latin1;
/*!40101 SET character_set_client = @saved_cs_client */;

LOCK TABLES `tracker_sql_query_bindings_parameters` WRITE;
/*!40000 ALTER TABLE `tracker_sql_query_bindings_parameters` DISABLE KEYS */;
/*!40000 ALTER TABLE `tracker_sql_query_bindings_parameters` ENABLE KEYS */;
UNLOCK TABLES;
DROP TABLE IF EXISTS `tracker_system_classes`;
/*!40101 SET @saved_cs_client     = @@character_set_client */;
/*!40101 SET character_set_client = utf8 */;
CREATE TABLE `tracker_system_classes` (
  `id` bigint(20) unsigned NOT NULL AUTO_INCREMENT,
  `name` varchar(191) NOT NULL,
  `created_at` timestamp NULL DEFAULT NULL,
  `updated_at` timestamp NULL DEFAULT NULL,
  PRIMARY KEY (`id`),
  KEY `tracker_system_classes_created_at_index` (`created_at`),
  KEY `tracker_system_classes_updated_at_index` (`updated_at`),
  KEY `tracker_system_classes_name_index` (`name`)
) ENGINE=MyISAM DEFAULT CHARSET=latin1;
/*!40101 SET character_set_client = @saved_cs_client */;

LOCK TABLES `tracker_system_classes` WRITE;
/*!40000 ALTER TABLE `tracker_system_classes` DISABLE KEYS */;
/*!40000 ALTER TABLE `tracker_system_classes` ENABLE KEYS */;
UNLOCK TABLES;
DROP TABLE IF EXISTS `transaction_categories`;
/*!40101 SET @saved_cs_client     = @@character_set_client */;
/*!40101 SET character_set_client = utf8 */;
CREATE TABLE `transaction_categories` (
  `id` bigint(20) unsigned NOT NULL AUTO_INCREMENT,
  `parent_id` int(11) DEFAULT NULL,
  `lft` int(11) DEFAULT NULL,
  `rgt` int(11) DEFAULT NULL,
  `depth` int(11) DEFAULT NULL,
  `category_code` varchar(191) COLLATE utf8mb4_unicode_ci NOT NULL,
  `category_name` varchar(191) COLLATE utf8mb4_unicode_ci NOT NULL,
  `is_timeline` tinyint(1) NOT NULL DEFAULT '0',
  `category_icon` varchar(100) COLLATE utf8mb4_unicode_ci DEFAULT NULL,
  `category_image` varchar(255) COLLATE utf8mb4_unicode_ci DEFAULT NULL,
  `transaction_category_status` tinyint(4) DEFAULT NULL,
  `created_at` timestamp NULL DEFAULT NULL,
  `updated_at` timestamp NULL DEFAULT NULL,
  `deleted_at` timestamp NULL DEFAULT NULL,
  PRIMARY KEY (`id`),
  UNIQUE KEY `transaction_categories_category_code_unique` (`category_code`)
) ENGINE=MyISAM AUTO_INCREMENT=11 DEFAULT CHARSET=utf8mb4 COLLATE=utf8mb4_unicode_ci;
/*!40101 SET character_set_client = @saved_cs_client */;

LOCK TABLES `transaction_categories` WRITE;
/*!40000 ALTER TABLE `transaction_categories` DISABLE KEYS */;
INSERT INTO `transaction_categories` VALUES (1,NULL,2,3,1,'Assignment','Assignment',1,NULL,NULL,1,NULL,'2021-03-15 16:59:49',NULL),(2,NULL,4,5,1,'Securitisation','Securitisation',1,NULL,NULL,1,NULL,'2021-03-15 16:59:49',NULL),(3,NULL,6,7,1,'NCD','NCD',1,NULL,NULL,1,NULL,'2021-03-15 16:59:49',NULL),(4,NULL,8,9,1,'MLD','MLD',1,NULL,NULL,1,NULL,'2021-03-15 16:59:49',NULL),(5,NULL,10,11,1,'Covered MLD','Covered MLD',1,NULL,NULL,1,NULL,'2021-03-15 16:59:49',NULL),(6,NULL,12,13,1,'Covered Bond','Covered Bond',1,NULL,NULL,1,NULL,'2021-03-15 16:59:49',NULL),(7,NULL,14,15,1,'ECB','ECB',1,NULL,NULL,1,NULL,'2021-03-15 16:59:49',NULL),(8,NULL,16,17,1,'Term Loan','Term Loan',1,NULL,NULL,1,NULL,'2021-03-15 16:59:49',NULL),(9,NULL,18,19,1,'CC_WCDL','CC/WCDL',1,NULL,NULL,1,NULL,'2021-03-15 16:59:49',NULL),(10,NULL,20,21,1,'Commercial Paper','Commercial Paper',1,NULL,NULL,1,NULL,'2021-03-15 16:59:49',NULL);
/*!40000 ALTER TABLE `transaction_categories` ENABLE KEYS */;
UNLOCK TABLES;
DROP TABLE IF EXISTS `transaction_category_trustee`;
/*!40101 SET @saved_cs_client     = @@character_set_client */;
/*!40101 SET character_set_client = utf8 */;
CREATE TABLE `transaction_category_trustee` (
  `transaction_category_id` int(11) NOT NULL DEFAULT '0',
  `trustee_id` int(11) NOT NULL DEFAULT '0',
  PRIMARY KEY (`transaction_category_id`,`trustee_id`),
  UNIQUE KEY `document_category_id` (`transaction_category_id`,`trustee_id`)
) ENGINE=InnoDB DEFAULT CHARSET=utf8 COLLATE=utf8_unicode_ci;
/*!40101 SET character_set_client = @saved_cs_client */;

LOCK TABLES `transaction_category_trustee` WRITE;
/*!40000 ALTER TABLE `transaction_category_trustee` DISABLE KEYS */;
INSERT INTO `transaction_category_trustee` VALUES (1,1),(1,2),(1,3),(1,4),(1,5),(1,6),(2,1),(2,2),(2,3),(2,4),(2,5),(2,6),(3,1),(3,2),(3,3),(3,4),(3,5),(3,6),(4,1),(4,2),(4,3),(4,4),(4,5),(4,6),(5,1),(5,2),(5,3),(5,4),(5,5),(5,6),(6,1),(6,2),(6,3),(6,4),(6,5),(6,6),(7,1),(7,2),(7,3),(7,4),(7,5),(7,6),(8,1),(8,2),(8,3),(8,4),(8,5),(8,6),(9,1),(9,2),(9,3),(9,4),(9,5),(9,6),(10,1),(10,2),(10,3),(10,4),(10,5),(10,6);
/*!40000 ALTER TABLE `transaction_category_trustee` ENABLE KEYS */;
UNLOCK TABLES;
DROP TABLE IF EXISTS `transaction_document_revisions`;
/*!40101 SET @saved_cs_client     = @@character_set_client */;
/*!40101 SET character_set_client = utf8 */;
CREATE TABLE `transaction_document_revisions` (
  `id` bigint(20) unsigned NOT NULL AUTO_INCREMENT,
  `document_id` bigint(20) unsigned NOT NULL,
  `document_heading` varchar(191) COLLATE utf8mb4_unicode_ci DEFAULT NULL,
  `document_name` varchar(191) COLLATE utf8mb4_unicode_ci NOT NULL,
  `document_filename` varchar(191) COLLATE utf8mb4_unicode_ci NOT NULL,
  `document_date` varchar(4) COLLATE utf8mb4_unicode_ci DEFAULT NULL,
  `expiry_date` date DEFAULT NULL,
  `document_status` tinyint(1) NOT NULL DEFAULT '0',
  `created_at` timestamp NULL DEFAULT CURRENT_TIMESTAMP,
  `updated_at` timestamp NULL DEFAULT CURRENT_TIMESTAMP,
  PRIMARY KEY (`id`),
  KEY `documents_document_category_id_foreign` (`document_id`)
) ENGINE=MyISAM AUTO_INCREMENT=68 DEFAULT CHARSET=utf8mb4 COLLATE=utf8mb4_unicode_ci;
/*!40101 SET character_set_client = @saved_cs_client */;

LOCK TABLES `transaction_document_revisions` WRITE;
/*!40000 ALTER TABLE `transaction_document_revisions` DISABLE KEYS */;
INSERT INTO `transaction_document_revisions` VALUES (1,1,'Capital Adequacy','Capital Adequacy Name','uploads/transaction_document/India-Kolkata-locator-map.png','2020','2020-11-17',2,'2021-03-16 06:46:13','2021-03-18 07:35:19'),(2,1,'Capital Adequacy','Capital Adequacy Name','uploads/transaction_document/kolkatahistory-191123122751.pdf','2020','2020-11-17',2,'2021-03-16 07:06:12','2021-03-18 07:35:19'),(3,1,'Capital Adequacy','Capital Adequacy Name','uploads/transaction_document/kolkatahistory-191123122751.pdf','2020','2020-11-17',2,'2021-03-18 07:36:27','2021-03-18 07:36:27'),(4,1,'Capital Adequacy','Capital Adequacy Name','uploads/transaction_document/kolkatahistory-191123122751.pdf','2020','2020-11-17',2,'2021-03-18 08:57:29','2021-03-18 08:57:29'),(5,5,'Capital Adequacy','Capital Adequacy Name4','uploads/transaction_document/kolkatahistory-191123122751.pdf','2020','2020-11-17',1,'2021-03-18 10:41:34','2021-03-18 10:41:34'),(6,8,'Capital Adequacy','Capital Adequacy Name5','uploads/transaction_document/kolkatahistory-191123122751.pdf','2020','2020-11-17',1,'2021-03-18 10:43:10','2021-03-18 10:43:10'),(7,9,'Capital Adequacy','Capital Adequacy Name5','uploads/transaction_document/kolkatahistory-191123122751.pdf','2020','2020-11-17',1,'2021-03-18 10:43:55','2021-03-18 10:43:55'),(8,1,'Capital Adequacy','Capital Adequacy Name','uploads/transaction_document/kolkatahistory-191123122751.pdf','2020','2020-11-17',1,'2021-03-25 05:55:17','2021-03-25 05:55:17'),(9,13,'Monthly payout report','Monthly payout report','uploads/trustee/transaction_document/callum/monthly_payout_report/Callum-Jan-21.xlsx','2021','2021-02-11',1,'2021-03-25 10:22:59','2021-03-25 10:22:59'),(10,13,'Monthly payout report','Monthly payout report','uploads/trustee/transaction_document/callum/monthly_payout_report/Callum-Jan-21.xlsx','2021','2021-02-11',1,'2021-03-25 10:39:25','2021-03-25 10:39:25'),(11,14,'service agreement','service agreement','uploads/article_pdf/print.pdf','2021','2021-03-30',1,'2021-03-30 11:42:13','2021-03-30 11:42:13'),(12,14,'service agreement','service agreement','uploads/article_pdf/print.pdf','2021','2021-03-30',1,'2021-03-30 11:42:51','2021-03-30 11:42:51'),(13,14,'service agreement','service agreement','uploads/article_pdf/print.pdf','2021','2021-03-30',1,'2021-03-30 11:44:20','2021-03-30 11:44:20'),(14,14,'service agreement','service agreement','uploads/article_pdf/print.pdf','2021','2021-03-30',1,'2021-03-30 11:47:04','2021-03-30 11:47:04'),(15,15,'MIS','MIS','uploads/trustee/transaction_document/callum/monthly_payout_report/Callum-Mar-21.xlsx','2021','2021-03-31',1,'2021-04-08 10:07:33','2021-04-08 15:42:54'),(16,15,'MIS','MIS','uploads/trustee/transaction_document/callum/monthly_payout_report/Callum-Mar-21.xlsx','2021','2021-03-31',1,'2021-04-08 10:11:48','2021-04-08 15:42:54'),(17,15,'MIS','MIS','uploads/trustee/transaction_document/callum/monthly_payout_report/Callum-Mar-21.xlsx','2021','2021-03-31',1,'2021-04-08 10:12:22','2021-04-08 15:42:54'),(18,15,'MIS','MIS','uploads/trustee/transaction_document/callum/monthly_payout_report/Callum-Mar-21.xlsx','2021','2021-03-31',1,'2021-04-08 10:13:16','2021-04-08 10:13:16'),(19,16,'MIS','MIS','uploads/trustee/transaction_document/callum/monthly_payout_report/Callum-Jan-21.xlsx','2021','2021-01-31',0,'2021-04-08 10:16:45','2021-04-08 10:16:45'),(20,17,'MIS','MIS','uploads/trustee/transaction_document/callum/monthly_payout_report/Callum-Feb-21.xlsx','2021','2021-02-28',0,'2021-04-08 10:17:57','2021-04-08 10:17:57'),(21,18,'MIS','MIS','uploads/trustee/transaction_document/callum/monthly_payout_report/Callum-April-19.xlsx','2019','2019-05-15',1,'2021-04-13 05:34:14','2021-04-13 05:34:14'),(22,19,'MIS','MIS','uploads/trustee/transaction_document/callum/monthly_payout_report/Callum-April-20.xlsx','2020','2020-05-13',1,'2021-04-13 05:35:02','2021-04-13 05:35:02'),(23,20,'MIS','MIS','uploads/trustee/transaction_document/callum/monthly_payout_report/Callum-Aug-18.xlsx','2018','2018-09-13',1,'2021-04-13 05:35:44','2021-04-13 05:35:44'),(24,21,'MIS','MIS','uploads/trustee/transaction_document/callum/monthly_payout_report/Callum-Aug-20.xlsx','2020','2020-09-13',1,'2021-04-13 05:36:23','2021-04-13 05:36:23'),(25,22,'MIS','MIS','uploads/trustee/transaction_document/callum/monthly_payout_report/Callum-Dec-18.xlsx','2018','2019-01-13',1,'2021-04-13 05:37:39','2021-04-13 05:37:39'),(26,23,'MIS','MIS','uploads/trustee/transaction_document/callum/monthly_payout_report/Callum-Dec-19.xlsx','2019','2020-01-13',1,'2021-04-13 05:38:21','2021-04-13 05:38:21'),(27,24,'MIS','MIS','uploads/trustee/transaction_document/callum/monthly_payout_report/Callum-Feb-19.xlsx',NULL,'2019-03-13',1,'2021-04-13 05:59:05','2021-04-13 05:59:05'),(28,25,'MIS','MIS','uploads/trustee/transaction_document/callum/monthly_payout_report/Callum-Feb-20.xlsx','2020','2020-03-13',1,'2021-04-13 05:59:51','2021-04-13 05:59:51'),(29,26,'MIS','MIS','uploads/trustee/transaction_document/callum/monthly_payout_report/Callum-Feb-21.xlsx','2021','2021-03-13',1,'2021-04-13 06:00:34','2021-04-13 06:00:34'),(30,27,'MIS','MIS','uploads/trustee/transaction_document/callum/monthly_payout_report/Callum-Jan-19.xlsx','2019','2019-02-13',1,'2021-04-13 06:01:09','2021-04-13 06:01:09'),(31,28,'MIS','MIS','uploads/trustee/transaction_document/callum/monthly_payout_report/Callum-Jan-20.xlsx',NULL,'2020-02-13',1,'2021-04-13 06:01:49','2021-04-13 06:01:49'),(32,29,'MIS','MIS','uploads/trustee/transaction_document/callum/monthly_payout_report/Callum-Jan-20.xlsx','2020','2020-02-13',1,'2021-04-13 06:02:49','2021-04-13 06:02:49'),(33,30,'MIS','MIS','uploads/trustee/transaction_document/callum/monthly_payout_report/Callum-Jan-21.xlsx','2021','2021-02-13',1,'2021-04-13 06:03:51','2021-04-13 06:03:51'),(34,31,'MIS','MIS','uploads/trustee/transaction_document/callum/monthly_payout_report/Callum-July-18.xlsx','2018','2018-08-13',1,'2021-04-13 06:06:23','2021-04-13 06:06:23'),(35,32,'MIS','MIS','uploads/trustee/transaction_document/callum/monthly_payout_report/Callum-July-19.xlsx','2019','2019-08-13',1,'2021-04-13 06:16:28','2021-04-13 06:16:28'),(36,33,'MIS','MIS','uploads/trustee/transaction_document/callum/monthly_payout_report/Callum-July-20.xlsx','2020','2020-08-13',1,'2021-04-13 06:17:41','2021-04-13 06:17:41'),(37,34,'MIS','MIS','uploads/trustee/transaction_document/callum/monthly_payout_report/Callum-Jun-18.xlsx','2018','2018-07-13',1,'2021-04-13 06:19:03','2021-04-13 06:19:03'),(38,35,'MIS','MIS','uploads/trustee/transaction_document/callum/monthly_payout_report/Callum-July-20.xlsx','2020','2020-08-13',1,'2021-04-13 06:21:01','2021-04-13 06:21:01'),(39,36,'MIS','MIS','uploads/trustee/transaction_document/callum/monthly_payout_report/Callum-Jun-18.xlsx','2018','2021-07-13',1,'2021-04-13 06:21:58','2021-04-13 06:21:58'),(40,37,'MIS','MIS','uploads/trustee/transaction_document/callum/monthly_payout_report/Callum-Jun-20.xlsx','2020','2020-07-13',1,'2021-04-13 06:33:13','2021-04-13 06:33:13'),(41,38,'MIS','MIS','uploads/trustee/transaction_document/callum/monthly_payout_report/Callum-Mar-19.xlsx','2019','2019-04-13',1,'2021-04-13 06:34:17','2021-04-13 06:34:17'),(42,39,'MIS','MIS','uploads/trustee/transaction_document/callum/monthly_payout_report/Callum-Mar-20.xlsx','2020','2020-04-13',1,'2021-04-13 06:35:15','2021-04-13 06:35:15'),(43,40,'MIS','MIS','uploads/trustee/transaction_document/callum/executed_documents/Vaiola-Sep-20.xlsb','2020','2021-10-05',1,'2021-04-14 06:05:39','2021-04-14 06:05:39'),(44,41,'MIS','MIS','uploads/trustee/transaction_document/callum/executed_documents/Viola-Oct-20.xlsx','2020','2020-11-05',1,'2021-04-14 06:06:43','2021-04-14 06:06:43'),(45,42,'MIS','MIS','uploads/trustee/transaction_document/callum/executed_documents/Viola-Nov-20.xlsx','2020','2020-12-05',1,'2021-04-14 06:07:41','2021-04-14 06:07:41'),(46,43,'MIS','MIS','uploads/trustee/transaction_document/callum/executed_documents/Voila-Dec-20.xlsx','2020','2021-01-05',1,'2021-04-14 06:08:34','2021-04-14 06:08:34'),(47,44,'MIS','MIS','uploads/trustee/transaction_document/callum/executed_documents/Voila-Jan-21.xlsx',NULL,'2021-02-05',1,'2021-04-14 06:09:26','2021-04-14 06:09:26'),(48,45,'MIS','MIS','uploads/trustee/transaction_document/callum/executed_documents/Viola-Feb-21.xlsx','2021','2021-03-05',1,'2021-04-14 06:10:16','2021-04-14 06:10:16'),(49,46,'MIS','MIS','uploads/trustee/transaction_document/callum/executed_documents/Viola-Mar-21.xlsx','2021','2021-04-05',1,'2021-04-14 06:11:53','2021-04-14 06:11:53'),(50,46,'MIS-Mar-21','MIS','uploads/trustee/transaction_document/callum/executed_documents/Viola-Mar-21.xlsx','2021','2021-04-05',1,'2021-04-15 09:37:13','2021-04-15 09:37:13'),(51,46,'MIS-Mar-21','MIS-Mar-21','uploads/trustee/transaction_document/callum/executed_documents/Viola-Mar-21.xlsx','2021','2021-04-05',1,'2021-04-15 09:37:37','2021-04-15 09:37:37'),(52,46,'MIS','MIS-Mar-21','uploads/trustee/transaction_document/callum/executed_documents/Viola-Mar-21.xlsx','2021','2021-04-05',1,'2021-04-15 09:38:05','2021-04-15 09:38:05'),(53,47,'MIS-Mar-21','MIS','uploads/trustee/transaction_document/callum/executed_documents/Spark-Mar-21.xlsx','2021','2021-04-05',1,'2021-04-15 09:39:34','2021-04-15 09:39:34'),(54,47,'MIS','MIS-Mar-21','uploads/trustee/transaction_document/callum/executed_documents/Spark-Mar-21.xlsx','2021','2021-04-05',1,'2021-04-15 09:39:56','2021-04-15 09:39:56'),(55,48,'MIS','MIS-Mar-21','uploads/trustee/transaction_document/callum/executed_documents/Marvin-Mar-21.xlsx','2021','2021-04-05',1,'2021-04-15 09:40:56','2021-04-15 09:40:56'),(56,49,'MIS','MIS-Mar-21','uploads/trustee/transaction_document/callum/executed_documents/Indian Bank-Mar-21.xlsx','2021','2021-04-05',1,'2021-04-15 09:42:18','2021-04-15 09:42:18'),(57,50,'MIS','MIS-Mar-21','uploads/trustee/transaction_document/callum/executed_documents/BOM-Mar-21.xlsx','2021','2021-04-05',1,'2021-04-15 09:43:12','2021-04-15 09:43:12'),(58,51,'MIS','MIS-Mar-21','uploads/trustee/transaction_document/callum/executed_documents/Onyx-Mar-21.xlsx','2021','2021-04-05',1,'2021-04-15 09:45:11','2021-04-15 09:45:11'),(59,52,'MIS','MIS-Mar-21','uploads/trustee/transaction_document/callum/executed_documents/SBL Moira-Mar-21.xlsx','2021','2021-04-05',1,'2021-04-15 09:46:57','2021-04-15 09:46:57'),(60,53,'MIS','MIS-Mar-21','uploads/trustee/transaction_document/callum/executed_documents/Spark-Mar-21.xlsx','2021','2021-04-05',1,'2021-04-15 09:48:11','2021-04-15 09:48:11'),(61,54,'MIS','MIS-Mar-21','uploads/trustee/transaction_document/callum/executed_documents/Allahabad-Mar-21.xlsx','2021','2021-04-05',1,'2021-04-15 09:50:16','2021-04-15 09:50:16'),(62,55,'MIS','MIS-Mar-21','uploads/trustee/transaction_document/callum/executed_documents/Earth-Mar-21.xlsx','2021','2021-04-05',1,'2021-04-15 09:51:36','2021-04-15 09:51:36'),(63,56,'MIS','MIS-Mar-21','uploads/trustee/transaction_document/callum/executed_documents/Final Ankur-Mar-21.xlsb','2021','2021-04-05',1,'2021-04-15 09:53:37','2021-04-15 09:53:37'),(64,57,'MIS','MIS-Mar-21','uploads/trustee/transaction_document/callum/executed_documents/A.K.Manya-Mar-21.xlsx',NULL,'2021-04-05',1,'2021-04-15 09:54:29','2021-04-15 09:54:29'),(65,58,'MIS','MIS-Mar-21','uploads/trustee/transaction_document/callum/executed_documents/Viviriti neal-Mar-21.xlsx','2021','2021-04-05',1,'2021-04-15 09:55:31','2021-04-15 09:55:31'),(66,59,'MIS','MIS-Mar-21','uploads/trustee/transaction_document/callum/executed_documents/Voldemort-Mar-21.xlsx','2021','2021-04-05',1,'2021-04-15 09:56:43','2021-04-15 09:56:43'),(67,60,'MIS','MIS-Mar-21','uploads/trustee/transaction_document/callum/executed_documents/Intitium-Mar-21.xlsx','2021','2021-04-05',1,'2021-04-15 09:59:00','2021-04-15 09:59:00');
/*!40000 ALTER TABLE `transaction_document_revisions` ENABLE KEYS */;
UNLOCK TABLES;
DROP TABLE IF EXISTS `transaction_document_trustee`;
/*!40101 SET @saved_cs_client     = @@character_set_client */;
/*!40101 SET character_set_client = utf8 */;
CREATE TABLE `transaction_document_trustee` (
  `transaction_document_id` int(11) NOT NULL DEFAULT '0',
  `trustee_id` int(11) NOT NULL DEFAULT '0',
  PRIMARY KEY (`transaction_document_id`,`trustee_id`),
  UNIQUE KEY `document_id` (`transaction_document_id`,`trustee_id`)
) ENGINE=InnoDB DEFAULT CHARSET=utf8 COLLATE=utf8_unicode_ci;
/*!40101 SET character_set_client = @saved_cs_client */;

LOCK TABLES `transaction_document_trustee` WRITE;
/*!40000 ALTER TABLE `transaction_document_trustee` DISABLE KEYS */;
INSERT INTO `transaction_document_trustee` VALUES (1,1),(13,1),(14,1),(15,1);
/*!40000 ALTER TABLE `transaction_document_trustee` ENABLE KEYS */;
UNLOCK TABLES;
DROP TABLE IF EXISTS `transaction_document_types`;
/*!40101 SET @saved_cs_client     = @@character_set_client */;
/*!40101 SET character_set_client = utf8 */;
CREATE TABLE `transaction_document_types` (
  `id` int(10) unsigned NOT NULL AUTO_INCREMENT,
  `parent_id` int(11) DEFAULT '0',
  `lft` int(10) unsigned DEFAULT NULL,
  `rgt` int(10) unsigned DEFAULT NULL,
  `depth` int(10) unsigned DEFAULT NULL,
  `name` varchar(191) COLLATE utf8mb4_unicode_ci NOT NULL,
  `created_at` timestamp NULL DEFAULT NULL,
  `updated_at` timestamp NULL DEFAULT NULL,
  `deleted_at` timestamp NULL DEFAULT NULL,
  PRIMARY KEY (`id`)
) ENGINE=MyISAM AUTO_INCREMENT=8 DEFAULT CHARSET=utf8mb4 COLLATE=utf8mb4_unicode_ci;
/*!40101 SET character_set_client = @saved_cs_client */;

LOCK TABLES `transaction_document_types` WRITE;
/*!40000 ALTER TABLE `transaction_document_types` DISABLE KEYS */;
INSERT INTO `transaction_document_types` VALUES (1,NULL,2,3,1,'Term sheet',NULL,'2021-03-15 10:17:41',NULL),(2,NULL,4,5,1,'Service Agreement',NULL,'2021-03-15 10:17:41',NULL),(3,NULL,6,7,1,'Account Agreement',NULL,'2021-03-15 10:17:41',NULL),(4,NULL,8,9,1,'Assignment Agreement',NULL,'2021-03-15 10:17:41',NULL),(5,NULL,10,11,1,'Trust Deed',NULL,'2021-03-15 10:17:41',NULL),(6,NULL,12,13,1,'I/M',NULL,'2021-03-15 10:17:41',NULL),(7,NULL,14,15,1,'Other',NULL,'2021-03-15 10:17:41',NULL);
/*!40000 ALTER TABLE `transaction_document_types` ENABLE KEYS */;
UNLOCK TABLES;
DROP TABLE IF EXISTS `transaction_documents`;
/*!40101 SET @saved_cs_client     = @@character_set_client */;
/*!40101 SET character_set_client = utf8 */;
CREATE TABLE `transaction_documents` (
  `id` bigint(20) unsigned NOT NULL AUTO_INCREMENT,
  `transaction_id` bigint(20) unsigned NOT NULL,
  `user_id` bigint(20) unsigned NOT NULL,
  `transaction_document_type_id` bigint(20) unsigned DEFAULT NULL,
  `document_heading` varchar(191) COLLATE utf8mb4_unicode_ci DEFAULT NULL,
  `document_type` varchar(50) COLLATE utf8mb4_unicode_ci DEFAULT NULL,
  `document_name` varchar(191) COLLATE utf8mb4_unicode_ci DEFAULT NULL,
  `document_filename` varchar(191) COLLATE utf8mb4_unicode_ci DEFAULT NULL,
  `document_date` varchar(191) COLLATE utf8mb4_unicode_ci DEFAULT NULL,
  `expiry_date` date DEFAULT NULL,
  `document_status` tinyint(4) DEFAULT NULL,
  `created_at` timestamp NULL DEFAULT NULL,
  `updated_at` timestamp NULL DEFAULT NULL,
  `deleted_at` timestamp NULL DEFAULT NULL,
  PRIMARY KEY (`id`),
  KEY `transaction_documents_transaction_id_foreign` (`transaction_id`),
  KEY `transaction_documents_transaction_document_type_foreign` (`transaction_document_type_id`),
  KEY `transaction_documents_user_id_foreign` (`user_id`)
) ENGINE=MyISAM AUTO_INCREMENT=61 DEFAULT CHARSET=utf8mb4 COLLATE=utf8mb4_unicode_ci;
/*!40101 SET character_set_client = @saved_cs_client */;

LOCK TABLES `transaction_documents` WRITE;
/*!40000 ALTER TABLE `transaction_documents` DISABLE KEYS */;
INSERT INTO `transaction_documents` VALUES (15,8,68,NULL,'MIS','Monthly Payout Report','MIS','uploads/trustee/transaction_document/callum/monthly_payout_report/Callum-Mar-21.xlsx','2021','2021-03-31',1,'2021-04-08 15:37:33','2021-04-08 15:42:54',NULL),(16,8,68,NULL,'MIS','Monthly Payout Report','MIS','uploads/trustee/transaction_document/callum/monthly_payout_report/Callum-Jan-21.xlsx','2021','2021-01-31',0,'2021-04-08 15:46:45','2021-04-08 15:46:45',NULL),(17,8,68,NULL,'MIS','Monthly Payout Report','MIS','uploads/trustee/transaction_document/callum/monthly_payout_report/Callum-Feb-21.xlsx','2021','2021-02-28',0,'2021-04-08 15:47:57','2021-04-08 15:47:57',NULL),(18,8,68,NULL,'MIS','Monthly Payout Report','MIS','uploads/trustee/transaction_document/callum/monthly_payout_report/Callum-April-19.xlsx','2019','2019-05-15',1,'2021-04-13 11:04:14','2021-04-13 11:04:14',NULL),(19,8,68,NULL,'MIS','Monthly Payout Report','MIS','uploads/trustee/transaction_document/callum/monthly_payout_report/Callum-April-20.xlsx','2020','2020-05-13',1,'2021-04-13 11:05:02','2021-04-13 11:05:02',NULL),(20,8,68,NULL,'MIS','Monthly Payout Report','MIS','uploads/trustee/transaction_document/callum/monthly_payout_report/Callum-Aug-18.xlsx','2018','2018-09-13',1,'2021-04-13 11:05:44','2021-04-13 11:05:44',NULL),(21,8,68,NULL,'MIS','Monthly Payout Report','MIS','uploads/trustee/transaction_document/callum/monthly_payout_report/Callum-Aug-20.xlsx','2020','2020-09-13',1,'2021-04-13 11:06:23','2021-04-13 11:06:23',NULL),(22,8,68,NULL,'MIS','Monthly Payout Report','MIS','uploads/trustee/transaction_document/callum/monthly_payout_report/Callum-Dec-18.xlsx','2018','2019-01-13',1,'2021-04-13 11:07:39','2021-04-13 11:07:39',NULL),(23,8,68,NULL,'MIS','Monthly Payout Report','MIS','uploads/trustee/transaction_document/callum/monthly_payout_report/Callum-Dec-19.xlsx','2019','2020-01-13',1,'2021-04-13 11:08:21','2021-04-13 11:08:21',NULL),(24,8,68,NULL,'MIS','Monthly Payout Report','MIS','uploads/trustee/transaction_document/callum/monthly_payout_report/Callum-Feb-19.xlsx',NULL,'2019-03-13',1,'2021-04-13 11:29:05','2021-04-13 11:29:05',NULL),(25,8,68,NULL,'MIS','Monthly Payout Report','MIS','uploads/trustee/transaction_document/callum/monthly_payout_report/Callum-Feb-20.xlsx','2020','2020-03-13',1,'2021-04-13 11:29:51','2021-04-13 11:29:51',NULL),(26,8,68,NULL,'MIS','Monthly Payout Report','MIS','uploads/trustee/transaction_document/callum/monthly_payout_report/Callum-Feb-21.xlsx','2021','2021-03-13',1,'2021-04-13 11:30:34','2021-04-13 11:30:34',NULL),(27,8,68,NULL,'MIS','Monthly Payout Report','MIS','uploads/trustee/transaction_document/callum/monthly_payout_report/Callum-Jan-19.xlsx','2019','2019-02-13',1,'2021-04-13 11:31:09','2021-04-13 11:31:09',NULL),(28,8,68,NULL,'MIS','Monthly Payout Report','MIS','uploads/trustee/transaction_document/callum/monthly_payout_report/Callum-Jan-20.xlsx',NULL,'2020-02-13',1,'2021-04-13 11:31:49','2021-04-13 11:31:49',NULL),(29,8,68,NULL,'MIS','Monthly Payout Report','MIS','uploads/trustee/transaction_document/callum/monthly_payout_report/Callum-Jan-20.xlsx','2020','2020-02-13',1,'2021-04-13 11:32:49','2021-04-13 11:32:49',NULL),(30,8,68,NULL,'MIS','Monthly Payout Report','MIS','uploads/trustee/transaction_document/callum/monthly_payout_report/Callum-Jan-21.xlsx','2021','2021-02-13',1,'2021-04-13 11:33:51','2021-04-13 11:33:51',NULL),(31,8,68,NULL,'MIS','Monthly Payout Report','MIS','uploads/trustee/transaction_document/callum/monthly_payout_report/Callum-July-18.xlsx','2018','2018-08-13',1,'2021-04-13 11:36:23','2021-04-13 11:36:23',NULL),(32,8,68,NULL,'MIS','Monthly Payout Report','MIS','uploads/trustee/transaction_document/callum/monthly_payout_report/Callum-July-19.xlsx','2019','2019-08-13',1,'2021-04-13 11:46:28','2021-04-13 11:46:28',NULL),(33,8,68,NULL,'MIS','Monthly Payout Report','MIS','uploads/trustee/transaction_document/callum/monthly_payout_report/Callum-July-20.xlsx','2020','2020-08-13',1,'2021-04-13 11:47:41','2021-04-13 11:47:41',NULL),(34,8,68,NULL,'MIS','Monthly Payout Report','MIS','uploads/trustee/transaction_document/callum/monthly_payout_report/Callum-Jun-18.xlsx','2018','2018-07-13',1,'2021-04-13 11:49:03','2021-04-13 11:49:03',NULL),(35,8,68,NULL,'MIS','Monthly Payout Report','MIS','uploads/trustee/transaction_document/callum/monthly_payout_report/Callum-July-20.xlsx','2020','2020-08-13',1,'2021-04-13 11:51:01','2021-04-13 11:51:01',NULL),(36,8,68,NULL,'MIS','Monthly Payout Report','MIS','uploads/trustee/transaction_document/callum/monthly_payout_report/Callum-Jun-18.xlsx','2018','2021-07-13',1,'2021-04-13 11:51:58','2021-04-13 11:51:58',NULL),(37,8,68,NULL,'MIS','Monthly Payout Report','MIS','uploads/trustee/transaction_document/callum/monthly_payout_report/Callum-Jun-20.xlsx','2020','2020-07-13',1,'2021-04-13 12:03:13','2021-04-13 12:03:13',NULL),(38,8,68,NULL,'MIS','Monthly Payout Report','MIS','uploads/trustee/transaction_document/callum/monthly_payout_report/Callum-Mar-19.xlsx','2019','2019-04-13',1,'2021-04-13 12:04:17','2021-04-13 12:04:17',NULL),(39,8,68,NULL,'MIS','Monthly Payout Report','MIS','uploads/trustee/transaction_document/callum/monthly_payout_report/Callum-Mar-20.xlsx','2020','2020-04-13',1,'2021-04-13 12:05:15','2021-04-13 12:05:15',NULL),(40,10,68,NULL,'MIS','Monthly Payout Report','MIS','uploads/trustee/transaction_document/callum/executed_documents/Vaiola-Sep-20.xlsb','2020','2021-10-05',1,'2021-04-14 11:35:39','2021-04-14 11:35:39',NULL),(41,10,68,NULL,'MIS','Monthly Payout Report','MIS','uploads/trustee/transaction_document/callum/executed_documents/Viola-Oct-20.xlsx','2020','2020-11-05',1,'2021-04-14 11:36:43','2021-04-14 11:36:43',NULL),(42,10,68,NULL,'MIS','Monthly Payout Report','MIS','uploads/trustee/transaction_document/callum/executed_documents/Viola-Nov-20.xlsx','2020','2020-12-05',1,'2021-04-14 11:37:41','2021-04-14 11:37:41',NULL),(43,10,68,NULL,'MIS','Monthly Payout Report','MIS','uploads/trustee/transaction_document/callum/executed_documents/Voila-Dec-20.xlsx','2020','2021-01-05',1,'2021-04-14 11:38:34','2021-04-14 11:38:34',NULL),(44,10,68,NULL,'MIS','Monthly Payout Report','MIS','uploads/trustee/transaction_document/callum/executed_documents/Voila-Jan-21.xlsx',NULL,'2021-02-05',1,'2021-04-14 11:39:26','2021-04-14 11:39:26',NULL),(45,10,68,NULL,'MIS','Monthly Payout Report','MIS','uploads/trustee/transaction_document/callum/executed_documents/Viola-Feb-21.xlsx','2021','2021-03-05',1,'2021-04-14 11:40:16','2021-04-14 11:40:16',NULL),(46,10,68,NULL,'MIS','Monthly Payout Report','MIS-Mar-21','uploads/trustee/transaction_document/callum/executed_documents/Viola-Mar-21.xlsx','2021','2021-04-05',1,'2021-04-14 11:41:53','2021-04-15 15:08:05',NULL),(47,15,68,NULL,'MIS','Monthly Payout Report','MIS-Mar-21','uploads/trustee/transaction_document/callum/executed_documents/Spark-Mar-21.xlsx','2021','2021-04-05',1,'2021-04-15 15:09:34','2021-04-15 15:09:56',NULL),(48,14,68,NULL,'MIS','Monthly Payout Report','MIS-Mar-21','uploads/trustee/transaction_document/callum/executed_documents/Marvin-Mar-21.xlsx','2021','2021-04-05',1,'2021-04-15 15:10:56','2021-04-15 15:10:56',NULL),(49,13,68,NULL,'MIS','Monthly Payout Report','MIS-Mar-21','uploads/trustee/transaction_document/callum/executed_documents/Indian Bank-Mar-21.xlsx','2021','2021-04-05',1,'2021-04-15 15:12:18','2021-04-15 15:12:18',NULL),(50,12,68,NULL,'MIS','Monthly Payout Report','MIS-Mar-21','uploads/trustee/transaction_document/callum/executed_documents/BOM-Mar-21.xlsx','2021','2021-04-05',1,'2021-04-15 15:13:12','2021-04-15 15:13:12',NULL),(51,11,68,NULL,'MIS','Monthly Payout Report','MIS-Mar-21','uploads/trustee/transaction_document/callum/executed_documents/Onyx-Mar-21.xlsx','2021','2021-04-05',1,'2021-04-15 15:15:11','2021-04-15 15:15:11',NULL),(52,16,68,NULL,'MIS','Monthly Payout Report','MIS-Mar-21','uploads/trustee/transaction_document/callum/executed_documents/SBL Moira-Mar-21.xlsx','2021','2021-04-05',1,'2021-04-15 15:16:57','2021-04-15 15:16:57',NULL),(53,15,68,NULL,'MIS','Monthly Payout Report','MIS-Mar-21','uploads/trustee/transaction_document/callum/executed_documents/Spark-Mar-21.xlsx','2021','2021-04-05',1,'2021-04-15 15:18:11','2021-04-15 15:18:11',NULL),(54,18,68,NULL,'MIS','Monthly Payout Report','MIS-Mar-21','uploads/trustee/transaction_document/callum/executed_documents/Allahabad-Mar-21.xlsx','2021','2021-04-05',1,'2021-04-15 15:20:16','2021-04-15 15:20:16',NULL),(55,19,68,NULL,'MIS','Monthly Payout Report','MIS-Mar-21','uploads/trustee/transaction_document/callum/executed_documents/Earth-Mar-21.xlsx','2021','2021-04-05',1,'2021-04-15 15:21:36','2021-04-15 15:21:36',NULL),(56,20,68,NULL,'MIS','Monthly Payout Report','MIS-Mar-21','uploads/trustee/transaction_document/callum/executed_documents/Final Ankur-Mar-21.xlsb','2021','2021-04-05',1,'2021-04-15 15:23:37','2021-04-15 15:23:37',NULL),(57,21,68,NULL,'MIS','Monthly Payout Report','MIS-Mar-21','uploads/trustee/transaction_document/callum/executed_documents/A.K.Manya-Mar-21.xlsx',NULL,'2021-04-05',1,'2021-04-15 15:24:29','2021-04-15 15:24:29',NULL),(58,22,68,NULL,'MIS','Monthly Payout Report','MIS-Mar-21','uploads/trustee/transaction_document/callum/executed_documents/Viviriti neal-Mar-21.xlsx','2021','2021-04-05',1,'2021-04-15 15:25:31','2021-04-15 15:25:31',NULL),(59,24,68,NULL,'MIS','Monthly Payout Report','MIS-Mar-21','uploads/trustee/transaction_document/callum/executed_documents/Voldemort-Mar-21.xlsx','2021','2021-04-05',1,'2021-04-15 15:26:43','2021-04-15 15:26:43',NULL),(60,25,68,NULL,'MIS','Monthly Payout Report','MIS-Mar-21','uploads/trustee/transaction_document/callum/executed_documents/Intitium-Mar-21.xlsx','2021','2021-04-05',1,'2021-04-15 15:29:00','2021-04-15 15:29:00',NULL);
/*!40000 ALTER TABLE `transaction_documents` ENABLE KEYS */;
UNLOCK TABLES;
DROP TABLE IF EXISTS `transaction_trustee`;
/*!40101 SET @saved_cs_client     = @@character_set_client */;
/*!40101 SET character_set_client = utf8 */;
CREATE TABLE `transaction_trustee` (
  `transaction_id` int(11) NOT NULL DEFAULT '0',
  `trustee_id` int(11) NOT NULL DEFAULT '0',
  PRIMARY KEY (`transaction_id`,`trustee_id`),
  UNIQUE KEY `document_id` (`transaction_id`,`trustee_id`)
) ENGINE=InnoDB DEFAULT CHARSET=utf8 COLLATE=utf8_unicode_ci;
/*!40101 SET character_set_client = @saved_cs_client */;

LOCK TABLES `transaction_trustee` WRITE;
/*!40000 ALTER TABLE `transaction_trustee` DISABLE KEYS */;
INSERT INTO `transaction_trustee` VALUES (1,1),(1,2),(2,1),(3,1),(4,1),(5,1),(6,1),(8,2),(10,1),(11,1),(12,1),(13,1),(14,2),(15,1),(16,2),(17,2),(19,2),(20,2),(21,2),(22,1),(23,2),(24,2);
/*!40000 ALTER TABLE `transaction_trustee` ENABLE KEYS */;
UNLOCK TABLES;
DROP TABLE IF EXISTS `transactions`;
/*!40101 SET @saved_cs_client     = @@character_set_client */;
/*!40101 SET character_set_client = utf8 */;
CREATE TABLE `transactions` (
  `id` bigint(20) unsigned NOT NULL AUTO_INCREMENT,
  `parent_id` int(11) DEFAULT NULL,
  `lft` int(11) DEFAULT NULL,
  `rgt` int(11) DEFAULT NULL,
  `depth` int(11) DEFAULT NULL,
  `transaction_category_id` bigint(20) unsigned NOT NULL,
  `user_id` bigint(20) unsigned NOT NULL,
  `transaction_code` varchar(191) COLLATE utf8mb4_unicode_ci NOT NULL,
  `name` varchar(191) COLLATE utf8mb4_unicode_ci DEFAULT NULL,
  `transaction_live_date` date DEFAULT NULL,
  `transaction_matured_date` date DEFAULT NULL,
  `transaction_type` varchar(50) COLLATE utf8mb4_unicode_ci DEFAULT NULL,
  `transaction_status` tinyint(4) DEFAULT NULL,
  `created_at` timestamp NULL DEFAULT NULL,
  `updated_at` timestamp NULL DEFAULT NULL,
  `deleted_at` timestamp NULL DEFAULT NULL,
  PRIMARY KEY (`id`),
  UNIQUE KEY `transactions_transaction_code_unique` (`transaction_code`),
  KEY `transactions_transaction_category_id_foreign` (`transaction_category_id`),
  KEY `transactions_user_id_foreign` (`user_id`)
) ENGINE=MyISAM AUTO_INCREMENT=26 DEFAULT CHARSET=utf8mb4 COLLATE=utf8mb4_unicode_ci;
/*!40101 SET character_set_client = @saved_cs_client */;

LOCK TABLES `transactions` WRITE;
/*!40000 ALTER TABLE `transactions` DISABLE KEYS */;
INSERT INTO `transactions` VALUES (15,NULL,NULL,NULL,NULL,1,68,'ESSKAYTRANS00015','Sprak 09 2020','2020-09-30','2022-12-16','Live',NULL,'2021-04-13 16:17:48','2021-04-13 16:17:48',NULL),(14,NULL,NULL,NULL,NULL,1,68,'ESSKAYTRANS00014','Marvin 01 2020','2021-02-18','2023-08-15','Live',NULL,'2021-04-13 16:11:13','2021-04-13 16:11:13',NULL),(13,NULL,NULL,NULL,NULL,1,68,'ESSKAYTRANS00013','indian bank','2020-12-04','2025-04-15','Live',NULL,'2021-04-13 15:51:53','2021-04-13 15:51:53',NULL),(12,NULL,NULL,NULL,NULL,1,68,'ESSKAYTRANS00012','Bank of maharastra','2021-03-31','2025-08-31','Live',NULL,'2021-04-13 15:41:48','2021-04-13 15:41:48',NULL),(11,NULL,NULL,NULL,NULL,1,68,'ESSKAYTRANS00011','Onyx Dec 2020','2020-12-31','2025-03-15','Live',NULL,'2021-04-13 15:26:31','2021-04-13 15:26:31',NULL),(10,NULL,NULL,NULL,NULL,2,68,'ESSKAYTRANS00009','Viola 09 2020','2020-09-30','2025-01-12','Live',NULL,'2021-04-13 15:23:39','2021-04-13 15:23:39',NULL),(8,NULL,NULL,NULL,NULL,1,68,'ESSKAYTRANS00008','Callum','2017-09-29','2022-09-30','Live',1,'2021-03-24 15:45:44','2021-03-25 15:56:41',NULL),(16,NULL,NULL,NULL,NULL,1,68,'ESSKAYTRANS00016','SBL Moira','2020-11-27','2029-09-22','Live',NULL,'2021-04-15 12:34:02','2021-04-15 12:34:02',NULL),(17,NULL,NULL,NULL,NULL,1,68,'ESSKAYTRANS00017','Salva','2020-02-06','2029-02-15','Live',NULL,'2021-04-15 12:36:43','2021-04-15 12:36:43',NULL),(18,NULL,NULL,NULL,NULL,1,68,'ESSKAYTRANS00018','allahabd bank','2019-10-16','2024-03-31','Live',NULL,'2021-04-15 12:41:58','2021-04-15 12:41:58',NULL),(19,NULL,NULL,NULL,NULL,1,68,'ESSKAYTRANS00019','Earth','2019-11-28','2022-12-15','Live',NULL,'2021-04-15 12:43:38','2021-04-15 12:43:38',NULL),(20,NULL,NULL,NULL,NULL,1,68,'ESSKAYTRANS00020','Ankur','2019-10-31','2023-10-03','Live',NULL,'2021-04-15 12:55:38','2021-04-15 12:55:38',NULL),(21,NULL,NULL,NULL,NULL,1,68,'ESSKAYTRANS00021','A.K.Manya','2019-09-27','2022-08-15','Live',NULL,'2021-04-15 12:58:10','2021-04-15 12:58:10',NULL),(22,NULL,NULL,NULL,NULL,1,68,'ESSKAYTRANS00022','Neal','2019-09-30','2024-01-15','Live',NULL,'2021-04-15 13:02:31','2021-04-15 13:02:31',NULL),(23,NULL,NULL,NULL,NULL,1,68,'ESSKAYTRANS00023','Valyria','2019-08-09','2024-02-05','Live',NULL,'2021-04-15 13:04:17','2021-04-15 13:04:17',NULL),(24,NULL,NULL,NULL,NULL,1,68,'ESSKAYTRANS00024','Voldemort','2019-07-05','2023-08-17','Live',NULL,'2021-04-15 13:06:56','2021-04-15 13:06:56',NULL),(25,NULL,NULL,NULL,NULL,1,68,'ESSKAYTRANS00025','Intitium','2019-03-29','2023-10-17','Live',NULL,'2021-04-15 13:22:02','2021-04-15 13:22:02',NULL);
/*!40000 ALTER TABLE `transactions` ENABLE KEYS */;
UNLOCK TABLES;
DROP TABLE IF EXISTS `trustee_type`;
/*!40101 SET @saved_cs_client     = @@character_set_client */;
/*!40101 SET character_set_client = utf8 */;
CREATE TABLE `trustee_type` (
  `id` bigint(20) unsigned NOT NULL AUTO_INCREMENT,
  `parent_id` int(11) DEFAULT NULL,
  `name` varchar(191) COLLATE utf8mb4_unicode_ci NOT NULL,
  `lft` int(11) NOT NULL,
  `rgt` int(11) NOT NULL,
  `depth` int(11) NOT NULL,
  `created_at` timestamp NULL DEFAULT NULL,
  `updated_at` timestamp NULL DEFAULT NULL,
  PRIMARY KEY (`id`)
) ENGINE=MyISAM AUTO_INCREMENT=8 DEFAULT CHARSET=utf8mb4 COLLATE=utf8mb4_unicode_ci;
/*!40101 SET character_set_client = @saved_cs_client */;

LOCK TABLES `trustee_type` WRITE;
/*!40000 ALTER TABLE `trustee_type` DISABLE KEYS */;
INSERT INTO `trustee_type` VALUES (1,NULL,'Private Bank',2,3,1,NULL,'2021-03-05 15:47:36'),(2,NULL,'Public Sector Bank',4,5,1,NULL,'2021-03-05 15:47:36'),(3,NULL,'Small Finance Bank',6,7,1,NULL,'2021-03-05 15:47:36'),(4,NULL,'Financial Institution',8,9,1,NULL,'2021-03-05 15:47:36'),(5,NULL,'Mutual Fund',10,11,1,NULL,'2021-03-05 15:47:36'),(6,NULL,'Development Financial Instituion/DF',12,13,1,NULL,'2021-03-05 15:47:36'),(7,NULL,'Others (with text Box)',14,15,1,NULL,'2021-03-05 15:47:36');
/*!40000 ALTER TABLE `trustee_type` ENABLE KEYS */;
UNLOCK TABLES;
DROP TABLE IF EXISTS `trustees`;
/*!40101 SET @saved_cs_client     = @@character_set_client */;
/*!40101 SET character_set_client = utf8 */;
CREATE TABLE `trustees` (
  `id` bigint(20) unsigned NOT NULL AUTO_INCREMENT,
  `user_id` int(11) DEFAULT NULL,
  `trustee_type_id` bigint(20) unsigned NOT NULL,
  `instrument_type_id` bigint(20) unsigned NOT NULL,
  `facility_type_id` bigint(20) unsigned NOT NULL,
  `name` varchar(191) COLLATE utf8mb4_unicode_ci NOT NULL,
  `email` varchar(191) COLLATE utf8mb4_unicode_ci DEFAULT NULL,
  `phone` varchar(15) COLLATE utf8mb4_unicode_ci DEFAULT NULL,
  `password` varchar(191) COLLATE utf8mb4_unicode_ci DEFAULT NULL,
  `is_transaction` int(1) DEFAULT NULL,
  `is_message_md` int(1) DEFAULT NULL,
  `is_insight` int(1) DEFAULT NULL,
  `is_current_deal` int(1) DEFAULT NULL,
  `is_document` int(1) DEFAULT NULL,
  `is_financial_summary` int(1) DEFAULT NULL,
  `is_newsletter` int(1) DEFAULT NULL,
  `is_contact_us` int(1) DEFAULT NULL,
  `is_sanction_letter` int(1) DEFAULT NULL,
  `is_onboard` enum('Onboarded','Pending','Approve') COLLATE utf8mb4_unicode_ci NOT NULL DEFAULT 'Pending',
  `created_at` timestamp NULL DEFAULT CURRENT_TIMESTAMP,
  `updated_at` timestamp NULL DEFAULT NULL,
  PRIMARY KEY (`id`),
  KEY `lenders_instrument_type_id_foreign` (`instrument_type_id`),
  KEY `lenders_facility_type_id_foreign` (`facility_type_id`),
  KEY `lenders_user_id_foreign` (`user_id`),
  KEY `lenders_lender_type_id_foreign` (`trustee_type_id`) USING BTREE
) ENGINE=MyISAM AUTO_INCREMENT=7 DEFAULT CHARSET=utf8mb4 COLLATE=utf8mb4_unicode_ci;
/*!40101 SET character_set_client = @saved_cs_client */;

LOCK TABLES `trustees` WRITE;
/*!40000 ALTER TABLE `trustees` DISABLE KEYS */;
INSERT INTO `trustees` VALUES (1,61,0,0,0,'IDBI','idbi@skfin.in','9876543211','pass@123',1,1,1,1,1,1,1,1,0,'Onboarded','2021-03-06 05:29:09','2021-03-23 13:23:15'),(2,63,0,0,0,'Catalyst','catalyst@skfin.in','9876543212',NULL,1,1,1,1,1,1,1,1,0,'Onboarded','2021-03-06 05:29:09','2021-03-15 11:22:31'),(3,64,0,0,0,'Beacon','beacon@skfin.in','9876543213',NULL,1,1,1,1,1,1,1,1,0,'Onboarded','2021-03-06 05:29:09','2021-03-15 11:22:31'),(4,65,0,0,0,'Milestone','milestone@skfin.in','9876543214',NULL,1,1,1,1,1,1,1,1,0,'Onboarded','2021-03-06 05:29:09','2021-03-15 11:22:31'),(5,66,0,0,0,'Axis','axis@skfin.in','9876543215',NULL,1,1,1,1,1,1,1,1,0,'Onboarded','2021-03-06 05:29:09','2021-03-15 11:22:31'),(6,67,0,0,0,'ILFS','ilfs@skfin.in','9876543215',NULL,1,1,1,1,1,1,1,1,0,'Onboarded','2021-03-06 05:29:09','2021-03-15 11:22:31');
/*!40000 ALTER TABLE `trustees` ENABLE KEYS */;
UNLOCK TABLES;
DROP TABLE IF EXISTS `user_document`;
/*!40101 SET @saved_cs_client     = @@character_set_client */;
/*!40101 SET character_set_client = utf8 */;
CREATE TABLE `user_document` (
  `id` int(10) unsigned NOT NULL AUTO_INCREMENT,
  `user_id` int(10) unsigned NOT NULL,
  `document_id` int(10) unsigned NOT NULL,
  `download_date` datetime DEFAULT NULL,
  `created_at` timestamp NULL DEFAULT NULL,
  `updated_at` timestamp NULL DEFAULT NULL,
  `deleted_at` timestamp NULL DEFAULT NULL,
  PRIMARY KEY (`id`)
) ENGINE=MyISAM AUTO_INCREMENT=55 DEFAULT CHARSET=utf8mb4 COLLATE=utf8mb4_unicode_ci;
/*!40101 SET character_set_client = @saved_cs_client */;

LOCK TABLES `user_document` WRITE;
/*!40000 ALTER TABLE `user_document` DISABLE KEYS */;
INSERT INTO `user_document` VALUES (27,2,5,'2020-11-30 13:33:35','2020-11-30 13:33:35','2020-11-30 13:33:35',NULL),(28,2,5,'2020-11-30 13:34:11','2020-11-30 13:34:11','2020-11-30 13:34:11',NULL),(29,2,5,'2020-11-30 13:35:04','2020-11-30 13:35:04','2020-11-30 13:35:04',NULL),(30,2,12,'2020-11-30 13:35:09','2020-11-30 13:35:09','2020-11-30 13:35:09',NULL),(31,2,14,'2020-11-30 13:35:35','2020-11-30 13:35:35','2020-11-30 13:35:35',NULL),(32,2,17,'2020-12-01 12:01:35','2020-12-01 12:01:35','2020-12-01 12:01:35',NULL),(33,2,16,'2020-12-01 12:02:36','2020-12-01 12:02:36','2020-12-01 12:02:36',NULL),(34,2,18,'2020-12-01 12:03:47','2020-12-01 12:03:47','2020-12-01 12:03:47',NULL),(35,2,11,'2020-12-03 12:37:54','2020-12-03 12:37:54','2020-12-03 12:37:54',NULL),(36,2,15,'2020-12-03 13:00:57','2020-12-03 13:00:57','2020-12-03 13:00:57',NULL),(37,2,16,'2020-12-04 16:23:26','2020-12-04 16:23:26','2020-12-04 16:23:26',NULL),(38,2,29,'2020-12-09 13:24:10','2020-12-09 13:24:10','2020-12-09 13:24:10',NULL),(39,2,8,'2020-12-12 12:52:05','2020-12-12 12:52:05','2020-12-12 12:52:05',NULL),(40,28,30,'2020-12-15 12:09:48','2020-12-15 12:09:48','2020-12-15 12:09:48',NULL),(41,2,30,'2020-12-15 12:37:57','2020-12-15 12:37:57','2020-12-15 12:37:57',NULL),(42,2,29,'2020-12-15 13:02:34','2020-12-15 13:02:34','2020-12-15 13:02:34',NULL),(43,2,29,'2020-12-16 12:54:28','2020-12-16 12:54:28','2020-12-16 12:54:28',NULL),(44,28,7,'2020-12-19 11:14:16','2020-12-19 11:14:16','2020-12-19 11:14:16',NULL),(45,2,6,'2020-12-19 12:01:53','2020-12-19 12:01:53','2020-12-19 12:01:53',NULL),(46,2,6,'2020-12-21 15:19:15','2020-12-21 15:19:15','2020-12-21 15:19:15',NULL),(47,28,17,'2020-12-29 09:59:59','2020-12-29 09:59:59','2020-12-29 09:59:59',NULL),(48,28,6,'2020-12-29 10:39:28','2020-12-29 10:39:28','2020-12-29 10:39:28',NULL),(49,2,33,'2021-02-26 18:57:44','2021-02-26 18:57:44','2021-02-26 18:57:44',NULL),(50,61,33,'2021-03-12 15:42:34','2021-03-12 10:12:34','2021-03-12 10:12:34',NULL),(51,61,7,'2021-04-02 17:02:09','2021-04-02 17:02:09','2021-04-02 17:02:09',NULL),(52,61,36,'2021-04-08 11:29:15','2021-04-08 11:29:15','2021-04-08 11:29:15',NULL),(53,61,17,'2021-04-08 12:27:19','2021-04-08 12:27:19','2021-04-08 12:27:19',NULL),(54,61,18,'2021-04-08 12:29:40','2021-04-08 12:29:40','2021-04-08 12:29:40',NULL);
/*!40000 ALTER TABLE `user_document` ENABLE KEYS */;
UNLOCK TABLES;
DROP TABLE IF EXISTS `user_login`;
/*!40101 SET @saved_cs_client     = @@character_set_client */;
/*!40101 SET character_set_client = utf8 */;
CREATE TABLE `user_login` (
  `id` int(11) NOT NULL AUTO_INCREMENT,
  `user_id` int(11) NOT NULL,
  `user_ip` varchar(50) COLLATE utf8_unicode_ci NOT NULL,
  `user_browser` varchar(255) COLLATE utf8_unicode_ci DEFAULT NULL,
  `device_type` varchar(255) COLLATE utf8_unicode_ci DEFAULT NULL,
  `login_type` varchar(50) COLLATE utf8_unicode_ci NOT NULL,
  `created_at` timestamp NULL DEFAULT NULL,
  `updated_at` timestamp NULL DEFAULT NULL,
  PRIMARY KEY (`id`)
) ENGINE=InnoDB AUTO_INCREMENT=409 DEFAULT CHARSET=utf8 COLLATE=utf8_unicode_ci;
/*!40101 SET character_set_client = @saved_cs_client */;

LOCK TABLES `user_login` WRITE;
/*!40000 ALTER TABLE `user_login` DISABLE KEYS */;
INSERT INTO `user_login` VALUES (1,1,'183.83.43.170',NULL,NULL,'phone','2020-10-27 13:31:06','2020-10-27 13:31:06'),(2,2,'157.37.86.212',NULL,NULL,'phone','2020-10-27 18:33:15','2020-10-27 18:33:15'),(3,2,'171.79.186.161',NULL,NULL,'phone','2020-10-28 13:01:48','2020-10-28 13:01:48'),(4,2,'157.37.64.90',NULL,NULL,'phone','2020-10-28 14:00:43','2020-10-28 14:00:43'),(5,2,'59.144.35.242',NULL,NULL,'phone','2020-10-28 15:17:57','2020-10-28 15:17:57'),(6,1,'171.79.161.30',NULL,NULL,'phone','2020-10-28 17:02:19','2020-10-28 17:02:19'),(7,1,'183.83.42.34',NULL,NULL,'phone','2020-10-28 20:13:36','2020-10-28 20:13:36'),(8,1,'183.83.42.34',NULL,NULL,'phone','2020-10-28 20:23:17','2020-10-28 20:23:17'),(9,1,'49.36.153.24',NULL,NULL,'email','2020-10-29 14:27:14','2020-10-29 14:27:14'),(10,1,'183.83.42.121',NULL,NULL,'phone','2020-10-29 15:18:32','2020-10-29 15:18:32'),(11,1,'183.83.42.121',NULL,NULL,'phone','2020-10-29 15:42:15','2020-10-29 15:42:15'),(12,1,'183.83.42.121',NULL,NULL,'phone','2020-10-29 15:43:01','2020-10-29 15:43:01'),(13,1,'157.37.100.74',NULL,NULL,'phone','2020-10-29 18:51:03','2020-10-29 18:51:03'),(14,1,'59.144.35.242',NULL,NULL,'email','2020-10-30 10:37:15','2020-10-30 10:37:15'),(15,1,'157.37.114.204',NULL,NULL,'phone','2020-10-30 13:22:21','2020-10-30 13:22:21'),(16,1,'183.83.43.128',NULL,NULL,'phone','2020-10-30 15:55:48','2020-10-30 15:55:48'),(17,1,'49.36.153.24',NULL,NULL,'email','2020-10-31 13:19:47','2020-10-31 13:19:47'),(18,1,'49.36.153.24',NULL,NULL,'email','2020-10-31 14:03:52','2020-10-31 14:03:52'),(19,1,'157.37.70.56',NULL,NULL,'phone','2020-10-31 14:58:04','2020-10-31 14:58:04'),(20,1,'183.83.42.7',NULL,NULL,'phone','2020-10-31 18:00:10','2020-10-31 18:00:10'),(21,1,'183.83.42.7',NULL,NULL,'phone','2020-10-31 19:27:50','2020-10-31 19:27:50'),(22,1,'183.83.42.7',NULL,NULL,'phone','2020-10-31 19:41:54','2020-10-31 19:41:54'),(23,1,'157.47.251.180',NULL,NULL,'phone','2020-11-01 13:25:43','2020-11-01 13:25:43'),(24,1,'157.47.234.209',NULL,NULL,'phone','2020-11-01 17:41:51','2020-11-01 17:41:51'),(25,1,'157.47.248.43',NULL,NULL,'phone','2020-11-02 08:24:00','2020-11-02 08:24:00'),(26,1,'157.47.248.43',NULL,NULL,'phone','2020-11-02 08:58:16','2020-11-02 08:58:16'),(27,1,'157.47.231.53',NULL,NULL,'phone','2020-11-02 13:42:39','2020-11-02 13:42:39'),(28,52,'183.83.42.111',NULL,NULL,'email','2020-11-02 13:51:02','2020-11-02 13:51:02'),(29,1,'157.47.231.53',NULL,NULL,'phone','2020-11-02 14:16:29','2020-11-02 14:16:29'),(30,52,'59.144.35.242',NULL,NULL,'email','2020-11-02 14:21:57','2020-11-02 14:21:57'),(31,1,'27.58.19.25',NULL,NULL,'email','2020-11-03 10:26:10','2020-11-03 10:26:10'),(32,1,'157.47.231.217',NULL,NULL,'phone','2020-11-03 10:40:25','2020-11-03 10:40:25'),(33,1,'157.47.226.101',NULL,NULL,'phone','2020-11-03 13:06:07','2020-11-03 13:06:07'),(34,1,'183.83.43.34',NULL,NULL,'phone','2020-11-03 18:37:48','2020-11-03 18:37:48'),(35,1,'157.47.254.125',NULL,NULL,'phone','2020-11-03 18:43:58','2020-11-03 18:43:58'),(36,1,'27.58.19.25',NULL,NULL,'email','2020-11-04 10:15:08','2020-11-04 10:15:08'),(37,1,'157.47.231.80',NULL,NULL,'phone','2020-11-04 10:21:40','2020-11-04 10:21:40'),(38,1,'27.58.19.25',NULL,NULL,'email','2020-11-04 14:33:43','2020-11-04 14:33:43'),(39,1,'183.83.43.38',NULL,NULL,'phone','2020-11-04 14:45:22','2020-11-04 14:45:22'),(40,1,'223.188.128.118',NULL,NULL,'phone','2020-11-04 15:58:11','2020-11-04 15:58:11'),(41,2,'183.83.43.38',NULL,NULL,'email','2020-11-04 18:30:14','2020-11-04 18:30:14'),(42,1,'157.47.249.170',NULL,NULL,'phone','2020-11-05 09:42:05','2020-11-05 09:42:05'),(43,1,'27.58.19.25',NULL,NULL,'email','2020-11-05 10:09:48','2020-11-05 10:09:48'),(44,2,'183.83.42.149',NULL,NULL,'email','2020-11-05 10:22:31','2020-11-05 10:22:31'),(45,2,'183.83.43.41',NULL,NULL,'email','2020-11-05 12:54:59','2020-11-05 12:54:59'),(46,1,'183.83.43.41',NULL,NULL,'phone','2020-11-05 13:26:14','2020-11-05 13:26:14'),(47,2,'183.83.43.41',NULL,NULL,'email','2020-11-05 14:08:28','2020-11-05 14:08:28'),(48,2,'183.83.43.41',NULL,NULL,'email','2020-11-05 14:51:43','2020-11-05 14:51:43'),(49,1,'27.58.19.25',NULL,NULL,'email','2020-11-05 14:54:08','2020-11-05 14:54:08'),(50,1,'157.47.249.170',NULL,NULL,'email','2020-11-05 15:39:15','2020-11-05 15:39:15'),(51,2,'157.47.249.170',NULL,NULL,'email','2020-11-05 15:40:35','2020-11-05 15:40:35'),(52,2,'183.83.43.41',NULL,NULL,'email','2020-11-05 16:03:34','2020-11-05 16:03:34'),(53,1,'27.58.19.25',NULL,NULL,'email','2020-11-06 10:02:48','2020-11-06 10:02:48'),(54,1,'27.58.19.25',NULL,NULL,'email','2020-11-06 10:41:16','2020-11-06 10:41:16'),(55,2,'183.83.42.122',NULL,NULL,'email','2020-11-06 11:07:03','2020-11-06 11:07:03'),(56,2,'157.37.191.176',NULL,NULL,'email','2020-11-06 11:28:37','2020-11-06 11:28:37'),(57,2,'157.37.191.176',NULL,NULL,'email','2020-11-06 11:29:29','2020-11-06 11:29:29'),(58,2,'183.83.42.122',NULL,NULL,'email','2020-11-06 16:07:04','2020-11-06 16:07:04'),(59,1,'157.38.81.14',NULL,NULL,'email','2020-11-06 16:40:31','2020-11-06 16:40:31'),(60,2,'157.38.81.14',NULL,NULL,'email','2020-11-06 16:45:35','2020-11-06 16:45:35'),(61,2,'157.38.81.14',NULL,NULL,'email','2020-11-06 17:07:58','2020-11-06 17:07:58'),(62,2,'157.38.81.14',NULL,NULL,'email','2020-11-06 17:08:39','2020-11-06 17:08:39'),(63,2,'106.207.184.102',NULL,NULL,'email','2020-11-06 19:11:37','2020-11-06 19:11:37'),(64,2,'27.58.19.25',NULL,NULL,'email','2020-11-07 09:47:31','2020-11-07 09:47:31'),(65,2,'27.58.19.25',NULL,NULL,'email','2020-11-07 10:59:19','2020-11-07 10:59:19'),(66,2,'27.58.19.25',NULL,NULL,'email','2020-11-07 13:27:47','2020-11-07 13:27:47'),(67,2,'27.58.19.25',NULL,NULL,'email','2020-11-07 14:40:37','2020-11-07 14:40:37'),(68,1,'27.58.19.25',NULL,NULL,'email','2020-11-09 10:55:40','2020-11-09 10:55:40'),(69,1,'27.58.19.25',NULL,NULL,'email','2020-11-09 14:18:24','2020-11-09 14:18:24'),(70,2,'183.83.42.181',NULL,NULL,'email','2020-11-09 14:31:54','2020-11-09 14:31:54'),(71,2,'183.83.42.181',NULL,NULL,'email','2020-11-09 15:23:38','2020-11-09 15:23:38'),(72,2,'157.47.141.119',NULL,NULL,'email','2020-11-10 12:21:54','2020-11-10 12:21:54'),(73,2,'27.58.19.25',NULL,NULL,'email','2020-11-10 12:26:05','2020-11-10 12:26:05'),(74,2,'27.58.19.25',NULL,NULL,'email','2020-11-10 12:42:44','2020-11-10 12:42:44'),(75,2,'27.58.19.25',NULL,NULL,'email','2020-11-10 14:29:48','2020-11-10 14:29:48'),(76,2,'27.58.19.25',NULL,NULL,'email','2020-11-10 14:35:59','2020-11-10 14:35:59'),(77,2,'183.83.42.158',NULL,NULL,'email','2020-11-10 14:40:01','2020-11-10 14:40:01'),(78,2,'27.58.19.25',NULL,NULL,'email','2020-11-10 16:34:05','2020-11-10 16:34:05'),(79,1,'27.58.19.25',NULL,NULL,'email','2020-11-10 16:43:12','2020-11-10 16:43:12'),(80,2,'183.83.42.158',NULL,NULL,'email','2020-11-10 18:07:54','2020-11-10 18:07:54'),(81,2,'183.83.42.158',NULL,NULL,'email','2020-11-10 18:22:06','2020-11-10 18:22:06'),(82,2,'183.83.42.158',NULL,NULL,'email','2020-11-10 19:18:25','2020-11-10 19:18:25'),(83,2,'183.83.42.126',NULL,NULL,'email','2020-11-11 11:31:59','2020-11-11 11:31:59'),(84,1,'27.58.19.25',NULL,NULL,'email','2020-11-11 13:43:13','2020-11-11 13:43:13'),(85,52,'27.58.19.25',NULL,NULL,'email','2020-11-11 15:53:23','2020-11-11 15:53:23'),(86,2,'183.83.42.126',NULL,NULL,'email','2020-11-11 20:21:18','2020-11-11 20:21:18'),(87,2,'183.83.42.126','Chrome 86.0.4240.183','Desktop','email','2020-11-11 20:24:19','2020-11-11 20:24:19'),(88,1,'183.83.42.126','Chrome 86.0.4240.183','Desktop','phone','2020-11-11 20:26:16','2020-11-11 20:26:16'),(89,1,'49.36.154.93','Chrome 86.0.4240.111','Desktop','email','2020-11-11 21:07:03','2020-11-11 21:07:03'),(90,2,'183.83.42.251','Chrome 86.0.4240.183','Desktop','email','2020-11-12 09:46:00','2020-11-12 09:46:00'),(91,1,'59.144.35.242','Chrome 86.0.4240.193','Desktop','email','2020-11-12 10:32:25','2020-11-12 10:32:25'),(92,1,'59.144.35.242','Chrome 86.0.4240.193','Desktop','email','2020-11-12 10:33:26','2020-11-12 10:33:26'),(93,1,'59.144.35.242','Chrome 86.0.4240.183','Desktop','email','2020-11-12 10:37:04','2020-11-12 10:37:04'),(94,1,'59.144.35.242','Chrome 86.0.4240.193','Desktop','email','2020-11-12 11:30:26','2020-11-12 11:30:26'),(95,2,'183.83.43.30','Chrome 86.0.4240.193','Desktop','email','2020-11-12 19:32:06','2020-11-12 19:32:06'),(96,1,'27.58.19.25','Chrome 86.0.4240.193','Desktop','email','2020-11-17 12:11:26','2020-11-17 12:11:26'),(97,1,'59.144.35.242','Chrome 87.0.4280.66','Desktop','email','2020-11-20 13:37:36','2020-11-20 13:37:36'),(98,1,'59.144.35.242','Chrome 87.0.4280.66','Desktop','email','2020-11-20 14:51:41','2020-11-20 14:51:41'),(99,1,'14.98.125.242','Firefox 82.0','Desktop','email','2020-11-21 09:47:08','2020-11-21 09:47:08'),(100,1,'14.98.125.242','Firefox 83.0','Desktop','email','2020-11-23 16:42:15','2020-11-23 16:42:15'),(101,1,'59.144.35.242','Chrome 87.0.4280.66','Desktop','email','2020-11-23 17:44:08','2020-11-23 17:44:08'),(102,2,'183.83.43.104','Chrome 86.0.4240.198','Desktop','email','2020-11-24 12:44:14','2020-11-24 12:44:14'),(103,2,'183.83.43.104','Chrome 86.0.4240.198','Desktop','email','2020-11-24 16:01:22','2020-11-24 16:01:22'),(104,2,'106.207.137.4','Chrome 87.0.4280.66','Desktop','email','2020-11-24 16:02:35','2020-11-24 16:02:35'),(105,1,'183.83.43.104','Chrome 86.0.4240.198','Desktop','email','2020-11-24 16:03:07','2020-11-24 16:03:07'),(106,1,'106.207.137.4','Chrome 87.0.4280.66','Desktop','email','2020-11-24 16:03:30','2020-11-24 16:03:30'),(107,2,'59.144.35.242','Chrome 87.0.4280.66','Desktop','email','2020-11-24 16:34:24','2020-11-24 16:34:24'),(108,2,'59.144.35.242','Chrome 87.0.4280.66','Desktop','email','2020-11-24 16:38:32','2020-11-24 16:38:32'),(109,2,'59.144.35.242','Chrome 87.0.4280.66','Desktop','email','2020-11-24 16:39:21','2020-11-24 16:39:21'),(110,53,'59.144.35.242','Chrome 87.0.4280.66','Desktop','email','2020-11-24 17:26:34','2020-11-24 17:26:34'),(111,2,'59.144.35.242','Chrome 87.0.4280.66','Desktop','email','2020-11-24 17:37:07','2020-11-24 17:37:07'),(112,2,'59.144.35.242','Chrome 87.0.4280.66','Desktop','email','2020-11-28 14:03:09','2020-11-28 14:03:09'),(113,2,'59.144.35.242','Chrome 87.0.4280.66','Desktop','email','2020-11-28 14:16:23','2020-11-28 14:16:23'),(114,2,'59.144.35.242','Chrome 87.0.4280.66','Desktop','email','2020-11-28 14:17:20','2020-11-28 14:17:20'),(115,2,'183.83.42.76','Chrome 86.0.4240.198','Desktop','email','2020-11-28 15:21:22','2020-11-28 15:21:22'),(116,2,'59.144.35.242','Chrome 87.0.4280.66','Desktop','email','2020-11-28 15:27:44','2020-11-28 15:27:44'),(117,2,'59.144.35.242','Chrome 87.0.4280.66','Desktop','email','2020-11-30 10:17:07','2020-11-30 10:17:07'),(118,2,'183.83.42.66','Chrome 86.0.4240.198','Desktop','email','2020-11-30 13:23:51','2020-11-30 13:23:51'),(119,2,'183.83.43.242','Chrome 86.0.4240.198','Mobile','email','2020-12-01 11:09:22','2020-12-01 11:09:22'),(120,2,'122.160.63.84','Chrome 86.0.4240.198','Desktop','email','2020-12-01 11:45:27','2020-12-01 11:45:27'),(121,2,'183.83.43.242','Chrome 86.0.4240.193','Desktop','email','2020-12-01 12:54:48','2020-12-01 12:54:48'),(122,2,'59.144.35.242','Chrome 87.0.4280.66','Desktop','email','2020-12-03 10:02:34','2020-12-03 10:02:34'),(123,2,'183.83.43.9','Chrome 86.0.4240.198','Desktop','email','2020-12-03 13:24:27','2020-12-03 13:24:27'),(124,2,'183.83.43.9','Chrome 86.0.4240.198','Desktop','email','2020-12-03 16:54:11','2020-12-03 16:54:11'),(125,2,'59.144.35.242','Chrome 87.0.4280.66','Desktop','email','2020-12-04 12:33:13','2020-12-04 12:33:13'),(126,2,'183.83.42.77','Chrome 86.0.4240.198','Desktop','email','2020-12-04 15:52:14','2020-12-04 15:52:14'),(127,2,'59.144.35.242','Chrome 87.0.4280.66','Desktop','email','2020-12-04 16:20:02','2020-12-04 16:20:02'),(128,2,'183.83.42.77','Chrome 86.0.4240.198','Desktop','email','2020-12-04 16:20:55','2020-12-04 16:20:55'),(129,2,'183.83.42.77','Chrome 86.0.4240.198','Desktop','email','2020-12-04 16:30:35','2020-12-04 16:30:35'),(130,2,'59.144.35.242','Chrome 87.0.4280.66','Desktop','email','2020-12-07 12:11:34','2020-12-07 12:11:34'),(131,2,'183.83.176.10','Chrome 86.0.4240.198','Desktop','email','2020-12-07 16:57:37','2020-12-07 16:57:37'),(132,2,'183.83.176.10','Chrome 86.0.4240.198','Desktop','email','2020-12-07 17:28:20','2020-12-07 17:28:20'),(133,2,'59.144.35.242','Chrome 87.0.4280.88','Desktop','email','2020-12-07 18:02:26','2020-12-07 18:02:26'),(134,2,'59.144.35.242','Chrome 87.0.4280.88','Desktop','email','2020-12-08 09:57:10','2020-12-08 09:57:10'),(135,56,'59.144.35.242','Chrome 87.0.4280.88','Desktop','email','2020-12-08 10:49:38','2020-12-08 10:49:38'),(136,57,'59.144.35.242','Chrome 87.0.4280.88','Desktop','email','2020-12-08 10:51:15','2020-12-08 10:51:15'),(137,57,'59.144.35.242','Chrome 87.0.4280.88','Desktop','phone','2020-12-08 11:19:51','2020-12-08 11:19:51'),(138,2,'59.144.35.242','Chrome 87.0.4280.88','Desktop','email','2020-12-08 15:47:49','2020-12-08 15:47:49'),(139,2,'59.144.35.242','Chrome 87.0.4280.88','Desktop','email','2020-12-09 12:44:47','2020-12-09 12:44:47'),(140,2,'183.83.176.10','Chrome 87.0.4280.88','Desktop','email','2020-12-09 13:21:13','2020-12-09 13:21:13'),(141,2,'59.144.35.242','Chrome 87.0.4280.88','Desktop','email','2020-12-09 13:23:47','2020-12-09 13:23:47'),(142,2,'59.144.35.242','Chrome 87.0.4280.88','Desktop','email','2020-12-09 13:29:12','2020-12-09 13:29:12'),(143,2,'59.144.35.242','Chrome 87.0.4280.88','Desktop','email','2020-12-09 14:17:50','2020-12-09 14:17:50'),(144,2,'59.144.35.242','Chrome 87.0.4280.88','Desktop','email','2020-12-09 14:32:52','2020-12-09 14:32:52'),(145,28,'59.144.35.242','Chrome 87.0.4280.88','Desktop','email','2020-12-09 14:53:00','2020-12-09 14:53:00'),(146,28,'59.144.35.242','Chrome 87.0.4280.88','Desktop','email','2020-12-09 14:56:12','2020-12-09 14:56:12'),(147,2,'59.144.35.242','Chrome 87.0.4280.88','Desktop','email','2020-12-09 17:41:43','2020-12-09 17:41:43'),(148,28,'59.144.35.242','Chrome 87.0.4280.88','Desktop','email','2020-12-09 17:45:32','2020-12-09 17:45:32'),(149,2,'59.144.35.242','Chrome 87.0.4280.88','Desktop','email','2020-12-09 18:03:17','2020-12-09 18:03:17'),(150,28,'59.144.35.242','Chrome 87.0.4280.88','Desktop','email','2020-12-09 18:06:14','2020-12-09 18:06:14'),(151,2,'59.144.35.242','Chrome 87.0.4280.88','Desktop','email','2020-12-09 18:11:20','2020-12-09 18:11:20'),(152,28,'59.144.35.242','Chrome 87.0.4280.88','Desktop','email','2020-12-09 18:20:54','2020-12-09 18:20:54'),(153,2,'183.83.42.106','Chrome 87.0.4280.88','Desktop','email','2020-12-09 21:59:10','2020-12-09 21:59:10'),(154,2,'183.83.42.106','Chrome 87.0.4280.88','Desktop','email','2020-12-09 22:27:28','2020-12-09 22:27:28'),(155,2,'183.83.176.10','Chrome 87.0.4280.88','Desktop','email','2020-12-10 12:23:09','2020-12-10 12:23:09'),(156,2,'183.83.176.10','Chrome 87.0.4280.88','Desktop','email','2020-12-10 12:55:46','2020-12-10 12:55:46'),(157,2,'59.144.35.242','Chrome 87.0.4280.88','Desktop','email','2020-12-10 13:41:10','2020-12-10 13:41:10'),(158,28,'59.144.35.242','Chrome 87.0.4280.88','Desktop','email','2020-12-10 14:27:38','2020-12-10 14:27:38'),(159,2,'183.83.176.10','Chrome 87.0.4280.88','Desktop','email','2020-12-11 19:43:02','2020-12-11 19:43:02'),(160,2,'59.144.35.242','Chrome 87.0.4280.88','Desktop','email','2020-12-12 10:07:14','2020-12-12 10:07:14'),(161,28,'59.144.35.242','Chrome 87.0.4280.88','Desktop','email','2020-12-12 10:07:53','2020-12-12 10:07:53'),(162,2,'59.144.35.242','Chrome 87.0.4280.88','Desktop','email','2020-12-12 10:32:47','2020-12-12 10:32:47'),(163,28,'59.144.35.242','Chrome 87.0.4280.88','Desktop','email','2020-12-12 11:31:01','2020-12-12 11:31:01'),(164,2,'183.83.176.10','Chrome 87.0.4280.88','Desktop','email','2020-12-12 12:37:06','2020-12-12 12:37:06'),(165,2,'59.144.35.242','Chrome 87.0.4280.88','Desktop','email','2020-12-15 12:04:44','2020-12-15 12:04:44'),(166,28,'59.144.35.242','Chrome 87.0.4280.88','Desktop','email','2020-12-15 12:06:56','2020-12-15 12:06:56'),(167,2,'183.83.176.10','Chrome 87.0.4280.88','Desktop','email','2020-12-15 12:14:24','2020-12-15 12:14:24'),(168,2,'183.83.176.10','Chrome 87.0.4280.88','Desktop','email','2020-12-15 12:36:18','2020-12-15 12:36:18'),(169,28,'59.144.35.242','Chrome 86.0.4240.75','Desktop','email','2020-12-15 14:32:42','2020-12-15 14:32:42'),(170,28,'59.144.35.242','Chrome 86.0.4240.75','Desktop','email','2020-12-15 14:42:55','2020-12-15 14:42:55'),(171,28,'183.83.176.10','Chrome 87.0.4280.88','Desktop','email','2020-12-15 15:19:32','2020-12-15 15:19:32'),(172,2,'183.83.176.10','Chrome 87.0.4280.88','Desktop','email','2020-12-15 15:40:34','2020-12-15 15:40:34'),(173,2,'183.83.176.10','Chrome 87.0.4280.88','Desktop','email','2020-12-15 17:22:57','2020-12-15 17:22:57'),(174,28,'59.144.35.242','Chrome 86.0.4240.75','Desktop','email','2020-12-16 10:37:20','2020-12-16 10:37:20'),(175,28,'14.98.125.242','Chrome 87.0.4280.88','Desktop','email','2020-12-16 11:02:37','2020-12-16 11:02:37'),(176,2,'183.83.176.10','Chrome 87.0.4280.88','Desktop','email','2020-12-16 11:45:59','2020-12-16 11:45:59'),(177,28,'59.144.35.242','Chrome 86.0.4240.75','Desktop','email','2020-12-16 12:23:24','2020-12-16 12:23:24'),(178,28,'183.83.176.10','Chrome 87.0.4280.88','Desktop','email','2020-12-16 12:23:35','2020-12-16 12:23:35'),(179,28,'59.144.35.242','Chrome 86.0.4240.75','Desktop','email','2020-12-16 16:59:06','2020-12-16 16:59:06'),(180,28,'59.144.35.242','Chrome 86.0.4240.75','Desktop','email','2020-12-17 10:18:20','2020-12-17 10:18:20'),(181,2,'183.83.176.10','Chrome 87.0.4280.88','Desktop','email','2020-12-17 10:25:35','2020-12-17 10:25:35'),(182,28,'157.38.40.230','Chrome 87.0.4280.88','Desktop','email','2020-12-17 11:09:49','2020-12-17 11:09:49'),(183,28,'59.144.35.242','Chrome 86.0.4240.75','Desktop','email','2020-12-17 14:32:39','2020-12-17 14:32:39'),(184,28,'59.144.35.242','Edge 18.18362','Desktop','email','2020-12-17 14:50:12','2020-12-17 14:50:12'),(185,28,'59.144.35.242','Chrome 86.0.4240.75','Desktop','email','2020-12-17 16:38:53','2020-12-17 16:38:53'),(186,28,'59.144.35.242','Chrome 86.0.4240.75','Desktop','email','2020-12-18 10:54:42','2020-12-18 10:54:42'),(187,28,'14.98.125.242','Chrome 87.0.4280.88','Desktop','email','2020-12-18 15:19:52','2020-12-18 15:19:52'),(188,2,'183.83.176.10','Chrome 87.0.4280.88','Desktop','email','2020-12-19 11:03:09','2020-12-19 11:03:09'),(189,28,'59.144.35.242','Chrome 86.0.4240.75','Desktop','email','2020-12-19 11:13:35','2020-12-19 11:13:35'),(190,1,'183.83.176.10','Chrome 87.0.4280.88','Desktop','email','2020-12-19 11:41:52','2020-12-19 11:41:52'),(191,2,'183.83.176.10','Chrome 87.0.4280.88','Desktop','email','2020-12-19 11:42:31','2020-12-19 11:42:31'),(192,2,'183.83.176.10','Chrome 87.0.4280.88','Desktop','email','2020-12-19 12:01:39','2020-12-19 12:01:39'),(193,2,'183.83.176.10','Chrome 87.0.4280.88','Desktop','email','2020-12-19 13:05:18','2020-12-19 13:05:18'),(194,1,'27.122.14.83','Chrome 87.0.4280.88','Desktop','phone','2020-12-20 23:44:57','2020-12-20 23:44:57'),(195,2,'27.122.14.83','Chrome 87.0.4280.88','Desktop','phone','2020-12-21 00:05:02','2020-12-21 00:05:02'),(196,2,'183.83.176.10','Chrome 87.0.4280.88','Desktop','email','2020-12-21 13:16:15','2020-12-21 13:16:15'),(197,2,'183.83.176.10','Chrome 87.0.4280.88','Desktop','email','2020-12-21 13:47:33','2020-12-21 13:47:33'),(198,58,'183.83.176.10','Chrome 87.0.4280.88','Desktop','phone','2020-12-21 14:47:18','2020-12-21 14:47:18'),(199,2,'183.83.176.10','Chrome 87.0.4280.88','Desktop','email','2020-12-21 15:05:25','2020-12-21 15:05:25'),(200,1,'183.83.176.10','Chrome 87.0.4280.88','Desktop','email','2020-12-28 17:09:53','2020-12-28 17:09:53'),(201,2,'183.83.176.10','Chrome 87.0.4280.88','Desktop','email','2020-12-28 17:48:20','2020-12-28 17:48:20'),(202,2,'183.83.176.10','Chrome 87.0.4280.88','Desktop','email','2020-12-28 18:41:00','2020-12-28 18:41:00'),(203,2,'183.83.176.10','Chrome 87.0.4280.88','Desktop','email','2020-12-28 18:44:10','2020-12-28 18:44:10'),(204,2,'183.83.176.10','Chrome 87.0.4280.88','Desktop','phone','2020-12-28 18:51:03','2020-12-28 18:51:03'),(205,28,'59.144.35.242','Chrome 86.0.4240.75','Desktop','email','2020-12-29 09:57:22','2020-12-29 09:57:22'),(206,28,'59.144.35.242','Chrome 86.0.4240.75','Desktop','email','2020-12-29 10:37:12','2020-12-29 10:37:12'),(207,28,'183.83.176.10','Chrome 87.0.4280.88','Desktop','email','2020-12-29 15:09:51','2020-12-29 15:09:51'),(208,28,'183.83.176.10','Chrome 87.0.4280.88','Desktop','email','2020-12-29 15:56:15','2020-12-29 15:56:15'),(209,28,'183.83.176.10','Chrome 87.0.4280.88','Desktop','email','2020-12-29 19:32:33','2020-12-29 19:32:33'),(210,28,'59.144.35.242','Chrome 86.0.4240.75','Desktop','email','2021-01-16 16:39:26','2021-01-16 16:39:26'),(211,1,'59.144.35.242','Chrome 86.0.4240.75','Desktop','email','2021-01-16 16:40:14','2021-01-16 16:40:14'),(212,28,'59.144.35.242','Chrome 86.0.4240.75','Desktop','email','2021-01-16 16:46:18','2021-01-16 16:46:18'),(213,28,'59.144.35.242','Chrome 86.0.4240.75','Desktop','email','2021-01-16 16:48:05','2021-01-16 16:48:05'),(214,28,'183.83.176.10','Chrome 87.0.4280.141','Desktop','email','2021-01-16 17:10:57','2021-01-16 17:10:57'),(215,2,'183.83.176.10','Chrome 87.0.4280.141','Desktop','email','2021-01-16 17:19:29','2021-01-16 17:19:29'),(216,28,'59.144.35.242','Chrome 86.0.4240.75','Desktop','email','2021-01-18 09:52:39','2021-01-18 09:52:39'),(217,2,'59.144.35.242','Chrome 86.0.4240.75','Desktop','email','2021-01-18 10:14:36','2021-01-18 10:14:36'),(218,2,'183.83.176.10','Chrome 87.0.4280.141','Desktop','email','2021-01-18 11:21:00','2021-01-18 11:21:00'),(219,28,'59.144.35.242','Chrome 86.0.4240.75','Desktop','email','2021-01-18 12:50:58','2021-01-18 12:50:58'),(220,28,'59.144.35.242','Chrome 86.0.4240.75','Desktop','email','2021-01-19 10:50:38','2021-01-19 10:50:38'),(221,28,'59.144.35.242','Chrome 86.0.4240.75','Desktop','email','2021-01-21 13:43:44','2021-01-21 13:43:44'),(222,28,'59.144.35.242','Chrome 86.0.4240.75','Desktop','email','2021-01-21 18:17:18','2021-01-21 18:17:18'),(223,2,'171.79.151.66','Chrome 87.0.4280.88','Desktop','email','2021-01-23 18:37:39','2021-01-23 18:37:39'),(224,2,'183.83.176.10','Chrome 87.0.4280.141','Desktop','email','2021-01-23 18:38:16','2021-01-23 18:38:16'),(225,2,'171.79.151.66','Chrome 87.0.4280.88','Desktop','email','2021-01-24 11:19:15','2021-01-24 11:19:15'),(226,2,'171.79.152.225','Chrome 87.0.4280.88','Desktop','email','2021-01-24 19:22:05','2021-01-24 19:22:05'),(227,2,'171.79.148.37','Chrome 87.0.4280.141','Desktop','email','2021-01-25 19:49:00','2021-01-25 19:49:00'),(228,2,'171.79.148.37','Chrome 87.0.4280.141','Desktop','email','2021-01-26 11:15:52','2021-01-26 11:15:52'),(229,2,'171.79.148.37','Chrome 87.0.4280.141','Desktop','email','2021-01-26 14:10:48','2021-01-26 14:10:48'),(230,2,'171.79.148.37','Chrome 87.0.4280.141','Desktop','email','2021-01-26 20:39:53','2021-01-26 20:39:53'),(231,2,'183.83.176.10','Chrome 87.0.4280.141','Desktop','email','2021-01-27 21:02:30','2021-01-27 21:02:30'),(232,2,'183.83.176.10','Chrome 87.0.4280.141','Desktop','email','2021-01-27 21:25:01','2021-01-27 21:25:01'),(233,2,'183.83.42.88','Chrome 88.0.4324.104','Desktop','email','2021-01-28 10:00:54','2021-01-28 10:00:54'),(234,2,'183.83.176.10','Chrome 87.0.4280.141','Desktop','email','2021-01-28 12:21:25','2021-01-28 12:21:25'),(235,28,'59.144.35.242','Chrome 86.0.4240.75','Desktop','email','2021-01-28 14:20:27','2021-01-28 14:20:27'),(236,28,'59.144.35.242','Chrome 86.0.4240.75','Desktop','email','2021-01-28 17:53:10','2021-01-28 17:53:10'),(237,2,'183.83.43.137','Chrome 88.0.4324.104','Desktop','email','2021-01-29 15:01:27','2021-01-29 15:01:27'),(238,2,'183.83.42.81','Chrome 88.0.4324.104','Desktop','email','2021-01-31 12:17:49','2021-01-31 12:17:49'),(239,2,'157.38.70.183','Chrome 88.0.4324.104','Desktop','email','2021-01-31 17:22:35','2021-01-31 17:22:35'),(240,2,'183.83.42.152','Chrome 88.0.4324.104','Desktop','email','2021-02-02 20:55:33','2021-02-02 20:55:33'),(241,2,'183.83.43.141','Chrome 88.0.4324.104','Desktop','email','2021-02-03 16:16:50','2021-02-03 16:16:50'),(242,2,'183.83.43.250','Chrome 88.0.4324.104','Desktop','email','2021-02-04 10:27:47','2021-02-04 10:27:47'),(243,28,'59.144.35.242','Chrome 86.0.4240.75','Desktop','email','2021-02-04 18:25:48','2021-02-04 18:25:48'),(244,2,'183.83.42.19','Chrome 88.0.4324.150','Desktop','email','2021-02-08 16:16:22','2021-02-08 16:16:22'),(245,2,'183.83.43.107','Chrome 88.0.4324.150','Desktop','email','2021-02-09 10:10:05','2021-02-09 10:10:05'),(246,28,'117.99.166.136','Chrome 86.0.4240.75','Desktop','email','2021-02-09 10:52:13','2021-02-09 10:52:13'),(247,2,'183.83.43.107','Chrome 88.0.4324.150','Desktop','email','2021-02-09 13:45:00','2021-02-09 13:45:00'),(248,2,'183.83.43.41','Chrome 88.0.4324.150','Desktop','email','2021-02-11 13:55:30','2021-02-11 13:55:30'),(249,2,'183.83.42.95','Chrome 88.0.4324.150','Desktop','email','2021-02-12 11:40:26','2021-02-12 11:40:26'),(250,2,'183.83.42.95','Chrome 88.0.4324.150','Desktop','email','2021-02-12 15:28:19','2021-02-12 15:28:19'),(251,2,'183.83.43.8','Chrome 88.0.4324.150','Desktop','email','2021-02-18 13:45:05','2021-02-18 13:45:05'),(252,2,'183.83.176.10','Opera 74.0.3911.107','Desktop','email','2021-02-24 11:03:10','2021-02-24 11:03:10'),(253,2,'183.83.176.10','Opera 74.0.3911.107','Desktop','email','2021-02-25 10:46:00','2021-02-25 10:46:00'),(254,2,'183.83.176.10','Opera 74.0.3911.107','Desktop','email','2021-02-25 10:52:23','2021-02-25 10:52:23'),(255,2,'183.83.176.10','Chrome 88.0.4324.182','Desktop','email','2021-02-25 17:34:45','2021-02-25 17:34:45'),(256,2,'183.83.176.10','Chrome 88.0.4324.182','Desktop','email','2021-02-26 11:13:34','2021-02-26 11:13:34'),(257,2,'183.83.176.10','Chrome 88.0.4324.190','Desktop','email','2021-02-26 12:23:14','2021-02-26 12:23:14'),(258,2,'183.83.176.10','Chrome 88.0.4324.190','Desktop','email','2021-02-26 14:33:17','2021-02-26 14:33:17'),(259,2,'183.83.176.10','Chrome 88.0.4324.190','Desktop','email','2021-02-26 17:49:10','2021-02-26 17:49:10'),(260,2,'183.83.176.10','Chrome 88.0.4324.190','Desktop','email','2021-02-27 11:12:13','2021-02-27 11:12:13'),(261,2,'183.83.42.125','Chrome 88.0.4324.190','Desktop','email','2021-02-28 22:04:25','2021-02-28 22:04:25'),(262,2,'183.83.176.10','Chrome 88.0.4324.190','Desktop','email','2021-03-03 18:22:44','2021-03-03 18:22:44'),(263,2,'183.83.42.39','Chrome 89.0.4389.72','Desktop','email','2021-03-03 23:16:53','2021-03-03 23:16:53'),(264,2,'183.83.176.10','Chrome 88.0.4324.190','Desktop','email','2021-03-04 10:57:53','2021-03-04 10:57:53'),(265,2,'59.144.35.242','Chrome 86.0.4240.75','Desktop','email','2021-03-04 14:39:43','2021-03-04 14:39:43'),(266,2,'192.168.0.7','Chrome 88.0.4324.190','Desktop','email','2021-03-05 14:10:17','2021-03-05 14:10:17'),(267,2,'192.168.0.7','Chrome 88.0.4324.190','Desktop','email','2021-03-06 07:30:53','2021-03-06 07:30:53'),(268,2,'183.83.176.10','Chrome 88.0.4324.190','Desktop','email','2021-03-10 13:49:09','2021-03-10 13:49:09'),(269,2,'157.47.214.76','Chrome 86.0.4240.75','Desktop','email','2021-03-10 15:02:15','2021-03-10 15:02:15'),(270,2,'59.144.35.242','Chrome 86.0.4240.75','Desktop','email','2021-03-10 17:22:59','2021-03-10 17:22:59'),(271,2,'192.168.0.7','Chrome 88.0.4324.190','Desktop','email','2021-03-11 11:43:22','2021-03-11 11:43:22'),(272,2,'192.168.0.4','Chrome 88.0.4324.190','Desktop','email','2021-03-11 17:09:34','2021-03-11 17:09:34'),(273,2,'192.168.0.7','Chrome 88.0.4324.190','Desktop','email','2021-03-12 05:56:58','2021-03-12 05:56:58'),(274,2,'183.83.176.10','Chrome 88.0.4324.190','Desktop','email','2021-03-12 13:13:05','2021-03-12 13:13:05'),(275,61,'192.168.0.7','Chrome 88.0.4324.190','Desktop','email','2021-03-12 09:16:47','2021-03-12 09:16:47'),(276,2,'183.83.176.10','Chrome 88.0.4324.190','Desktop','email','2021-03-12 16:23:47','2021-03-12 16:23:47'),(277,2,'183.83.176.10','Chrome 88.0.4324.190','Desktop','email','2021-03-13 13:31:42','2021-03-13 13:31:42'),(278,61,'192.168.0.4','Chrome 89.0.4389.82','Desktop','email','2021-03-15 04:13:52','2021-03-15 04:13:52'),(279,61,'183.83.42.126','Chrome 89.0.4389.82','Desktop','email','2021-03-15 10:03:52','2021-03-15 10:03:52'),(280,2,'183.83.176.10','Chrome 89.0.4389.82','Desktop','email','2021-03-15 10:58:44','2021-03-15 10:58:44'),(281,61,'183.83.176.10','Opera 74.0.3911.203','Desktop','email','2021-03-15 11:27:43','2021-03-15 11:27:43'),(282,2,'183.83.176.10','Opera 74.0.3911.203','Desktop','email','2021-03-15 11:30:37','2021-03-15 11:30:37'),(283,2,'183.83.176.10','Opera 74.0.3911.203','Desktop','email','2021-03-15 11:42:42','2021-03-15 11:42:42'),(284,61,'183.83.176.10','Opera 74.0.3911.203','Desktop','email','2021-03-15 11:44:31','2021-03-15 11:44:31'),(285,61,'183.83.176.10','Opera 74.0.3911.203','Desktop','email','2021-03-15 11:53:45','2021-03-15 11:53:45'),(286,61,'183.83.176.10','Opera 74.0.3911.203','Desktop','email','2021-03-15 12:00:38','2021-03-15 12:00:38'),(287,61,'183.83.176.10','Opera 74.0.3911.203','Desktop','email','2021-03-15 12:02:51','2021-03-15 12:02:51'),(288,61,'183.83.176.10','Opera 74.0.3911.203','Desktop','email','2021-03-15 12:05:23','2021-03-15 12:05:23'),(289,61,'183.83.176.10','Opera 74.0.3911.203','Desktop','email','2021-03-15 12:07:52','2021-03-15 12:07:52'),(290,61,'183.83.176.10','Opera 74.0.3911.203','Desktop','email','2021-03-15 12:13:19','2021-03-15 12:13:19'),(291,61,'183.83.176.10','Opera 74.0.3911.203','Desktop','email','2021-03-15 12:34:03','2021-03-15 12:34:03'),(292,61,'183.83.176.10','Opera 74.0.3911.203','Desktop','email','2021-03-15 12:43:56','2021-03-15 12:43:56'),(293,61,'192.168.0.7','Chrome 89.0.4389.82','Desktop','email','2021-03-15 08:28:21','2021-03-15 08:28:21'),(294,2,'182.68.114.146','Chrome 86.0.4240.75','Desktop','email','2021-03-17 16:17:55','2021-03-17 16:17:55'),(295,61,'192.168.0.7','Chrome 89.0.4389.90','Desktop','email','2021-03-18 08:55:02','2021-03-18 08:55:02'),(296,61,'192.168.0.7','Chrome 89.0.4389.90','Desktop','email','2021-03-18 10:32:14','2021-03-18 10:32:14'),(297,61,'183.83.42.59','Chrome 89.0.4389.90','Desktop','email','2021-03-19 10:05:12','2021-03-19 10:05:12'),(298,2,'182.68.114.146','Chrome 86.0.4240.75','Desktop','email','2021-03-19 10:45:00','2021-03-19 10:45:00'),(299,2,'182.68.114.146','Chrome 86.0.4240.75','Desktop','email','2021-03-19 10:46:20','2021-03-19 10:46:20'),(300,2,'182.68.114.146','Chrome 86.0.4240.75','Desktop','email','2021-03-19 10:48:49','2021-03-19 10:48:49'),(301,2,'157.47.151.135','Chrome 89.0.4389.90','Desktop','email','2021-03-19 10:50:04','2021-03-19 10:50:04'),(302,2,'183.83.42.40','Chrome 89.0.4389.90','Desktop','email','2021-03-19 11:19:52','2021-03-19 11:19:52'),(303,61,'1.39.193.105','Chrome 89.0.4389.90','Desktop','email','2021-03-19 13:52:41','2021-03-19 13:52:41'),(304,61,'182.68.114.146','Chrome 86.0.4240.75','Desktop','email','2021-03-19 14:04:34','2021-03-19 14:04:34'),(305,2,'106.206.165.132','Chrome 86.0.4240.75','Desktop','email','2021-03-19 16:27:46','2021-03-19 16:27:46'),(306,61,'106.206.165.132','Chrome 86.0.4240.75','Desktop','email','2021-03-19 16:36:37','2021-03-19 16:36:37'),(307,61,'183.83.42.225','Chrome 89.0.4389.90','Desktop','email','2021-03-20 09:39:58','2021-03-20 09:39:58'),(308,61,'183.83.176.10','Chrome 89.0.4389.90','Desktop','email','2021-03-20 16:35:15','2021-03-20 16:35:15'),(309,2,'59.144.35.242','Chrome 86.0.4240.75','Desktop','email','2021-03-20 16:59:47','2021-03-20 16:59:47'),(310,2,'183.83.176.10','Chrome 89.0.4389.90','Desktop','email','2021-03-20 17:38:06','2021-03-20 17:38:06'),(311,74,'183.83.176.10','Chrome 89.0.4389.90','Desktop','email','2021-03-22 14:10:21','2021-03-22 14:10:21'),(312,74,'59.144.35.242','Chrome 86.0.4240.75','Desktop','email','2021-03-22 14:18:05','2021-03-22 14:18:05'),(313,74,'59.144.35.242','Chrome 86.0.4240.75','Desktop','email','2021-03-22 14:28:58','2021-03-22 14:28:58'),(314,2,'59.144.35.242','Chrome 86.0.4240.75','Desktop','email','2021-03-22 17:04:27','2021-03-22 17:04:27'),(315,2,'59.144.35.242','Chrome 86.0.4240.75','Desktop','email','2021-03-23 10:41:34','2021-03-23 10:41:34'),(316,2,'59.144.35.242','Chrome 86.0.4240.75','Desktop','email','2021-03-23 12:58:57','2021-03-23 12:58:57'),(317,61,'59.144.35.242','Chrome 86.0.4240.75','Desktop','email','2021-03-23 13:23:49','2021-03-23 13:23:49'),(318,2,'14.98.125.242','Chrome 86.0.4240.75','Desktop','email','2021-03-23 15:51:37','2021-03-23 15:51:37'),(319,61,'14.98.125.242','Chrome 86.0.4240.75','Desktop','email','2021-03-24 10:27:01','2021-03-24 10:27:01'),(320,61,'14.98.125.242','Chrome 86.0.4240.75','Desktop','email','2021-03-24 15:44:04','2021-03-24 15:44:04'),(321,61,'14.98.125.242','Chrome 86.0.4240.75','Desktop','email','2021-03-24 18:00:15','2021-03-24 18:00:15'),(322,61,'122.176.45.37','Firefox 86.0','Desktop','email','2021-03-25 15:55:10','2021-03-25 15:55:10'),(323,61,'183.83.176.10','Chrome 89.0.4389.90','Desktop','email','2021-03-25 16:09:03','2021-03-25 16:09:03'),(324,61,'223.233.113.49','Chrome 86.0.4240.75','Desktop','email','2021-03-30 11:30:48','2021-03-30 11:30:48'),(325,61,'122.160.14.57','Chrome 89.0.4389.90','Desktop','email','2021-03-30 12:23:02','2021-03-30 12:23:02'),(326,61,'183.83.176.190','Chrome 89.0.4389.90','Desktop','email','2021-03-30 12:28:03','2021-03-30 12:28:03'),(327,61,'183.83.176.190','Chrome 89.0.4389.90','Desktop','email','2021-03-30 12:32:30','2021-03-30 12:32:30'),(328,61,'223.233.113.49','Chrome 86.0.4240.75','Desktop','email','2021-03-30 12:36:00','2021-03-30 12:36:00'),(329,61,'157.47.133.255','Chrome 89.0.4389.105','Mobile','email','2021-03-30 12:44:09','2021-03-30 12:44:09'),(330,61,'122.160.14.57','Chrome 89.0.4389.90','Desktop','email','2021-03-30 12:46:35','2021-03-30 12:46:35'),(331,61,'183.83.176.190','Chrome 89.0.4389.90','Desktop','email','2021-03-30 13:17:03','2021-03-30 13:17:03'),(332,61,'122.160.14.57','Chrome 89.0.4389.90','Desktop','email','2021-03-30 13:19:55','2021-03-30 13:19:55'),(333,61,'157.47.145.175','Chrome 89.0.4389.105','Mobile','email','2021-03-30 13:23:27','2021-03-30 13:23:27'),(334,61,'183.83.176.190','Chrome 89.0.4389.90','Desktop','email','2021-03-30 13:32:03','2021-03-30 13:32:03'),(335,61,'122.160.14.57','Chrome 89.0.4389.90','Desktop','email','2021-03-30 14:09:53','2021-03-30 14:09:53'),(336,61,'183.83.176.190','Chrome 89.0.4389.90','Desktop','email','2021-03-30 15:10:13','2021-03-30 15:10:13'),(337,61,'183.83.176.190','Firefox 78.0','Desktop','email','2021-03-30 15:15:38','2021-03-30 15:15:38'),(338,61,'122.160.14.57','Firefox 78.0','Desktop','email','2021-03-30 15:28:52','2021-03-30 15:28:52'),(339,61,'183.83.176.190','Firefox 78.0','Desktop','email','2021-03-30 16:19:23','2021-03-30 16:19:23'),(340,61,'157.47.153.109','Chrome 89.0.4389.105','Mobile','email','2021-03-30 17:22:07','2021-03-30 17:22:07'),(341,61,'157.47.153.109','Chrome 89.0.4389.105','Mobile','email','2021-03-30 17:29:54','2021-03-30 17:29:54'),(342,2,'183.83.42.215','Chrome 89.0.4389.90','Desktop','email','2021-03-31 09:57:03','2021-03-31 09:57:03'),(343,61,'182.71.62.178','Chrome 89.0.4389.90','Mobile','email','2021-03-31 10:12:34','2021-03-31 10:12:34'),(344,61,'157.47.154.4','Chrome 89.0.4389.105','Mobile','email','2021-03-31 10:18:02','2021-03-31 10:18:02'),(345,61,'157.47.154.4','Chrome 89.0.4389.105','Mobile','email','2021-03-31 10:22:21','2021-03-31 10:22:21'),(346,61,'182.71.62.178','Chrome 89.0.4389.90','Desktop','email','2021-03-31 10:33:28','2021-03-31 10:33:28'),(347,61,'157.47.154.4','Chrome 89.0.4389.105','Mobile','email','2021-03-31 10:34:52','2021-03-31 10:34:52'),(348,61,'157.47.131.247','Chrome 89.0.4389.105','Mobile','email','2021-04-01 10:54:53','2021-04-01 10:54:53'),(349,61,'122.176.45.37','Chrome 89.0.4389.90','Desktop','email','2021-04-01 11:12:59','2021-04-01 11:12:59'),(350,61,'157.47.129.58','Chrome 89.0.4389.105','Mobile','email','2021-04-01 17:27:25','2021-04-01 17:27:25'),(351,61,'157.47.129.58','Chrome 89.0.4389.105','Mobile','email','2021-04-01 17:28:09','2021-04-01 17:28:09'),(352,61,'157.47.129.58','Chrome 89.0.4389.105','Mobile','email','2021-04-01 17:29:30','2021-04-01 17:29:30'),(353,61,'182.71.62.178','Chrome 89.0.4389.90','Desktop','email','2021-04-02 12:14:39','2021-04-02 12:14:39'),(354,61,'157.47.141.18','Chrome 89.0.4389.105','Mobile','email','2021-04-02 12:20:06','2021-04-02 12:20:06'),(355,61,'157.47.155.243','Chrome 89.0.4389.105','Mobile','email','2021-04-02 12:48:09','2021-04-02 12:48:09'),(356,61,'182.71.62.178','Chrome 89.0.4389.90','Desktop','email','2021-04-02 12:53:36','2021-04-02 12:53:36'),(357,61,'182.71.62.178','Chrome 89.0.4389.90','Desktop','email','2021-04-02 13:24:11','2021-04-02 13:24:11'),(358,61,'182.71.62.178','Chrome 89.0.4389.114','Desktop','email','2021-04-02 16:58:15','2021-04-02 16:58:15'),(359,61,'182.71.62.178','Chrome 89.0.4389.114','Desktop','email','2021-04-02 16:58:58','2021-04-02 16:58:58'),(360,61,'182.71.62.178','Chrome 89.0.4389.114','Desktop','email','2021-04-03 10:03:53','2021-04-03 10:03:53'),(361,2,'183.83.176.10','Chrome 89.0.4389.114','Desktop','email','2021-04-03 16:22:55','2021-04-03 16:22:55'),(362,61,'14.98.125.242','Chrome 89.0.4389.114','Desktop','email','2021-04-05 13:25:41','2021-04-05 13:25:41'),(363,61,'157.47.145.44','Chrome 89.0.4389.105','Mobile','email','2021-04-05 13:28:52','2021-04-05 13:28:52'),(364,61,'14.98.125.242','Chrome 89.0.4389.114','Desktop','email','2021-04-05 13:29:32','2021-04-05 13:29:32'),(365,61,'14.98.125.242','Chrome 89.0.4389.114','Desktop','email','2021-04-05 14:19:38','2021-04-05 14:19:38'),(366,2,'183.83.176.10','Chrome 89.0.4389.114','Desktop','email','2021-04-05 14:22:40','2021-04-05 14:22:40'),(367,61,'183.83.176.10','Chrome 89.0.4389.114','Desktop','email','2021-04-05 14:23:27','2021-04-05 14:23:27'),(368,74,'183.83.176.190','Chrome 86.0.4240.75','Desktop','phone','2021-04-05 14:24:08','2021-04-05 14:24:08'),(369,61,'14.98.125.242','Chrome 89.0.4389.114','Desktop','email','2021-04-05 15:26:59','2021-04-05 15:26:59'),(370,61,'183.83.176.10','Chrome 89.0.4389.114','Desktop','email','2021-04-05 17:36:13','2021-04-05 17:36:13'),(371,61,'183.83.176.10','Chrome 89.0.4389.114','Desktop','email','2021-04-05 18:52:43','2021-04-05 18:52:43'),(372,61,'14.98.125.242','Chrome 89.0.4389.114','Desktop','email','2021-04-06 09:36:06','2021-04-06 09:36:06'),(373,61,'14.98.125.242','Chrome 89.0.4389.114','Desktop','email','2021-04-06 09:53:29','2021-04-06 09:53:29'),(374,61,'14.98.125.242','Chrome 89.0.4389.114','Desktop','email','2021-04-06 09:54:23','2021-04-06 09:54:23'),(375,61,'157.47.148.195','Chrome 89.0.4389.105','Mobile','email','2021-04-06 10:30:12','2021-04-06 10:30:12'),(376,61,'14.98.125.242','Chrome 89.0.4389.114','Desktop','email','2021-04-06 11:17:02','2021-04-06 11:17:02'),(377,61,'14.98.125.242','Chrome 89.0.4389.114','Desktop','email','2021-04-06 16:40:07','2021-04-06 16:40:07'),(378,2,'183.83.176.190','Chrome 86.0.4240.75','Desktop','email','2021-04-07 15:02:39','2021-04-07 15:02:39'),(379,61,'183.83.176.190','Chrome 86.0.4240.75','Desktop','email','2021-04-07 15:09:47','2021-04-07 15:09:47'),(380,61,'59.144.35.242','Chrome 89.0.4389.114','Desktop','email','2021-04-07 15:20:36','2021-04-07 15:20:36'),(381,61,'14.98.125.242','Chrome 89.0.4389.114','Desktop','email','2021-04-07 15:39:03','2021-04-07 15:39:03'),(382,61,'183.83.176.190','Chrome 86.0.4240.75','Desktop','email','2021-04-07 17:33:41','2021-04-07 17:33:41'),(383,61,'59.144.35.242','Chrome 89.0.4389.114','Desktop','email','2021-04-07 17:44:21','2021-04-07 17:44:21'),(384,61,'59.144.35.242','Chrome 89.0.4389.114','Desktop','email','2021-04-08 10:36:02','2021-04-08 10:36:02'),(385,61,'59.144.35.242','Chrome 89.0.4389.114','Desktop','email','2021-04-08 11:16:08','2021-04-08 11:16:08'),(386,61,'183.83.176.10','Chrome 89.0.4389.114','Desktop','email','2021-04-08 11:31:19','2021-04-08 11:31:19'),(387,61,'59.144.35.242','Chrome 86.0.4240.75','Desktop','email','2021-04-08 12:29:42','2021-04-08 12:29:42'),(388,61,'122.176.45.37','Chrome 89.0.4389.114','Desktop','email','2021-04-08 15:27:50','2021-04-08 15:27:50'),(389,61,'122.176.45.37','Chrome 89.0.4389.114','Desktop','email','2021-04-08 15:43:43','2021-04-08 15:43:43'),(390,63,'183.83.176.10','Chrome 89.0.4389.114','Desktop','email','2021-04-08 17:25:48','2021-04-08 17:25:48'),(391,61,'59.144.35.242','Chrome 89.0.4389.114','Desktop','email','2021-04-09 12:54:02','2021-04-09 12:54:02'),(392,61,'183.83.176.190','Chrome 86.0.4240.75','Desktop','email','2021-04-09 13:09:09','2021-04-09 13:09:09'),(393,61,'59.144.35.242','Chrome 89.0.4389.114','Desktop','email','2021-04-10 11:02:04','2021-04-10 11:02:04'),(394,61,'183.83.176.190','Chrome 86.0.4240.75','Desktop','email','2021-04-10 11:13:33','2021-04-10 11:13:33'),(395,61,'183.83.176.190','Firefox 83.0','Desktop','email','2021-04-10 11:19:54','2021-04-10 11:19:54'),(396,61,'157.38.1.112','Chrome 89.0.4389.105','Mobile','email','2021-04-10 11:24:49','2021-04-10 11:24:49'),(397,61,'183.83.176.190','Chrome 86.0.4240.75','Desktop','email','2021-04-10 11:25:05','2021-04-10 11:25:05'),(398,61,'183.83.176.190','Chrome 86.0.4240.75','Desktop','email','2021-04-10 14:10:38','2021-04-10 14:10:38'),(399,61,'59.144.35.242','Chrome 86.0.4240.75','Desktop','email','2021-04-12 10:10:31','2021-04-12 10:10:31'),(400,61,'49.36.243.180','Chrome 86.0.4240.75','Desktop','email','2021-04-12 18:14:11','2021-04-12 18:14:11'),(401,61,'59.144.35.242','Chrome 89.0.4389.114','Desktop','email','2021-04-13 17:25:49','2021-04-13 17:25:49'),(402,61,'59.144.35.242','Chrome 89.0.4389.114','Desktop','email','2021-04-14 10:28:30','2021-04-14 10:28:30'),(403,61,'157.47.158.138','Chrome 86.0.4240.75','Desktop','email','2021-04-14 11:01:11','2021-04-14 11:01:11'),(404,61,'157.47.158.138','Chrome 86.0.4240.75','Desktop','email','2021-04-14 11:23:41','2021-04-14 11:23:41'),(405,61,'59.144.35.242','Chrome 89.0.4389.114','Desktop','email','2021-04-15 12:45:24','2021-04-15 12:45:24'),(406,61,'183.83.176.10','Chrome 89.0.4389.128','Desktop','email','2021-04-15 12:48:10','2021-04-15 12:48:10'),(407,61,'59.144.35.242','Chrome 86.0.4240.75','Desktop','email','2021-04-15 12:52:47','2021-04-15 12:52:47'),(408,61,'183.83.176.10','Chrome 89.0.4389.128','Desktop','email','2021-04-15 15:30:14','2021-04-15 15:30:14');
/*!40000 ALTER TABLE `user_login` ENABLE KEYS */;
UNLOCK TABLES;
DROP TABLE IF EXISTS `user_login_attempt`;
/*!40101 SET @saved_cs_client     = @@character_set_client */;
/*!40101 SET character_set_client = utf8 */;
CREATE TABLE `user_login_attempt` (
  `id` int(11) NOT NULL AUTO_INCREMENT,
  `email` varchar(255) COLLATE utf8_unicode_ci DEFAULT NULL,
  `user_ip` varchar(50) COLLATE utf8_unicode_ci NOT NULL,
  `user_browser` varchar(255) COLLATE utf8_unicode_ci DEFAULT NULL,
  `device_type` varchar(255) COLLATE utf8_unicode_ci DEFAULT NULL,
  `login_type` varchar(50) COLLATE utf8_unicode_ci NOT NULL,
  `created_at` timestamp NULL DEFAULT NULL,
  `updated_at` timestamp NULL DEFAULT NULL,
  PRIMARY KEY (`id`)
) ENGINE=InnoDB AUTO_INCREMENT=48 DEFAULT CHARSET=utf8 COLLATE=utf8_unicode_ci;
/*!40101 SET character_set_client = @saved_cs_client */;

LOCK TABLES `user_login_attempt` WRITE;
/*!40000 ALTER TABLE `user_login_attempt` DISABLE KEYS */;
INSERT INTO `user_login_attempt` VALUES (1,'akcapital@skfin.in','183.83.43.104','Chrome 86.0.4240.198','Desktop','email','2020-11-24 12:44:07','2020-11-24 12:44:07'),(2,'vivek.singh@skfin.in','183.83.176.10','Chrome 87.0.4280.88','Desktop','email','2020-12-09 20:09:30','2020-12-09 20:09:30'),(3,'akcapital@skfin.in','59.144.35.242','Chrome 87.0.4280.88','Desktop','email','2020-12-10 13:40:50','2020-12-10 13:40:50'),(4,'kotak@skfin.in','59.144.35.242','Chrome 87.0.4280.88','Desktop','email','2020-12-10 14:27:24','2020-12-10 14:27:24'),(5,'kotak@skfin.in','59.144.35.242','Chrome 87.0.4280.88','Desktop','email','2020-12-15 12:06:31','2020-12-15 12:06:31'),(6,'kotak@skfin.in','59.144.35.242','Chrome 86.0.4240.75','Desktop','email','2020-12-18 10:54:30','2020-12-18 10:54:30'),(7,'akcapital@skfin.in','183.83.176.10','Chrome 87.0.4280.88','Desktop','email','2020-12-19 11:42:14','2020-12-19 11:42:14'),(8,'akcapital@skfin.in','183.83.176.10','Chrome 87.0.4280.88','Desktop','email','2020-12-28 17:48:07','2020-12-28 17:48:07'),(9,'akcapital@skfin.in','183.83.176.10','Chrome 87.0.4280.88','Desktop','email','2020-12-28 18:32:09','2020-12-28 18:32:09'),(10,'akcapital@skfin.in','183.83.176.10','Chrome 87.0.4280.88','Desktop','email','2020-12-28 18:32:25','2020-12-28 18:32:25'),(11,'akcapital@skfin.in','183.83.176.10','Chrome 87.0.4280.88','Desktop','email','2020-12-28 18:40:46','2020-12-28 18:40:46'),(12,'akcapital@skfin.in','183.83.176.10','Chrome 87.0.4280.88','Desktop','email','2020-12-28 18:44:00','2020-12-28 18:44:00'),(13,'akcapital@skfin.in','183.83.176.10','Chrome 87.0.4280.88','Desktop','email','2020-12-29 15:09:27','2020-12-29 15:09:27'),(14,'akcapital@skfin.in','183.83.176.10','Chrome 87.0.4280.88','Desktop','email','2020-12-29 15:09:41','2020-12-29 15:09:41'),(15,'kotak@skfin.in','59.144.35.242','Chrome 86.0.4240.75','Desktop','email','2021-01-16 16:39:14','2021-01-16 16:39:14'),(16,'akcapital@skfin.in','59.144.35.242','Chrome 86.0.4240.75','Desktop','email','2021-01-16 16:40:45','2021-01-16 16:40:45'),(17,'akcapital@skfin.in','183.83.176.10','Chrome 88.0.4324.182','Desktop','email','2021-02-25 17:34:33','2021-02-25 17:34:33'),(18,'akcapital@skfin.in','192.168.0.7','Chrome 88.0.4324.190','Desktop','email','2021-03-05 14:09:32','2021-03-05 14:09:32'),(19,'trustee11@gmail.com','192.168.0.7','Chrome 88.0.4324.190','Desktop','email','2021-03-12 09:16:28','2021-03-12 09:16:28'),(20,'idbi@skfin.in','192.168.0.7','Chrome 89.0.4389.82','Desktop','email','2021-03-15 08:28:10','2021-03-15 08:28:10'),(21,'idbi@skfin.in','183.83.42.59','Chrome 89.0.4389.90','Desktop','email','2021-03-19 10:04:37','2021-03-19 10:04:37'),(22,'idbi@skfin.in','182.68.114.146','Chrome 86.0.4240.75','Desktop','email','2021-03-19 14:04:21','2021-03-19 14:04:21'),(23,'akcapital@skfin.in','106.206.165.132','Chrome 86.0.4240.75','Desktop','email','2021-03-19 16:27:29','2021-03-19 16:27:29'),(24,'idbi@skfin.in','106.206.165.132','Chrome 86.0.4240.75','Desktop','email','2021-03-19 16:36:24','2021-03-19 16:36:24'),(25,'akcapital@skfin.in','59.144.35.242','Chrome 86.0.4240.75','Desktop','email','2021-03-20 16:59:37','2021-03-20 16:59:37'),(26,'akcapital@skfin.in','59.144.35.242','Chrome 86.0.4240.75','Desktop','email','2021-03-22 17:01:16','2021-03-22 17:01:16'),(27,'akcapital@skfin.in','59.144.35.242','Chrome 86.0.4240.75','Desktop','email','2021-03-22 17:01:46','2021-03-22 17:01:46'),(28,'akcapital@skfin.in','59.144.35.242','Chrome 86.0.4240.75','Desktop','email','2021-03-22 17:02:01','2021-03-22 17:02:01'),(29,'idbi@skfin.in','59.144.35.242','Chrome 86.0.4240.75','Desktop','email','2021-03-23 13:22:16','2021-03-23 13:22:16'),(30,'idbi@skfin.in','59.144.35.242','Chrome 86.0.4240.75','Desktop','email','2021-03-23 13:22:31','2021-03-23 13:22:31'),(31,'idbi@skfin.in','59.144.35.242','Chrome 86.0.4240.75','Desktop','email','2021-03-23 13:22:49','2021-03-23 13:22:49'),(32,'idbi@skfin.in','223.233.113.49','Chrome 86.0.4240.75','Desktop','email','2021-03-30 12:35:24','2021-03-30 12:35:24'),(33,'akcapital@skfin.in','122.160.14.57','Firefox 78.0','Desktop','email','2021-03-30 16:17:50','2021-03-30 16:17:50'),(34,'akcapital@skfin.in','183.83.176.190','Firefox 78.0','Desktop','email','2021-03-30 16:18:27','2021-03-30 16:18:27'),(35,'akcapital@skfin.in','122.160.14.57','Firefox 78.0','Desktop','email','2021-03-30 16:18:46','2021-03-30 16:18:46'),(36,'akcapital@skfin.in','183.83.176.10','Chrome 89.0.4389.114','Desktop','email','2021-04-03 16:21:16','2021-04-03 16:21:16'),(37,'akcapital@skfin.in','183.83.176.190','Chrome 86.0.4240.75','Desktop','email','2021-04-07 15:00:52','2021-04-07 15:00:52'),(38,'akcapital@skfin.in','183.83.176.190','Chrome 86.0.4240.75','Desktop','email','2021-04-07 15:01:04','2021-04-07 15:01:04'),(39,'demo@skfin.in','183.83.176.190','Chrome 86.0.4240.75','Desktop','email','2021-04-07 15:01:50','2021-04-07 15:01:50'),(40,'idbi@skfin.in','183.83.176.190','Chrome 86.0.4240.75','Desktop','email','2021-04-07 15:09:20','2021-04-07 15:09:20'),(41,'idbi@skfin.in','183.83.176.190','Chrome 86.0.4240.75','Desktop','email','2021-04-07 15:09:33','2021-04-07 15:09:33'),(42,'idbi@skfin.in','59.144.35.242','Chrome 89.0.4389.114','Desktop','email','2021-04-10 11:01:34','2021-04-10 11:01:34'),(43,'idbi@skfin.in','59.144.35.242','Chrome 86.0.4240.75','Desktop','email','2021-04-12 10:10:19','2021-04-12 10:10:19'),(44,'idbi@skfin.in','59.144.35.242','Chrome 89.0.4389.114','Desktop','email','2021-04-13 17:24:08','2021-04-13 17:24:08'),(45,'idbi@skfin.in','59.144.35.242','Firefox 84.0','Desktop','email','2021-04-13 17:25:11','2021-04-13 17:25:11'),(46,'abhinav.gupta@skfin.in','59.144.35.242','Firefox 84.0','Desktop','email','2021-04-13 17:25:20','2021-04-13 17:25:20'),(47,'idbi@skfin.in','157.47.158.138','Chrome 86.0.4240.75','Desktop','email','2021-04-14 11:23:33','2021-04-14 11:23:33');
/*!40000 ALTER TABLE `user_login_attempt` ENABLE KEYS */;
UNLOCK TABLES;
DROP TABLE IF EXISTS `user_pdf`;
/*!40101 SET @saved_cs_client     = @@character_set_client */;
/*!40101 SET character_set_client = utf8 */;
CREATE TABLE `user_pdf` (
  `id` int(10) unsigned NOT NULL AUTO_INCREMENT,
  `user_id` int(10) unsigned NOT NULL,
  `article_id` int(10) unsigned NOT NULL,
  `download_date` datetime DEFAULT NULL,
  `created_at` timestamp NULL DEFAULT NULL,
  `updated_at` timestamp NULL DEFAULT NULL,
  `deleted_at` timestamp NULL DEFAULT NULL,
  PRIMARY KEY (`id`)
) ENGINE=MyISAM AUTO_INCREMENT=6 DEFAULT CHARSET=utf8mb4 COLLATE=utf8mb4_unicode_ci;
/*!40101 SET character_set_client = @saved_cs_client */;

LOCK TABLES `user_pdf` WRITE;
/*!40000 ALTER TABLE `user_pdf` DISABLE KEYS */;
INSERT INTO `user_pdf` VALUES (1,2,2,'2020-11-05 20:19:12','2020-11-05 20:19:12','2020-11-05 20:19:12',NULL),(2,2,3,'2020-11-05 20:30:42','2020-11-05 20:30:42','2020-11-05 20:30:42',NULL),(3,1,8,'2020-11-11 21:09:10','2020-11-11 21:09:10','2020-11-11 21:09:10',NULL),(4,2,21,'2020-12-04 17:34:03','2020-12-04 17:34:03','2020-12-04 17:34:03',NULL),(5,2,21,'2020-12-04 18:20:23','2020-12-04 18:20:23','2020-12-04 18:20:23',NULL);
/*!40000 ALTER TABLE `user_pdf` ENABLE KEYS */;
UNLOCK TABLES;
DROP TABLE IF EXISTS `user_transaction_document`;
/*!40101 SET @saved_cs_client     = @@character_set_client */;
/*!40101 SET character_set_client = utf8 */;
CREATE TABLE `user_transaction_document` (
  `id` int(10) unsigned NOT NULL AUTO_INCREMENT,
  `user_id` int(10) unsigned NOT NULL,
  `transaction_document_id` int(10) unsigned NOT NULL,
  `download_date` datetime DEFAULT NULL,
  `created_at` timestamp NULL DEFAULT NULL,
  `updated_at` timestamp NULL DEFAULT NULL,
  `deleted_at` timestamp NULL DEFAULT NULL,
  PRIMARY KEY (`id`)
) ENGINE=MyISAM AUTO_INCREMENT=2 DEFAULT CHARSET=utf8mb4 COLLATE=utf8mb4_unicode_ci;
/*!40101 SET character_set_client = @saved_cs_client */;

LOCK TABLES `user_transaction_document` WRITE;
/*!40000 ALTER TABLE `user_transaction_document` DISABLE KEYS */;
INSERT INTO `user_transaction_document` VALUES (1,61,1,'2021-04-02 16:59:36','2021-04-02 16:59:36','2021-04-02 16:59:36',NULL);
/*!40000 ALTER TABLE `user_transaction_document` ENABLE KEYS */;
UNLOCK TABLES;
DROP TABLE IF EXISTS `users`;
/*!40101 SET @saved_cs_client     = @@character_set_client */;
/*!40101 SET character_set_client = utf8 */;
CREATE TABLE `users` (
  `id` bigint(20) unsigned NOT NULL AUTO_INCREMENT,
  `name` varchar(191) COLLATE utf8mb4_unicode_ci NOT NULL,
  `email` varchar(191) COLLATE utf8mb4_unicode_ci NOT NULL,
  `phone` varchar(15) COLLATE utf8mb4_unicode_ci DEFAULT NULL,
  `user_otp` varchar(6) COLLATE utf8mb4_unicode_ci NOT NULL DEFAULT '123456',
  `email_verified_at` timestamp NULL DEFAULT NULL,
  `password` varchar(191) COLLATE utf8mb4_unicode_ci NOT NULL,
  `remember_token` varchar(100) COLLATE utf8mb4_unicode_ci DEFAULT NULL,
  `user_status` tinyint(1) NOT NULL DEFAULT '0',
  `login_attempt` int(11) NOT NULL DEFAULT '0',
  `created_at` timestamp NULL DEFAULT NULL,
  `updated_at` timestamp NULL DEFAULT NULL,
  PRIMARY KEY (`id`),
  UNIQUE KEY `users_email_unique` (`email`)
) ENGINE=MyISAM AUTO_INCREMENT=76 DEFAULT CHARSET=utf8mb4 COLLATE=utf8mb4_unicode_ci;
/*!40101 SET character_set_client = @saved_cs_client */;

LOCK TABLES `users` WRITE;
/*!40000 ALTER TABLE `users` DISABLE KEYS */;
INSERT INTO `users` VALUES (1,'Ess Kay Master Admin','esskayfincorp@gmail.com','9462045321','409758',NULL,'$2y$10$lXGyEnDLpH0hdRFcXOJItuUubIWA0HGVcSZZ.OUr2y7K/dfr.tltS','iCzTXjkN12Bbc1uta0wIjqFJJcHJAgWEOOMTBYszDRrdguwB6XllOTLCTkuV',1,0,'0000-00-00 00:00:00','2021-01-16 16:40:14'),(50,'Utkarsh Small Finance Bank','utkarsh.small.finance.bank@skfin.in','9999999951','600486',NULL,'$2y$10$lXGyEnDLpH0hdRFcXOJItuUubIWA0HGVcSZZ.OUr2y7K/dfr.tltS','XML0X7K3liGjDteJGovdbGUN7sJRBrRnmUAA1BKZwijx5yv1TxxZWfimFr5l',1,0,'0000-00-00 00:00:00','0000-00-00 00:00:00'),(51,'Vivriti Capital Private Limited','vivriti.capital.private.limited@skfin.in','9999999950','600486',NULL,'$2y$10$rPL.NbZf7JM5/ULLsB1lFOcIUuv8DuThnHccPFsXXgCylrNA/Ollq',NULL,1,0,'0000-00-00 00:00:00','0000-00-00 00:00:00'),(52,'Volkswagen Finance Pvt Ltd.(T.L)','volkswagen.finance.pvt.ltd.t.l@skfin.in','9999999949','600486',NULL,'$2y$10$tM2rHX8nmTqY45UAWXqiDeFNJevO5tz1I.QwXvq3lktiohX.UkRYG',NULL,1,0,'0000-00-00 00:00:00','2021-02-27 12:45:13'),(49,'Union Bank of India','union.bank.of.india@skfin.in','9999999952','600486',NULL,'$2y$10$rPL.NbZf7JM5/ULLsB1lFOcIUuv8DuThnHccPFsXXgCylrNA/Ollq',NULL,1,0,'0000-00-00 00:00:00','0000-00-00 00:00:00'),(2,'A K Capital Services Limited','akcapital@skfin.in','9887501240','301951',NULL,'$2y$10$seH6cD1KZHa.uHYI6JhYiOXCiWCqWG48ts43hoo.oDj74.g/6gdbC',NULL,1,0,'0000-00-00 00:00:00','2021-04-07 15:02:39'),(3,'Au Small Finance Bank','au.small.finance.bank@skfin.in','9999999998','600486',NULL,'$2y$10$lXGyEnDLpH0hdRFcXOJItuUubIWA0HGVcSZZ.OUr2y7K/dfr.tltS','XML0X7K3liGjDteJGovdbGUN7sJRBrRnmUAA1BKZwijx5yv1TxxZWfimFr5l',1,0,'0000-00-00 00:00:00','0000-00-00 00:00:00'),(4,'Avendus PPMLD','avendus.ppmld@skfin.in','9999999997','600486',NULL,'$2y$10$rPL.NbZf7JM5/ULLsB1lFOcIUuv8DuThnHccPFsXXgCylrNA/Ollq',NULL,1,0,'0000-00-00 00:00:00','0000-00-00 00:00:00'),(5,'Axis Bank','axis.bank@skfin.in','9999999996','600486',NULL,'$2y$10$lXGyEnDLpH0hdRFcXOJItuUubIWA0HGVcSZZ.OUr2y7K/dfr.tltS','XML0X7K3liGjDteJGovdbGUN7sJRBrRnmUAA1BKZwijx5yv1TxxZWfimFr5l',1,0,'0000-00-00 00:00:00','0000-00-00 00:00:00'),(6,'Bajaj Finance Limited','bajaj.finance.limited@skfin.in','9999999995','600486',NULL,'$2y$10$rPL.NbZf7JM5/ULLsB1lFOcIUuv8DuThnHccPFsXXgCylrNA/Ollq',NULL,1,0,'0000-00-00 00:00:00','0000-00-00 00:00:00'),(7,'Bank of Baroda','bank.of.baroda@skfin.in','9999999994','600486',NULL,'$2y$10$lXGyEnDLpH0hdRFcXOJItuUubIWA0HGVcSZZ.OUr2y7K/dfr.tltS','XML0X7K3liGjDteJGovdbGUN7sJRBrRnmUAA1BKZwijx5yv1TxxZWfimFr5l',1,0,'0000-00-00 00:00:00','0000-00-00 00:00:00'),(8,'Bank of India','bank.of.india@skfin.in','9999999993','600486',NULL,'$2y$10$rPL.NbZf7JM5/ULLsB1lFOcIUuv8DuThnHccPFsXXgCylrNA/Ollq',NULL,1,0,'0000-00-00 00:00:00','0000-00-00 00:00:00'),(9,'Bank of Maharashtra','bank.of.maharashtra@skfin.in','9999999992','600486',NULL,'$2y$10$lXGyEnDLpH0hdRFcXOJItuUubIWA0HGVcSZZ.OUr2y7K/dfr.tltS','XML0X7K3liGjDteJGovdbGUN7sJRBrRnmUAA1BKZwijx5yv1TxxZWfimFr5l',1,0,'0000-00-00 00:00:00','0000-00-00 00:00:00'),(10,'Capital Small Finance Bank Ltd','capital.small.finance.bank.ltd@skfin.in','9999999991','600486',NULL,'$2y$10$rPL.NbZf7JM5/ULLsB1lFOcIUuv8DuThnHccPFsXXgCylrNA/Ollq',NULL,1,0,'0000-00-00 00:00:00','0000-00-00 00:00:00'),(11,'CSB Bank','csb.bank@skfin.in','9999999990','600486',NULL,'$2y$10$lXGyEnDLpH0hdRFcXOJItuUubIWA0HGVcSZZ.OUr2y7K/dfr.tltS','XML0X7K3liGjDteJGovdbGUN7sJRBrRnmUAA1BKZwijx5yv1TxxZWfimFr5l',1,0,'0000-00-00 00:00:00','0000-00-00 00:00:00'),(12,'Dcb Bank Limited','dcb.bank.limited@skfin.in','9999999989','600486',NULL,'$2y$10$rPL.NbZf7JM5/ULLsB1lFOcIUuv8DuThnHccPFsXXgCylrNA/Ollq',NULL,1,0,'0000-00-00 00:00:00','0000-00-00 00:00:00'),(13,'Fedbank Financial Service Limited','fedbank.financial.service.limited@skfin.in','9999999988','600486',NULL,'$2y$10$lXGyEnDLpH0hdRFcXOJItuUubIWA0HGVcSZZ.OUr2y7K/dfr.tltS','XML0X7K3liGjDteJGovdbGUN7sJRBrRnmUAA1BKZwijx5yv1TxxZWfimFr5l',1,0,'0000-00-00 00:00:00','0000-00-00 00:00:00'),(14,'Federal Bank Limited','federal.bank.limited@skfin.in','9999999987','600486',NULL,'$2y$10$rPL.NbZf7JM5/ULLsB1lFOcIUuv8DuThnHccPFsXXgCylrNA/Ollq',NULL,1,0,'0000-00-00 00:00:00','0000-00-00 00:00:00'),(15,'FMO: Entrepreneurial Development Bank','fmo.entrepreneurial.development.bank@skfin.in','9999999986','600486',NULL,'$2y$10$lXGyEnDLpH0hdRFcXOJItuUubIWA0HGVcSZZ.OUr2y7K/dfr.tltS','XML0X7K3liGjDteJGovdbGUN7sJRBrRnmUAA1BKZwijx5yv1TxxZWfimFr5l',1,0,'0000-00-00 00:00:00','0000-00-00 00:00:00'),(16,'Franklin Templeton','franklin.templeton@skfin.in','9999999985','600486',NULL,'$2y$10$rPL.NbZf7JM5/ULLsB1lFOcIUuv8DuThnHccPFsXXgCylrNA/Ollq',NULL,1,0,'0000-00-00 00:00:00','0000-00-00 00:00:00'),(17,'HDFC Bank Limited','hdfc.bank.limited@skfin.in','9999999984','600486',NULL,'$2y$10$lXGyEnDLpH0hdRFcXOJItuUubIWA0HGVcSZZ.OUr2y7K/dfr.tltS','XML0X7K3liGjDteJGovdbGUN7sJRBrRnmUAA1BKZwijx5yv1TxxZWfimFr5l',1,0,'0000-00-00 00:00:00','0000-00-00 00:00:00'),(18,'Hinduja Leyland Finance Limited','hinduja.leyland.finance.limited@skfin.in','9999999983','600486',NULL,'$2y$10$rPL.NbZf7JM5/ULLsB1lFOcIUuv8DuThnHccPFsXXgCylrNA/Ollq',NULL,1,0,'0000-00-00 00:00:00','0000-00-00 00:00:00'),(19,'ICICI Bank','icici.bank@skfin.in','9999999982','600486',NULL,'$2y$10$lXGyEnDLpH0hdRFcXOJItuUubIWA0HGVcSZZ.OUr2y7K/dfr.tltS','XML0X7K3liGjDteJGovdbGUN7sJRBrRnmUAA1BKZwijx5yv1TxxZWfimFr5l',1,0,'0000-00-00 00:00:00','0000-00-00 00:00:00'),(20,'IDFC First Bank Limited','idfc.first.bank.limited@skfin.in','9999999981','600486',NULL,'$2y$10$rPL.NbZf7JM5/ULLsB1lFOcIUuv8DuThnHccPFsXXgCylrNA/Ollq',NULL,1,0,'0000-00-00 00:00:00','0000-00-00 00:00:00'),(21,'IFMR Capital Finance Private Limited- NCD','ifmr.capital.finance.private.limited.ncd@skfin.in','9999999980','600486',NULL,'$2y$10$lXGyEnDLpH0hdRFcXOJItuUubIWA0HGVcSZZ.OUr2y7K/dfr.tltS','XML0X7K3liGjDteJGovdbGUN7sJRBrRnmUAA1BKZwijx5yv1TxxZWfimFr5l',1,0,'0000-00-00 00:00:00','0000-00-00 00:00:00'),(22,'IFMR FIMPACT Long Term Multi Asset Class Fund','ifmr.fimpact.long.term.multi.asset.class.fund@skfin.in','9999999979','600486',NULL,'$2y$10$rPL.NbZf7JM5/ULLsB1lFOcIUuv8DuThnHccPFsXXgCylrNA/Ollq',NULL,1,0,'0000-00-00 00:00:00','0000-00-00 00:00:00'),(23,'Indian Bank','indian.bank@skfin.in','9999999978','600486',NULL,'$2y$10$lXGyEnDLpH0hdRFcXOJItuUubIWA0HGVcSZZ.OUr2y7K/dfr.tltS','XML0X7K3liGjDteJGovdbGUN7sJRBrRnmUAA1BKZwijx5yv1TxxZWfimFr5l',1,0,'0000-00-00 00:00:00','0000-00-00 00:00:00'),(24,'Indusind Bank Limited','indusind.bank.limited@skfin.in','9999999977','600486',NULL,'$2y$10$rPL.NbZf7JM5/ULLsB1lFOcIUuv8DuThnHccPFsXXgCylrNA/Ollq',NULL,1,0,'0000-00-00 00:00:00','0000-00-00 00:00:00'),(25,'Indian Overseas Bank','indian.overseas.bank@skfin.in','9999999976','600486',NULL,'$2y$10$lXGyEnDLpH0hdRFcXOJItuUubIWA0HGVcSZZ.OUr2y7K/dfr.tltS','XML0X7K3liGjDteJGovdbGUN7sJRBrRnmUAA1BKZwijx5yv1TxxZWfimFr5l',1,0,'0000-00-00 00:00:00','0000-00-00 00:00:00'),(26,'Karvy Capital','karvy.capital@skfin.in','9999999975','600486',NULL,'$2y$10$rPL.NbZf7JM5/ULLsB1lFOcIUuv8DuThnHccPFsXXgCylrNA/Ollq',NULL,1,0,'0000-00-00 00:00:00','0000-00-00 00:00:00'),(27,'KMPL','kmpl@skfin.in','9999999974','600486',NULL,'$2y$10$lXGyEnDLpH0hdRFcXOJItuUubIWA0HGVcSZZ.OUr2y7K/dfr.tltS','XML0X7K3liGjDteJGovdbGUN7sJRBrRnmUAA1BKZwijx5yv1TxxZWfimFr5l',1,0,'0000-00-00 00:00:00','0000-00-00 00:00:00'),(28,'Kotak Mahindra Bank Limited','kotak.mahindra.bank.limited@skfin.in','9999999973','600486',NULL,'$2y$10$AvV828KYBwizTr6oBfKHI.Jp2CyKRgMuNzb9j78gxDDOa2L0SR.2a',NULL,1,0,'0000-00-00 00:00:00','2021-02-19 12:38:49'),(29,'Lakshmi Vilas Bank','lakshmi.vilas.bank@skfin.in','9999999972','600486',NULL,'$2y$10$lXGyEnDLpH0hdRFcXOJItuUubIWA0HGVcSZZ.OUr2y7K/dfr.tltS','XML0X7K3liGjDteJGovdbGUN7sJRBrRnmUAA1BKZwijx5yv1TxxZWfimFr5l',1,0,'0000-00-00 00:00:00','0000-00-00 00:00:00'),(30,'Magma Fincorp Limited','magma.fincorp.limited@skfin.in','9999999971','600486',NULL,'$2y$10$rPL.NbZf7JM5/ULLsB1lFOcIUuv8DuThnHccPFsXXgCylrNA/Ollq',NULL,1,0,'0000-00-00 00:00:00','0000-00-00 00:00:00'),(31,'Mahindra & Mahindra','mahindra..mahindra@skfin.in','9999999970','600486',NULL,'$2y$10$lXGyEnDLpH0hdRFcXOJItuUubIWA0HGVcSZZ.OUr2y7K/dfr.tltS','XML0X7K3liGjDteJGovdbGUN7sJRBrRnmUAA1BKZwijx5yv1TxxZWfimFr5l',1,0,'0000-00-00 00:00:00','0000-00-00 00:00:00'),(32,'Manappuram Finance Limited','manappuram.finance.limited@skfin.in','9999999969','600486',NULL,'$2y$10$rPL.NbZf7JM5/ULLsB1lFOcIUuv8DuThnHccPFsXXgCylrNA/Ollq',NULL,1,0,'0000-00-00 00:00:00','0000-00-00 00:00:00'),(33,'Mudra','mudra@skfin.in','9999999968','600486',NULL,'$2y$10$lXGyEnDLpH0hdRFcXOJItuUubIWA0HGVcSZZ.OUr2y7K/dfr.tltS','XML0X7K3liGjDteJGovdbGUN7sJRBrRnmUAA1BKZwijx5yv1TxxZWfimFr5l',1,0,'0000-00-00 00:00:00','0000-00-00 00:00:00'),(34,'Nabkisan Finance Limited','nabkisan.finance.limited@skfin.in','9999999967','600486',NULL,'$2y$10$rPL.NbZf7JM5/ULLsB1lFOcIUuv8DuThnHccPFsXXgCylrNA/Ollq',NULL,1,0,'0000-00-00 00:00:00','0000-00-00 00:00:00'),(35,'Nabsamruddhi Finance Limited','nabsamruddhi.finance.limited@skfin.in','9999999966','600486',NULL,'$2y$10$lXGyEnDLpH0hdRFcXOJItuUubIWA0HGVcSZZ.OUr2y7K/dfr.tltS','XML0X7K3liGjDteJGovdbGUN7sJRBrRnmUAA1BKZwijx5yv1TxxZWfimFr5l',1,0,'0000-00-00 00:00:00','0000-00-00 00:00:00'),(36,'Northern Arc Capital (Ifmr Fimpact Income Bu)','northern.arc.capital.ifmr.fimpact.income.bu@skfin.in','9999999965','600486',NULL,'$2y$10$rPL.NbZf7JM5/ULLsB1lFOcIUuv8DuThnHccPFsXXgCylrNA/Ollq',NULL,1,0,'0000-00-00 00:00:00','0000-00-00 00:00:00'),(37,'Poonawala Finance Private Limited','poonawala.finance.private.limited@skfin.in','9999999964','600486',NULL,'$2y$10$lXGyEnDLpH0hdRFcXOJItuUubIWA0HGVcSZZ.OUr2y7K/dfr.tltS','XML0X7K3liGjDteJGovdbGUN7sJRBrRnmUAA1BKZwijx5yv1TxxZWfimFr5l',1,0,'0000-00-00 00:00:00','0000-00-00 00:00:00'),(38,'Punjab & Sind Bank','punjab.sind.bank@skfin.in','9999999963','600486',NULL,'$2y$10$rPL.NbZf7JM5/ULLsB1lFOcIUuv8DuThnHccPFsXXgCylrNA/Ollq',NULL,1,0,'0000-00-00 00:00:00','0000-00-00 00:00:00'),(39,'Punjab National Bank','punjab.national.bank@skfin.in','9999999962','600486',NULL,'$2y$10$lXGyEnDLpH0hdRFcXOJItuUubIWA0HGVcSZZ.OUr2y7K/dfr.tltS','XML0X7K3liGjDteJGovdbGUN7sJRBrRnmUAA1BKZwijx5yv1TxxZWfimFr5l',1,0,'0000-00-00 00:00:00','0000-00-00 00:00:00'),(40,'RBL Bank Limited','rbl.bank.limited@skfin.in','9999999961','600486',NULL,'$2y$10$rPL.NbZf7JM5/ULLsB1lFOcIUuv8DuThnHccPFsXXgCylrNA/Ollq',NULL,1,0,'0000-00-00 00:00:00','0000-00-00 00:00:00'),(41,'Reliance Mutual Fund','reliance.mutual.fund@skfin.in','9999999960','600486',NULL,'$2y$10$lXGyEnDLpH0hdRFcXOJItuUubIWA0HGVcSZZ.OUr2y7K/dfr.tltS','XML0X7K3liGjDteJGovdbGUN7sJRBrRnmUAA1BKZwijx5yv1TxxZWfimFr5l',1,0,'0000-00-00 00:00:00','0000-00-00 00:00:00'),(42,'ResponsAbility','responsability@skfin.in','9999999959','600486',NULL,'$2y$10$rPL.NbZf7JM5/ULLsB1lFOcIUuv8DuThnHccPFsXXgCylrNA/Ollq',NULL,1,0,'0000-00-00 00:00:00','0000-00-00 00:00:00'),(43,'Small Industries Development Bank of India','small.industries.development.bank.of.india@skfin.in','9999999958','600486',NULL,'$2y$10$lXGyEnDLpH0hdRFcXOJItuUubIWA0HGVcSZZ.OUr2y7K/dfr.tltS','XML0X7K3liGjDteJGovdbGUN7sJRBrRnmUAA1BKZwijx5yv1TxxZWfimFr5l',1,0,'0000-00-00 00:00:00','0000-00-00 00:00:00'),(44,'State Bank of India','state.bank.of.india@skfin.in','9999999957','600486',NULL,'$2y$10$rPL.NbZf7JM5/ULLsB1lFOcIUuv8DuThnHccPFsXXgCylrNA/Ollq',NULL,1,0,'0000-00-00 00:00:00','0000-00-00 00:00:00'),(45,'State Bank of Mauritius','state.bank.of.mauritius@skfin.in','9999999956','600486',NULL,'$2y$10$lXGyEnDLpH0hdRFcXOJItuUubIWA0HGVcSZZ.OUr2y7K/dfr.tltS','XML0X7K3liGjDteJGovdbGUN7sJRBrRnmUAA1BKZwijx5yv1TxxZWfimFr5l',1,0,'0000-00-00 00:00:00','0000-00-00 00:00:00'),(46,'Tata Capital Finance Service Limited','tata.capital.finance.service.limited@skfin.in','9999999955','600486',NULL,'$2y$10$rPL.NbZf7JM5/ULLsB1lFOcIUuv8DuThnHccPFsXXgCylrNA/Ollq',NULL,1,0,'0000-00-00 00:00:00','0000-00-00 00:00:00'),(47,'The South Indian Bank Limited','the.south.indian.bank.limited@skfin.in','9999999954','600486',NULL,'$2y$10$lXGyEnDLpH0hdRFcXOJItuUubIWA0HGVcSZZ.OUr2y7K/dfr.tltS','XML0X7K3liGjDteJGovdbGUN7sJRBrRnmUAA1BKZwijx5yv1TxxZWfimFr5l',1,0,'0000-00-00 00:00:00','0000-00-00 00:00:00'),(48,'Ujjivan Small Finance Bank Ltd','ujjivan.small.finance.bank.ltd@skfin.in','9999999953','600486',NULL,'$2y$10$rPL.NbZf7JM5/ULLsB1lFOcIUuv8DuThnHccPFsXXgCylrNA/Ollq',NULL,1,0,'0000-00-00 00:00:00','0000-00-00 00:00:00'),(53,'Shubham Gupta','shubham.gupta@skfin.in','9929697429','914271',NULL,'$2y$10$NFeMilPq.jnY.RgxB5GAYubZTd2DBjxJfkfjINGH5mtm09zFVyez2',NULL,1,0,'2020-11-19 12:39:37','2020-11-24 17:26:34'),(54,'Rituraj Sharma','rituraj.sharma@skfin.in','7742109988','455579',NULL,'$2y$10$miJZ6RAZ0KQ3SxPP8HZIzuNqy9cad/qk3hj19HaaQBbCmJpWZMBmy','pI5yFG3D0rGr1r9p5qWpcSH8nq6Jww234HODYbegajwUDLAnZUA6LEGfgOM4',1,0,'2020-12-03 13:23:12','2020-12-03 13:23:12'),(55,'Vivek Singh','vivek@skfin.in','9987646755','997481',NULL,'$2y$10$boyR8JFkTtFiSiORMH84Q.gniEk.3EjDXoMb8XhyK/ncGECOLFzQ.',NULL,1,1,'2020-12-07 14:54:12','2021-03-22 12:58:12'),(74,'Demo','demo@skfin.in','9783094934','987654',NULL,'$2y$10$1kma7QG6wwJabVN5Lgm4BumGXOxFY04PntyT5aeqWvWEqTrrgOzRu',NULL,1,1,'2021-03-22 12:52:09','2021-04-07 15:01:50'),(57,'Jitesh','jitesh@skfin.in','7014592698','560678',NULL,'$2y$10$IkDY22p2nfChvoh1BLHo7uccftSAiaA1OO/5E75uzhVcWwtJ4N65u',NULL,1,0,'2020-12-08 10:51:02','2020-12-08 11:19:34'),(60,'kirti sharma','kirti.sharma@skfin.in','9856745634','987654',NULL,'$2y$10$FumETG.K5IgNDvNbg8/A2eAOYA31yy5tXMuXydp5eZrtIj69nTIwK',NULL,0,0,'2021-02-27 12:49:13','2021-02-27 12:49:13'),(61,'IDBI','idbi@skfin.in','9876543211','987654',NULL,'$2y$10$wKIUqdHuS0YTT1SctquPluRgH4myy6UZhLt3PMnXDkuRsFhazJ.1G','wAImAYf1yioXyMylvAX5098xNPHRIRGvvXOxDUXl28ykEE0CAPCYb33s1avu',1,0,'2021-03-06 05:29:09','2021-04-15 15:30:14'),(62,'kirti sharma','ks@gmail.com','9856745630','987654',NULL,'$2y$10$KmdnDtEm95EIVYSevxI3/.s2BTjomq30tVga8CqEiwuYRmpx240i6',NULL,0,0,'2021-03-12 13:20:12','2021-03-12 13:21:58'),(63,'Catalyst','catalyst@skfin.in','9876543212','987654',NULL,'$2y$10$sxVrNHYx9cNt10.dvApMy.QHk9aQjoOipl.mQFvOwuim7ZI2f/2Yy',NULL,1,0,'2021-03-06 05:29:09','2021-04-08 17:25:48'),(64,'Beacon','beacon@skfin.in','9876543212','987654',NULL,'$2y$10$lpJG8Fzpvu11h9ODuwdp5.8Lphzg.ZR0rO6OgjXb0Bh6raPlTTQZC',NULL,1,0,'2021-03-06 05:29:09','2021-03-15 11:22:31'),(65,'Milestone','milestone@skfin.in','9876543212','987654',NULL,'$2y$10$lpJG8Fzpvu11h9ODuwdp5.8Lphzg.ZR0rO6OgjXb0Bh6raPlTTQZC',NULL,1,0,'2021-03-06 05:29:09','2021-03-15 11:22:31'),(66,'Axis','axis@skfin.in','9876543212','987654',NULL,'$2y$10$lpJG8Fzpvu11h9ODuwdp5.8Lphzg.ZR0rO6OgjXb0Bh6raPlTTQZC',NULL,1,0,'2021-03-06 05:29:09','2021-03-15 11:22:31'),(67,'ILFS','ilfs@skfin.in','9876543212','987654',NULL,'$2y$10$lpJG8Fzpvu11h9ODuwdp5.8Lphzg.ZR0rO6OgjXb0Bh6raPlTTQZC',NULL,1,0,'2021-03-06 05:29:09','2021-03-15 11:22:31'),(68,'Amar Singh','amar.singh@skfin.in','9358822389','209712',NULL,'$2y$10$NwlavmsFvYvu1gR4qNjsNO2qCUmGLFRhwHLFlGEMrY6De6dIkom3u','AkD4h6HhxwaaZnjw2Jh1Qm3uXETE6fqaHir0ROO0GndS3WpoFqYw857n42Os',1,0,'2021-03-15 11:32:08','2021-03-24 15:40:39'),(69,'Sumit Gupta','sumit.gupta@skfin.in','7023458880','209712',NULL,'$2y$10$FZ0.o5xU4VD7lDPY0WjzDu6N96Y3TDFqOPOGTSHBmcuUk/gPCeLTW','OInk9fEM9Yd2KqLekR0nt5DZVtKfN55zNz1dYjQ6aQ5HKVnWvv9y7t8tvXV0',1,0,'2021-03-15 11:32:08','2021-04-14 12:12:16'),(70,'Abhinav Gupta','abhinav.gupta@skfin.in','9314180725','209712',NULL,'$2y$10$thZypfnH5edpVQtCtv5BueJvMqizpmB6JdELgEZ2Se4MjlLGWAs2e','l107OlmhpJi40GcuUcCr7At6VewZ0gK1202bpKQtsba0NhXzQBcOTsoju3v3',1,1,'2021-03-15 11:32:08','2021-04-13 17:25:20'),(71,'Atul Arora','atul.arora@skfin.in','9358824579','209712',NULL,'$2y$10$2ZYWTQtZLZO6xB1Z9KwVb.CdUrnZIIzpIWX3RI3UOwV2QqR.I3LiK','LUOG1vzMmy7iPnsqzsyBwgRU3jBfygprdFHSluq9Yk4RErTgckxUlOoWqYzE',1,0,'2021-03-15 11:32:08','2021-03-15 11:32:08'),(75,'Himanshu','himanshu@skfin.in','8005565074','909722',NULL,'$2y$10$meqRhd5Mq05HwoW/lGPPkeNGdPLowLBWhYA3QTAuQ4diiIcyhNlYG','iQLk6dGPzywhBHGoVHI3bZYldcFF1exNz2suzo7iZi7D64lflR4rYxkPSWo2',1,0,'2021-03-30 14:56:05','2021-03-30 14:56:05'),(73,'Rajendra Kumar Setia','rajendra.setia@skfin.in','9358824584','209712',NULL,'$2y$10$2ZYWTQtZLZO6xB1Z9KwVb.CdUrnZIIzpIWX3RI3UOwV2QqR.I3LiK','idj1lKvsKN3GZ0Ju3UzH9ncQFgxfGSgwvfXGw3FvvodaYIXVGeZvLxp3TjSy',1,0,'2021-03-15 11:32:08','2021-03-15 11:32:08');
/*!40000 ALTER TABLE `users` ENABLE KEYS */;
UNLOCK TABLES;
/*!50112 SET @disable_bulk_load = IF (@is_rocksdb_supported, 'SET SESSION rocksdb_bulk_load = @old_rocksdb_bulk_load', 'SET @dummy_rocksdb_bulk_load = 0') */;
/*!50112 PREPARE s FROM @disable_bulk_load */;
/*!50112 EXECUTE s */;
/*!50112 DEALLOCATE PREPARE s */;
/*!40103 SET TIME_ZONE=@OLD_TIME_ZONE */;

/*!40101 SET SQL_MODE=@OLD_SQL_MODE */;
/*!40014 SET FOREIGN_KEY_CHECKS=@OLD_FOREIGN_KEY_CHECKS */;
/*!40014 SET UNIQUE_CHECKS=@OLD_UNIQUE_CHECKS */;
/*!40101 SET CHARACTER_SET_CLIENT=@OLD_CHARACTER_SET_CLIENT */;
/*!40101 SET CHARACTER_SET_RESULTS=@OLD_CHARACTER_SET_RESULTS */;
/*!40101 SET COLLATION_CONNECTION=@OLD_COLLATION_CONNECTION */;
/*!40111 SET SQL_NOTES=@OLD_SQL_NOTES */;

